ISO-10303-21;
HEADER;
FILE_DESCRIPTION (( 'STEP AP214' ),
    '1' );
FILE_NAME ('F1791FB7-8A88-423A-879B-5CBC861C11E0.STEP',
    '2026-06-14T20:51:23',
    ( '' ),
    ( '' ),
    'SwSTEP 2.0',
    'SolidWorks 2022',
    '' );
FILE_SCHEMA (( 'AUTOMOTIVE_DESIGN' ));
ENDSEC;

DATA;
#1 =( LENGTH_UNIT ( ) NAMED_UNIT ( * ) SI_UNIT ( .MILLI., .METRE. ) );
#2 = UNCERTAINTY_MEASURE_WITH_UNIT (LENGTH_MEASURE( 1.000000000000000082E-05 ), #5429, 'distance_accuracy_value', 'NONE');
#3 = VERTEX_POINT ( 'NONE', #6330 ) ;
#4 = FACE_OUTER_BOUND ( 'NONE', #2379, .T. ) ;
#5 = FACE_OUTER_BOUND ( 'NONE', #5255, .T. ) ;
#6 = EDGE_CURVE ( 'NONE', #1742, #5753, #1748, .T. ) ;
#7 = DIRECTION ( 'NONE',  ( 0.0000000000000000000, -0.06975647374411883539, -0.9975640502598246417 ) ) ;
#8 = ORIENTED_EDGE ( 'NONE', *, *, #3477, .F. ) ;
#9 = FILL_AREA_STYLE ('',( #5379 ) ) ;
#10 = CARTESIAN_POINT ( 'NONE',  ( -2.263500000000000956, 1.884379158839006418, 0.8249965812439996604 ) ) ;
#11 = VERTEX_POINT ( 'NONE', #1747 ) ;
#12 = ORIENTED_EDGE ( 'NONE', *, *, #1310, .T. ) ;
#13 = DIRECTION ( 'NONE',  ( -1.000000000000000000, -0.0000000000000000000, -0.0000000000000000000 ) ) ;
#14 = AXIS2_PLACEMENT_3D ( 'NONE', #1901, #2483, #2896 ) ;
#15 = CARTESIAN_POINT ( 'NONE',  ( -0.4300000000000000488, 1.972211458395209949, 0.7249887709224612786 ) ) ;
#16 = CARTESIAN_POINT ( 'NONE',  ( 0.8400000000000001910, -2.131749810527688638, 0.2997177738830835714 ) ) ;
#17 =( NAMED_UNIT ( * ) SI_UNIT ( $, .STERADIAN. ) SOLID_ANGLE_UNIT ( ) );
#18 = AXIS2_PLACEMENT_3D ( 'NONE', #3771, #2703, #5369 ) ;
#19 = VERTEX_POINT ( 'NONE', #213 ) ;
#20 = FILL_AREA_STYLE ('',( #5094 ) ) ;
#21 = DIRECTION ( 'NONE',  ( 0.0000000000000000000, -0.3907311284892751035, 0.9205048534524398196 ) ) ;
#22 = PRESENTATION_STYLE_ASSIGNMENT (( #493 ) ) ;
#23 = ORIENTED_EDGE ( 'NONE', *, *, #3830, .F. ) ;
#24 = LINE ( 'NONE', #2044, #3221 ) ;
#25 = PLANE ( 'NONE',  #6054 ) ;
#26 = ORIENTED_EDGE ( 'NONE', *, *, #4574, .F. ) ;
#27 = MECHANICAL_DESIGN_GEOMETRIC_PRESENTATION_REPRESENTATION (  '', ( #447 ), #1644 ) ;
#28 = DIRECTION ( 'NONE',  ( -1.000000000000000000, -0.0000000000000000000, -0.0000000000000000000 ) ) ;
#29 = PLANE ( 'NONE',  #6533 ) ;
#30 =( NAMED_UNIT ( * ) PLANE_ANGLE_UNIT ( ) SI_UNIT ( $, .RADIAN. ) );
#31 = EDGE_CURVE ( 'NONE', #5664, #4521, #2242, .T. ) ;
#32 = VECTOR ( 'NONE', #4390, 1000.000000000000000 ) ;
#33 = ORIENTED_EDGE ( 'NONE', *, *, #1365, .T. ) ;
#34 = CYLINDRICAL_SURFACE ( 'NONE', #4513, 0.1000000000000002554 ) ;
#35 = PRESENTATION_STYLE_ASSIGNMENT (( #2572 ) ) ;
#36 = SURFACE_STYLE_FILL_AREA ( #3569 ) ;
#37 = CARTESIAN_POINT ( 'NONE',  ( 1.437500000000000222, 1.012499999999999956, 0.1399999999999999856 ) ) ;
#38 = ADVANCED_FACE ( 'NONE', ( #4293 ), #29, .T. ) ;
#39 = VECTOR ( 'NONE', #1792, 1000.000000000000227 ) ;
#40 =( GEOMETRIC_REPRESENTATION_CONTEXT ( 3 ) GLOBAL_UNCERTAINTY_ASSIGNED_CONTEXT ( ( #1498 ) ) GLOBAL_UNIT_ASSIGNED_CONTEXT ( ( #4499, #6043, #5464 ) ) REPRESENTATION_CONTEXT ( 'NONE', 'WORKASPACE' ) );
#41 = DIRECTION ( 'NONE',  ( -1.000000000000000000, -0.0000000000000000000, -0.0000000000000000000 ) ) ;
#42 = CARTESIAN_POINT ( 'NONE',  ( -2.245982507821993934, 1.783982507821995300, 1.700000000000000400 ) ) ;
#43 = ADVANCED_FACE ( 'NONE', ( #2600 ), #2049, .T. ) ;
#44 = ORIENTED_EDGE ( 'NONE', *, *, #3818, .T. ) ;
#45 = CARTESIAN_POINT ( 'NONE',  ( 2.109999999999999876, -2.329878096209553551, 0.3270158033497920780 ) ) ;
#46 = LINE ( 'NONE', #2580, #511 ) ;
#47 = DIRECTION ( 'NONE',  ( 1.000000000000000000, 4.718795906488491143E-17, -5.793952833686142439E-18 ) ) ;
#48 = ORIENTED_EDGE ( 'NONE', *, *, #4897, .F. ) ;
#49 = VERTEX_POINT ( 'NONE', #3526 ) ;
#50 = DIRECTION ( 'NONE',  ( -0.0000000000000000000, -1.000000000000000000, 1.234386826208250825E-15 ) ) ;
#51 = EDGE_CURVE ( 'NONE', #2099, #4554, #5068, .T. ) ;
#52 = CARTESIAN_POINT ( 'NONE',  ( 0.0000000000000000000, 0.0000000000000000000, 0.0000000000000000000 ) ) ;
#53 =( GEOMETRIC_REPRESENTATION_CONTEXT ( 3 ) GLOBAL_UNCERTAINTY_ASSIGNED_CONTEXT ( ( #1760 ) ) GLOBAL_UNIT_ASSIGNED_CONTEXT ( ( #1113, #3514, #2680 ) ) REPRESENTATION_CONTEXT ( 'NONE', 'WORKASPACE' ) );
#54 = DIRECTION ( 'NONE',  ( 0.0000000000000000000, 0.3907311284892784342, -0.9205048534524382653 ) ) ;
#55 = CARTESIAN_POINT ( 'NONE',  ( 0.4300000000000000488, 2.421966591676075975, 0.2409084130571637061 ) ) ;
#56 = CARTESIAN_POINT ( 'NONE',  ( 2.245982507821992158, 1.806942131948886088, 1.655661894794970612 ) ) ;
#57 = ORIENTED_EDGE ( 'NONE', *, *, #3849, .F. ) ;
#58 = DIRECTION ( 'NONE',  ( -1.000000000000000000, -0.0000000000000000000, -0.0000000000000000000 ) ) ;
#59 = AXIS2_PLACEMENT_3D ( 'NONE', #545, #5604, #5638 ) ;
#60 = CARTESIAN_POINT ( 'NONE',  ( 2.268942131948886054, -1.760289314186902931, 0.1943381052050225932 ) ) ;
#61 = LINE ( 'NONE', #4027, #4395 ) ;
#62 = ORIENTED_EDGE ( 'NONE', *, *, #5804, .F. ) ;
#63 =( NAMED_UNIT ( * ) PLANE_ANGLE_UNIT ( ) SI_UNIT ( $, .RADIAN. ) );
#64 = VERTEX_POINT ( 'NONE', #66 ) ;
#65 = CARTESIAN_POINT ( 'NONE',  ( 2.325682208799348505, 1.884270918623760505, 1.026767660639601454 ) ) ;
#66 = CARTESIAN_POINT ( 'NONE',  ( -0.4300000000000000488, 3.000000000000000444, -4.539491095799740721E-18 ) ) ;
#67 = FACE_OUTER_BOUND ( 'NONE', #2382, .T. ) ;
#68 = UNCERTAINTY_MEASURE_WITH_UNIT (LENGTH_MEASURE( 1.000000000000000082E-05 ), #2757, 'distance_accuracy_value', 'NONE');
#69 = ORIENTED_EDGE ( 'NONE', *, *, #3189, .F. ) ;
#70 = DIRECTION ( 'NONE',  ( 0.0000000000000000000, 0.9975640502598247528, -0.06975647374411841906 ) ) ;
#71 = SURFACE_STYLE_FILL_AREA ( #3603 ) ;
#72 = VECTOR ( 'NONE', #4855, 1000.000000000000000 ) ;
#73 =( NAMED_UNIT ( * ) SI_UNIT ( $, .STERADIAN. ) SOLID_ANGLE_UNIT ( ) );
#74 = EDGE_CURVE ( 'NONE', #6523, #4054, #1095, .T. ) ;
#75 =( NAMED_UNIT ( * ) SI_UNIT ( $, .STERADIAN. ) SOLID_ANGLE_UNIT ( ) );
#76 = EDGE_CURVE ( 'NONE', #489, #5925, #4665, .T. ) ;
#77 = ORIENTED_EDGE ( 'NONE', *, *, #6186, .T. ) ;
#78 =( LENGTH_UNIT ( ) NAMED_UNIT ( * ) SI_UNIT ( .MILLI., .METRE. ) );
#79 = CARTESIAN_POINT ( 'NONE',  ( 0.8400000000000001910, 1.972211458395209505, 1.024988770922461212 ) ) ;
#80 = ORIENTED_EDGE ( 'NONE', *, *, #2798, .F. ) ;
#81 = CARTESIAN_POINT ( 'NONE',  ( -0.8400000000000001910, 2.408015296927251470, 0.04139560300519887909 ) ) ;
#82 = APPLICATION_PROTOCOL_DEFINITION ( 'draft international standard', 'automotive_design', 1998, #5088 ) ;
#83 = SURFACE_STYLE_FILL_AREA ( #513 ) ;
#84 = CYLINDRICAL_SURFACE ( 'NONE', #4138, 0.05000000000000012768 ) ;
#85 = DIRECTION ( 'NONE',  ( 1.000000000000000000, 4.718795906488491143E-17, -5.793952833686142439E-18 ) ) ;
#86 = ORIENTED_EDGE ( 'NONE', *, *, #5044, .T. ) ;
#87 = VECTOR ( 'NONE', #1669, 1000.000000000000000 ) ;
#88 = CARTESIAN_POINT ( 'NONE',  ( 2.109999999999999876, 2.421966591676075975, 0.2409084130571637061 ) ) ;
#89 = CARTESIAN_POINT ( 'NONE',  ( 2.265916554534186389, -1.789265374743145065, 0.1963527423377145753 ) ) ;
#90 = VERTEX_POINT ( 'NONE', #2146 ) ;
#91 = CARTESIAN_POINT ( 'NONE',  ( 2.346270918623760693, 1.863682208799348317, 1.026767660639601454 ) ) ;
#92 = AXIS2_PLACEMENT_3D ( 'NONE', #1454, #5032, #470 ) ;
#93 = CARTESIAN_POINT ( 'NONE',  ( -0.8400000000000003020, 2.421966591676075087, 0.2409084130571637894 ) ) ;
#94 = DIRECTION ( 'NONE',  ( 0.0000000000000000000, 0.1364901473335441706, 0.9906414284093247868 ) ) ;
#95 = DIRECTION ( 'NONE',  ( 0.0000000000000000000, 0.0000000000000000000, 1.000000000000000000 ) ) ;
#96 =( BOUNDED_SURFACE ( )  B_SPLINE_SURFACE ( 3, 3, ( 
 ( #3371, #3848, #3921, #385 ),
 ( #5391, #4988, #1472, #3474 ),
 ( #1843, #5977, #2461, #6004 ),
 ( #3403, #2430, #4462, #1398 ) ),
 .UNSPECIFIED., .F., .F., .F. ) 
 B_SPLINE_SURFACE_WITH_KNOTS ( ( 4, 4 ),
 ( 4, 4 ),
 ( 0.0000000000000000000, 1.000000000000000000 ),
 ( 0.0000000000000000000, 1.000000000000000000 ),
 .UNSPECIFIED. ) 
 GEOMETRIC_REPRESENTATION_ITEM ( )  RATIONAL_B_SPLINE_SURFACE ( (
 ( 1.000000000000000000, 0.8307126645170456181, 0.8307126645170456181, 1.000000000000000000),
 ( 0.8307126645170452850, 0.6900835309890093194, 0.6900835309890093194, 0.8307126645170452850),
 ( 0.8307126645170452850, 0.6900835309890093194, 0.6900835309890093194, 0.8307126645170452850),
 ( 1.000000000000000000, 0.8307126645170456181, 0.8307126645170456181, 1.000000000000000000) ) ) 
 REPRESENTATION_ITEM ( '' )  SURFACE ( )  );
#97 = EDGE_LOOP ( 'NONE', ( #2979, #1657, #4946, #942 ) ) ;
#98 = CARTESIAN_POINT ( 'NONE',  ( -1.699999999999999956, -1.884379578609461259, 0.3406648180831462480 ) ) ;
#99 = DIRECTION ( 'NONE',  ( 0.1209742911513553426, -0.1209742911513546626, 0.9852565360152929497 ) ) ;
#100 = FACE_OUTER_BOUND ( 'NONE', #6178, .T. ) ;
#101 =( NAMED_UNIT ( * ) SI_UNIT ( $, .STERADIAN. ) SOLID_ANGLE_UNIT ( ) );
#102 = FILL_AREA_STYLE_COLOUR ( '', #909 ) ;
#103 = ORIENTED_EDGE ( 'NONE', *, *, #6164, .T. ) ;
#104 = DIRECTION ( 'NONE',  ( 0.0000000000000000000, -1.234386826208250825E-15, 1.000000000000000000 ) ) ;
#105 = CARTESIAN_POINT ( 'NONE',  ( -2.297478555712157533, -1.885105863294223916, 1.019084885921961225 ) ) ;
#106 = DIRECTION ( 'NONE',  ( 0.0000000000000000000, 0.0000000000000000000, 1.000000000000000000 ) ) ;
#107 = EDGE_LOOP ( 'NONE', ( #6313, #4033, #2743, #5764 ) ) ;
#108 = ORIENTED_EDGE ( 'NONE', *, *, #3067, .F. ) ;
#109 = MECHANICAL_DESIGN_GEOMETRIC_PRESENTATION_REPRESENTATION (  '', ( #434 ), #2873 ) ;
#110 = FILL_AREA_STYLE_COLOUR ( '', #5901 ) ;
#111 = EDGE_CURVE ( 'NONE', #1323, #4247, #466, .T. ) ;
#112 = EDGE_CURVE ( 'NONE', #2852, #1162, #1439, .T. ) ;
#113 = FILL_AREA_STYLE_COLOUR ( '', #3478 ) ;
#114 = PRESENTATION_STYLE_ASSIGNMENT (( #2652 ) ) ;
#115 = PRESENTATION_LAYER_ASSIGNMENT (  '', '', ( #4164 ) ) ;
#116 = EDGE_CURVE ( 'NONE', #2542, #3463, #1326, .T. ) ;
#117 = ORIENTED_EDGE ( 'NONE', *, *, #669, .F. ) ;
#118 = CARTESIAN_POINT ( 'NONE',  ( 0.8400000000000001910, -2.071275601236143071, 0.7386377856558151711 ) ) ;
#119 = ORIENTED_EDGE ( 'NONE', *, *, #1129, .T. ) ;
#120 = MECHANICAL_DESIGN_GEOMETRIC_PRESENTATION_REPRESENTATION (  '', ( #1955 ), #445 ) ;
#121 = DIRECTION ( 'NONE',  ( -0.0000000000000000000, 0.06975647374411841906, 0.9975640502598247528 ) ) ;
#122 = DIRECTION ( 'NONE',  ( 0.0000000000000000000, -0.9975640502598247528, -0.06975647374411884927 ) ) ;
#123 = ORIENTED_EDGE ( 'NONE', *, *, #3475, .F. ) ;
#124 = DIRECTION ( 'NONE',  ( -1.203666025518184160E-16, 1.000000000000000000, 0.0000000000000000000 ) ) ;
#125 = CARTESIAN_POINT ( 'NONE',  ( -0.8400000000000001910, -2.428942239050485341, 0.8249887709224618115 ) ) ;
#126 = DIRECTION ( 'NONE',  ( 0.0000000000000000000, -0.1364901473335445314, 0.9906414284093246758 ) ) ;
#127 = SURFACE_STYLE_USAGE ( .BOTH. , #5747 ) ;
#128 = APPLICATION_CONTEXT ( 'automotive_design' ) ;
#129 = LINE ( 'NONE', #4204, #490 ) ;
#130 = UNCERTAINTY_MEASURE_WITH_UNIT (LENGTH_MEASURE( 1.000000000000000082E-05 ), #3443, 'distance_accuracy_value', 'NONE');
#131 = ORIENTED_EDGE ( 'NONE', *, *, #2729, .F. ) ;
#132 = SURFACE_STYLE_USAGE ( .BOTH. , #1668 ) ;
#133 = VECTOR ( 'NONE', #3179, 1000.000000000000114 ) ;
#134 = LINE ( 'NONE', #2258, #6373 ) ;
#135 = CYLINDRICAL_SURFACE ( 'NONE', #277, 0.05000000000000012768 ) ;
#136 = ORIENTED_EDGE ( 'NONE', *, *, #4243, .T. ) ;
#137 = CIRCLE ( 'NONE', #2079, 0.04999999999999991257 ) ;
#138 = VERTEX_POINT ( 'NONE', #5304 ) ;
#139 = EDGE_CURVE ( 'NONE', #3070, #4248, #1721, .T. ) ;
#140 = CARTESIAN_POINT ( 'NONE',  ( 2.219263736772202567, 1.757263736772203044, 0.1999999999999999833 ) ) ;
#141 = ORIENTED_EDGE ( 'NONE', *, *, #4764, .T. ) ;
#142 = EDGE_LOOP ( 'NONE', ( #2480, #5491, #5378, #319 ) ) ;
#143 = CARTESIAN_POINT ( 'NONE',  ( 2.109999999999999876, 2.428942239050485785, 0.3406648180831462480 ) ) ;
#144 = VECTOR ( 'NONE', #2497, 1000.000000000000000 ) ;
#145 = LINE ( 'NONE', #677, #1426 ) ;
#146 = CARTESIAN_POINT ( 'NONE',  ( -0.4300000000000000488, 1.972211458395209949, 0.7249887709224612786 ) ) ;
#147 =( NAMED_UNIT ( * ) SI_UNIT ( $, .STERADIAN. ) SOLID_ANGLE_UNIT ( ) );
#148 = DIRECTION ( 'NONE',  ( 0.0000000000000000000, -1.234386826208250825E-15, -1.000000000000000000 ) ) ;
#149 = ORIENTED_EDGE ( 'NONE', *, *, #1216, .T. ) ;
#150 = DIRECTION ( 'NONE',  ( 0.0000000000000000000, 0.0000000000000000000, 1.000000000000000000 ) ) ;
#151 = SURFACE_STYLE_FILL_AREA ( #5329 ) ;
#152 = AXIS2_PLACEMENT_3D ( 'NONE', #484, #4949, #2424 ) ;
#153 = ORIENTED_EDGE ( 'NONE', *, *, #2398, .F. ) ;
#154 = CARTESIAN_POINT ( 'NONE',  ( 0.8400000000000001910, 1.972211458395209505, 0.8249887709224612564 ) ) ;
#155 = CARTESIAN_POINT ( 'NONE',  ( -0.4300000000000000488, 2.071275601236143071, 0.7386377856558155042 ) ) ;
#156 = PRESENTATION_STYLE_ASSIGNMENT (( #2997 ) ) ;
#157 = EDGE_CURVE ( 'NONE', #5528, #1551, #4232, .T. ) ;
#158 = CARTESIAN_POINT ( 'NONE',  ( -2.297478555712157089, -1.835478555712157789, 1.012991418751703732 ) ) ;
#159 = ORIENTED_EDGE ( 'NONE', *, *, #2700, .T. ) ;
#160 = CARTESIAN_POINT ( 'NONE',  ( 1.437500000000000000, -1.012499999999999956, 0.1399999999999999856 ) ) ;
#161 = FILL_AREA_STYLE_COLOUR ( '', #4385 ) ;
#162 = CARTESIAN_POINT ( 'NONE',  ( -0.4300000000000000488, -1.972211458395208616, 1.024988770922461212 ) ) ;
#163 = DIRECTION ( 'NONE',  ( -1.000000000000000000, -0.0000000000000000000, -0.0000000000000000000 ) ) ;
#164 = ORIENTED_EDGE ( 'NONE', *, *, #1013, .F. ) ;
#165 = ORIENTED_EDGE ( 'NONE', *, *, #5549, .F. ) ;
#166 = CYLINDRICAL_SURFACE ( 'NONE', #6244, 0.04999999999999991257 ) ;
#167 =( GEOMETRIC_REPRESENTATION_CONTEXT ( 3 ) GLOBAL_UNCERTAINTY_ASSIGNED_CONTEXT ( ( #1135 ) ) GLOBAL_UNIT_ASSIGNED_CONTEXT ( ( #1450, #1857, #2951 ) ) REPRESENTATION_CONTEXT ( 'NONE', 'WORKASPACE' ) );
#168 = CARTESIAN_POINT ( 'NONE',  ( -2.266141200185049609, -1.798262631157987013, 1.513211044644649395 ) ) ;
#169 = CARTESIAN_POINT ( 'NONE',  ( -1.699999999999999956, -1.972211458395209949, 0.8249887709224614785 ) ) ;
#170 = FACE_OUTER_BOUND ( 'NONE', #2228, .T. ) ;
#171 = AXIS2_PLACEMENT_3D ( 'NONE', #2018, #4927, #4441 ) ;
#172 = ORIENTED_EDGE ( 'NONE', *, *, #4599, .T. ) ;
#173 = VECTOR ( 'NONE', #6360, 1000.000000000000227 ) ;
#174 = ORIENTED_EDGE ( 'NONE', *, *, #2875, .F. ) ;
#175 =( GEOMETRIC_REPRESENTATION_CONTEXT ( 3 ) GLOBAL_UNCERTAINTY_ASSIGNED_CONTEXT ( ( #329 ) ) GLOBAL_UNIT_ASSIGNED_CONTEXT ( ( #4253, #3127, #6224 ) ) REPRESENTATION_CONTEXT ( 'NONE', 'WORKASPACE' ) );
#176 = AXIS2_PLACEMENT_3D ( 'NONE', #1109, #3087, #5562 ) ;
#177 = LINE ( 'NONE', #208, #6119 ) ;
#178 = CARTESIAN_POINT ( 'NONE',  ( 0.8400000000000001910, 2.428942239050485785, 0.3406648180831462480 ) ) ;
#179 = FILL_AREA_STYLE_COLOUR ( '', #4289 ) ;
#180 = DIRECTION ( 'NONE',  ( 1.203666025518184160E-16, -1.000000000000000000, -0.0000000000000000000 ) ) ;
#181 = ORIENTED_EDGE ( 'NONE', *, *, #531, .T. ) ;
#182 = AXIS2_PLACEMENT_3D ( 'NONE', #6575, #5618, #2027 ) ;
#183 = DIRECTION ( 'NONE',  ( 1.000000000000000000, 0.0000000000000000000, 0.0000000000000000000 ) ) ;
#184 = SURFACE_SIDE_STYLE ('',( #151 ) ) ;
#185 = UNCERTAINTY_MEASURE_WITH_UNIT (LENGTH_MEASURE( 1.000000000000000082E-05 ), #3235, 'distance_accuracy_value', 'NONE');
#186 = ORIENTED_EDGE ( 'NONE', *, *, #1424, .F. ) ;
#187 = CARTESIAN_POINT ( 'NONE',  ( -2.219263736772202567, 1.757263736772203044, 1.650000000000000355 ) ) ;
#188 =( NAMED_UNIT ( * ) PLANE_ANGLE_UNIT ( ) SI_UNIT ( $, .RADIAN. ) );
#189 = DIRECTION ( 'NONE',  ( 1.000000000000000000, -0.0000000000000000000, 0.0000000000000000000 ) ) ;
#190 = EDGE_CURVE ( 'NONE', #3834, #3685, #2697, .T. ) ;
#191 = FACE_OUTER_BOUND ( 'NONE', #5445, .T. ) ;
#192 = COLOUR_RGB ( '',0.8862745098039215286, 0.8862745098039215286, 0.8862745098039215286 ) ;
#193 = CARTESIAN_POINT ( 'NONE',  ( 1.700000000000000178, 2.428942239050485785, 0.3406648180831462480 ) ) ;
#194 = UNCERTAINTY_MEASURE_WITH_UNIT (LENGTH_MEASURE( 1.000000000000000082E-05 ), #1826, 'distance_accuracy_value', 'NONE');
#195 = ORIENTED_EDGE ( 'NONE', *, *, #3746, .T. ) ;
#196 = SURFACE_STYLE_FILL_AREA ( #728 ) ;
#197 = DIRECTION ( 'NONE',  ( -0.0000000000000000000, 1.000000000000000000, -0.0000000000000000000 ) ) ;
#198 = EDGE_CURVE ( 'NONE', #2720, #2247, #6333, .T. ) ;
#199 = LINE ( 'NONE', #105, #6480 ) ;
#200 = CARTESIAN_POINT ( 'NONE',  ( 2.268942131948885166, -1.349561985275090192, 1.655507998188511909 ) ) ;
#201 = EDGE_LOOP ( 'NONE', ( #664, #2268, #4812, #103 ) ) ;
#202 = ORIENTED_EDGE ( 'NONE', *, *, #112, .T. ) ;
#203 = PLANE ( 'NONE',  #3682 ) ;
#204 = PRESENTATION_STYLE_ASSIGNMENT (( #5762 ) ) ;
#205 = EDGE_LOOP ( 'NONE', ( #5341, #5957, #1888, #2176 ) ) ;
#206 =( BOUNDED_SURFACE ( )  B_SPLINE_SURFACE ( 3, 3, ( 
 ( #297, #3242, #819, #5882 ),
 ( #2343, #4303, #3733, #1756 ),
 ( #3345, #3279, #2826, #5401 ),
 ( #3828, #5778, #6337, #4374 ) ),
 .UNSPECIFIED., .F., .F., .F. ) 
 B_SPLINE_SURFACE_WITH_KNOTS ( ( 4, 4 ),
 ( 4, 4 ),
 ( 0.0000000000000000000, 1.000000000000000000 ),
 ( 0.0000000000000000000, 1.000000000000000000 ),
 .UNSPECIFIED. ) 
 GEOMETRIC_REPRESENTATION_ITEM ( )  RATIONAL_B_SPLINE_SURFACE ( (
 ( 1.000000000000000000, 0.9864559332266660263, 0.9864559332266660263, 1.000000000000000000),
 ( 0.8307126645170490598, 0.8194614367193759907, 0.8194614367193759907, 0.8307126645170490598),
 ( 0.8307126645170490598, 0.8194614367193759907, 0.8194614367193759907, 0.8307126645170490598),
 ( 1.000000000000000000, 0.9864559332266660263, 0.9864559332266660263, 1.000000000000000000) ) ) 
 REPRESENTATION_ITEM ( '' )  SURFACE ( )  );
#207 = ORIENTED_EDGE ( 'NONE', *, *, #5598, .F. ) ;
#208 = CARTESIAN_POINT ( 'NONE',  ( -2.263500000000000956, 1.884378878992036821, 0.8249943020733323529 ) ) ;
#209 = LINE ( 'NONE', #1151, #4707 ) ;
#210 = SURFACE_STYLE_USAGE ( .BOTH. , #4722 ) ;
#211 = CARTESIAN_POINT ( 'NONE',  ( -1.699999999999999956, 1.884378199852105862, 0.8249887709224611454 ) ) ;
#212 = DIRECTION ( 'NONE',  ( 0.0000000000000000000, 1.000000000000000000, 0.0000000000000000000 ) ) ;
#213 = CARTESIAN_POINT ( 'NONE',  ( -0.8400000000000001910, 1.972211458395209061, 1.024988770922461434 ) ) ;
#214 = CARTESIAN_POINT ( 'NONE',  ( 0.4300000000000000488, -2.428942239050485341, 0.8249887709224618115 ) ) ;
#215 = PRESENTATION_LAYER_ASSIGNMENT (  '', '', ( #742 ) ) ;
#216 = EDGE_CURVE ( 'NONE', #2239, #138, #5147, .T. ) ;
#217 =( NAMED_UNIT ( * ) PLANE_ANGLE_UNIT ( ) SI_UNIT ( $, .RADIAN. ) );
#218 = CARTESIAN_POINT ( 'NONE',  ( -0.8400000000000001910, -2.071275601236143071, 0.7386377856558151711 ) ) ;
#219 = ORIENTED_EDGE ( 'NONE', *, *, #2213, .T. ) ;
#220 = EDGE_CURVE ( 'NONE', #5061, #6212, #3212, .T. ) ;
#221 = DIRECTION ( 'NONE',  ( -1.000000000000000000, -0.0000000000000000000, -0.0000000000000000000 ) ) ;
#222 = DIRECTION ( 'NONE',  ( 0.0000000000000000000, 0.0000000000000000000, 1.000000000000000000 ) ) ;
#223 = DIRECTION ( 'NONE',  ( 1.000000000000000000, 0.0000000000000000000, 0.0000000000000000000 ) ) ;
#224 = DIRECTION ( 'NONE',  ( 1.000000000000000000, 0.0000000000000000000, 0.0000000000000000000 ) ) ;
#225 = SURFACE_STYLE_FILL_AREA ( #4737 ) ;
#226 = CIRCLE ( 'NONE', #5017, 0.09999999999999988065 ) ;
#227 = DIRECTION ( 'NONE',  ( 1.000000000000000000, 0.0000000000000000000, 0.0000000000000000000 ) ) ;
#228 = EDGE_CURVE ( 'NONE', #11, #1324, #5588, .T. ) ;
#229 = VECTOR ( 'NONE', #1319, 1000.000000000000000 ) ;
#230 = VERTEX_POINT ( 'NONE', #2698 ) ;
#231 = ADVANCED_FACE ( 'NONE', ( #3766 ), #3274, .T. ) ;
#232 = DIRECTION ( 'NONE',  ( -1.000000000000000000, -0.0000000000000000000, -0.0000000000000000000 ) ) ;
#233 = CARTESIAN_POINT ( 'NONE',  ( -1.699999999999999956, 3.013951294748823617, 0.1995128100519649172 ) ) ;
#234 = DIRECTION ( 'NONE',  ( 1.000000000000000000, 4.789936701946120954E-17, 0.0000000000000000000 ) ) ;
#235 = ORIENTED_EDGE ( 'NONE', *, *, #3736, .T. ) ;
#236 = VERTEX_POINT ( 'NONE', #1297 ) ;
#237 = COLOUR_RGB ( '',0.8784313725490195957, 0.8784313725490195957, 0.8784313725490195957 ) ;
#238 = EDGE_CURVE ( 'NONE', #727, #1543, #1687, .T. ) ;
#239 = CARTESIAN_POINT ( 'NONE',  ( -0.4300000000000000488, -2.428942239050485785, 0.3406648180831462480 ) ) ;
#240 = MECHANICAL_DESIGN_GEOMETRIC_PRESENTATION_REPRESENTATION (  '', ( #3096 ), #5259 ) ;
#241 =( NAMED_UNIT ( * ) PLANE_ANGLE_UNIT ( ) SI_UNIT ( $, .RADIAN. ) );
#242 = ORIENTED_EDGE ( 'NONE', *, *, #5993, .T. ) ;
#243 = VERTEX_POINT ( 'NONE', #5364 ) ;
#244 = COLOUR_RGB ( '',0.8784313725490195957, 0.8784313725490195957, 0.8784313725490195957 ) ;
#245 = EDGE_CURVE ( 'NONE', #1514, #731, #5742, .T. ) ;
#246 = DIRECTION ( 'NONE',  ( 0.0000000000000000000, -0.06975647374411883539, -0.9975640502598246417 ) ) ;
#247 = FACE_OUTER_BOUND ( 'NONE', #6045, .T. ) ;
#248 = VECTOR ( 'NONE', #2474, 1000.000000000000000 ) ;
#249 = DIRECTION ( 'NONE',  ( 0.0000000000000000000, 0.1364901473335441706, -0.9906414284093247868 ) ) ;
#250 = DIRECTION ( 'NONE',  ( 0.0000000000000000000, 0.0000000000000000000, -1.000000000000000000 ) ) ;
#251 = SURFACE_SIDE_STYLE ('',( #5770 ) ) ;
#252 = ORIENTED_EDGE ( 'NONE', *, *, #5176, .F. ) ;
#253 = LINE ( 'NONE', #2269, #3690 ) ;
#254 = SURFACE_STYLE_FILL_AREA ( #745 ) ;
#255 = VERTEX_POINT ( 'NONE', #644 ) ;
#256 = CARTESIAN_POINT ( 'NONE',  ( 2.109999999999999876, -2.421966591676075975, 0.2409084130571637894 ) ) ;
#257 = LINE ( 'NONE', #5920, #3248 ) ;
#258 =( GEOMETRIC_REPRESENTATION_CONTEXT ( 3 ) GLOBAL_UNCERTAINTY_ASSIGNED_CONTEXT ( ( #858 ) ) GLOBAL_UNIT_ASSIGNED_CONTEXT ( ( #5462, #2820, #4399 ) ) REPRESENTATION_CONTEXT ( 'NONE', 'WORKASPACE' ) );
#259 = FACE_OUTER_BOUND ( 'NONE', #4577, .T. ) ;
#260 = VECTOR ( 'NONE', #5665, 1000.000000000000000 ) ;
#261 = UNCERTAINTY_MEASURE_WITH_UNIT (LENGTH_MEASURE( 1.000000000000000082E-05 ), #1624, 'distance_accuracy_value', 'NONE');
#262 = ORIENTED_EDGE ( 'NONE', *, *, #2438, .F. ) ;
#263 = CARTESIAN_POINT ( 'NONE',  ( 2.109999999999999876, 2.329878096209553551, 0.3270158033497921335 ) ) ;
#264 = CARTESIAN_POINT ( 'NONE',  ( 2.109999999999999876, 2.071275601236143071, 0.7386377856558155042 ) ) ;
#265 = DIRECTION ( 'NONE',  ( 0.0000000000000000000, 0.0000000000000000000, -1.000000000000000000 ) ) ;
#266 = EDGE_CURVE ( 'NONE', #4416, #4746, #6266, .T. ) ;
#267 = VECTOR ( 'NONE', #2065, 1000.000000000000000 ) ;
#268 = ORIENTED_EDGE ( 'NONE', *, *, #5550, .F. ) ;
#269 = FILL_AREA_STYLE ('',( #4837 ) ) ;
#270 = PRESENTATION_LAYER_ASSIGNMENT (  '', '', ( #4002 ) ) ;
#271 = PRESENTATION_STYLE_ASSIGNMENT (( #6413 ) ) ;
#272 = SURFACE_STYLE_FILL_AREA ( #4842 ) ;
#273 = DIRECTION ( 'NONE',  ( 2.407332051036368319E-16, -1.000000000000000000, 0.0000000000000000000 ) ) ;
#274 = ORIENTED_EDGE ( 'NONE', *, *, #5373, .T. ) ;
#275 = EDGE_CURVE ( 'NONE', #3251, #6500, #951, .T. ) ;
#276 = VERTEX_POINT ( 'NONE', #3853 ) ;
#277 = AXIS2_PLACEMENT_3D ( 'NONE', #2194, #6246, #6445 ) ;
#278 = COLOUR_RGB ( '',0.8784313725490195957, 0.8784313725490195957, 0.8784313725490195957 ) ;
#279 = VECTOR ( 'NONE', #1988, 1000.000000000000000 ) ;
#280 =( LENGTH_UNIT ( ) NAMED_UNIT ( * ) SI_UNIT ( .MILLI., .METRE. ) );
#281 = CARTESIAN_POINT ( 'NONE',  ( -2.346270918623760249, 1.863682208799348983, 1.026767660639602786 ) ) ;
#282 = VECTOR ( 'NONE', #1260, 1000.000000000000114 ) ;
#283 = CARTESIAN_POINT ( 'NONE',  ( -2.265916554534189498, 1.774475332177465559, 0.1677911918680918824 ) ) ;
#284 =( NAMED_UNIT ( * ) SI_UNIT ( $, .STERADIAN. ) SOLID_ANGLE_UNIT ( ) );
#285 = EDGE_CURVE ( 'NONE', #3105, #1733, #6527, .T. ) ;
#286 = DIRECTION ( 'NONE',  ( 0.0000000000000000000, -0.06975647374411883539, -0.9975640502598246417 ) ) ;
#287 = ORIENTED_EDGE ( 'NONE', *, *, #840, .T. ) ;
#288 = CIRCLE ( 'NONE', #2636, 0.1000000000000002554 ) ;
#289 = CARTESIAN_POINT ( 'NONE',  ( -1.699999999999999956, -1.884379560450189173, 0.8249943947934581523 ) ) ;
#290 = VECTOR ( 'NONE', #1903, 1000.000000000000000 ) ;
#291 = FILL_AREA_STYLE ('',( #391 ) ) ;
#292 = DIRECTION ( 'NONE',  ( 0.0000000000000000000, 0.0000000000000000000, 1.000000000000000000 ) ) ;
#293 = FACE_OUTER_BOUND ( 'NONE', #3832, .T. ) ;
#294 = ORIENTED_EDGE ( 'NONE', *, *, #245, .F. ) ;
#295 = CARTESIAN_POINT ( 'NONE',  ( -1.699999999999999956, 1.884379578609461259, 1.025000000000000133 ) ) ;
#296 = DIRECTION ( 'NONE',  ( -0.1209742911513548291, -0.1209742911513548291, -0.9852565360152931717 ) ) ;
#297 = CARTESIAN_POINT ( 'NONE',  ( -2.219263736772202567, -1.348042813803150386, 1.700000000000000178 ) ) ;
#298 = AXIS2_PLACEMENT_3D ( 'NONE', #6023, #5412, #1827 ) ;
#299 = DIRECTION ( 'NONE',  ( 1.000000000000000000, 0.0000000000000000000, 0.0000000000000000000 ) ) ;
#300 = SURFACE_SIDE_STYLE ('',( #4443 ) ) ;
#301 = ORIENTED_EDGE ( 'NONE', *, *, #2486, .T. ) ;
#302 = LINE ( 'NONE', #3900, #1471 ) ;
#303 = PRESENTATION_LAYER_ASSIGNMENT (  '', '', ( #938 ) ) ;
#304 = VERTEX_POINT ( 'NONE', #3446 ) ;
#305 = CARTESIAN_POINT ( 'NONE',  ( -1.699999999999999956, 3.000000000000000000, 0.0000000000000000000 ) ) ;
#306 = STYLED_ITEM ( 'NONE', ( #2956 ), #4680 ) ;
#307 = DIRECTION ( 'NONE',  ( 0.0000000000000000000, -0.1364901473335454474, 0.9906414284093245648 ) ) ;
#308 = FILL_AREA_STYLE_COLOUR ( '', #399 ) ;
#309 = EDGE_CURVE ( 'NONE', #2557, #1986, #2404, .T. ) ;
#310 = LINE ( 'NONE', #5965, #5894 ) ;
#311 = ORIENTED_EDGE ( 'NONE', *, *, #926, .F. ) ;
#312 = EDGE_CURVE ( 'NONE', #4248, #4198, #2434, .T. ) ;
#313 = EDGE_CURVE ( 'NONE', #4416, #685, #889, .T. ) ;
#314 = CARTESIAN_POINT ( 'NONE',  ( -2.346378889230782860, 1.834565235439751474, 1.025005614538770704 ) ) ;
#315 = CARTESIAN_POINT ( 'NONE',  ( 2.109999999999999876, -2.269403886918007984, 0.7659358151225240663 ) ) ;
#316 = DIRECTION ( 'NONE',  ( 0.9925461516413219831, -0.0000000000000000000, 0.1218693434051477259 ) ) ;
#317 = ADVANCED_FACE ( 'NONE', ( #6464 ), #921, .T. ) ;
#318 = FACE_OUTER_BOUND ( 'NONE', #6172, .T. ) ;
#319 = ORIENTED_EDGE ( 'NONE', *, *, #31, .T. ) ;
#320 = LINE ( 'NONE', #2819, #72 ) ;
#321 = LINE ( 'NONE', #920, #3652 ) ;
#322 = PLANE ( 'NONE',  #976 ) ;
#323 = ORIENTED_EDGE ( 'NONE', *, *, #116, .F. ) ;
#324 = CYLINDRICAL_SURFACE ( 'NONE', #3319, 0.04999999999999991257 ) ;
#325 = CARTESIAN_POINT ( 'NONE',  ( 0.8400000000000001910, -3.013951294748823617, 0.1995128100519649172 ) ) ;
#326 = CIRCLE ( 'NONE', #5884, 0.2999999999999998779 ) ;
#327 = FILL_AREA_STYLE_COLOUR ( '', #4007 ) ;
#328 = MECHANICAL_DESIGN_GEOMETRIC_PRESENTATION_REPRESENTATION (  '', ( #4174 ), #5019 ) ;
#329 = UNCERTAINTY_MEASURE_WITH_UNIT (LENGTH_MEASURE( 1.000000000000000082E-05 ), #4253, 'distance_accuracy_value', 'NONE');
#330 = ORIENTED_EDGE ( 'NONE', *, *, #2054, .T. ) ;
#331 = DIRECTION ( 'NONE',  ( 0.0000000000000000000, -0.06975647374411883539, -0.9975640502598246417 ) ) ;
#332 = VECTOR ( 'NONE', #5685, 1000.000000000000000 ) ;
#333 =( NAMED_UNIT ( * ) SI_UNIT ( $, .STERADIAN. ) SOLID_ANGLE_UNIT ( ) );
#334 = ORIENTED_EDGE ( 'NONE', *, *, #4931, .F. ) ;
#335 = VERTEX_POINT ( 'NONE', #4467 ) ;
#336 = SURFACE_STYLE_USAGE ( .BOTH. , #1496 ) ;
#337 = STYLED_ITEM ( 'NONE', ( #5934 ), #5739 ) ;
#338 =( LENGTH_UNIT ( ) NAMED_UNIT ( * ) SI_UNIT ( .MILLI., .METRE. ) );
#339 = DIRECTION ( 'NONE',  ( -2.407332051036368319E-16, 1.000000000000000000, -0.0000000000000000000 ) ) ;
#340 = ORIENTED_EDGE ( 'NONE', *, *, #5961, .F. ) ;
#341 = ORIENTED_EDGE ( 'NONE', *, *, #2599, .F. ) ;
#342 = PRESENTATION_LAYER_ASSIGNMENT (  '', '', ( #6113 ) ) ;
#343 = CARTESIAN_POINT ( 'NONE',  ( -2.291429766188486816, -1.779764549229156723, 1.472526444606528706 ) ) ;
#344 = CARTESIAN_POINT ( 'NONE',  ( -0.8400000000000001910, -1.972211458395209949, 0.8249887709224613674 ) ) ;
#345 = VECTOR ( 'NONE', #3601, 1000.000000000000227 ) ;
#346 = AXIS2_PLACEMENT_3D ( 'NONE', #6201, #2756, #1751 ) ;
#347 = DIRECTION ( 'NONE',  ( 0.0000000000000000000, 0.0000000000000000000, 1.000000000000000000 ) ) ;
#348 = ORIENTED_EDGE ( 'NONE', *, *, #2682, .T. ) ;
#349 = EDGE_CURVE ( 'NONE', #1180, #1279, #2369, .T. ) ;
#350 = AXIS2_PLACEMENT_3D ( 'NONE', #1583, #21, #4159 ) ;
#351 = CARTESIAN_POINT ( 'NONE',  ( -0.4300000000000000488, -2.269403886918007540, 0.7659358151225239553 ) ) ;
#352 = MECHANICAL_DESIGN_GEOMETRIC_PRESENTATION_REPRESENTATION (  '', ( #2186 ), #2900 ) ;
#353 = CARTESIAN_POINT ( 'NONE',  ( 2.325682208799348061, -1.884270918623760727, 1.026767660639605229 ) ) ;
#354 = AXIS2_PLACEMENT_3D ( 'NONE', #3041, #2594, #1647 ) ;
#355 = SURFACE_SIDE_STYLE ('',( #3411 ) ) ;
#356 = ORIENTED_EDGE ( 'NONE', *, *, #6268, .T. ) ;
#357 = SURFACE_STYLE_USAGE ( .BOTH. , #3955 ) ;
#358 = LINE ( 'NONE', #2469, #5733 ) ;
#359 = MECHANICAL_DESIGN_GEOMETRIC_PRESENTATION_REPRESENTATION (  '', ( #1000 ), #5807 ) ;
#360 = EDGE_CURVE ( 'NONE', #2677, #5545, #4370, .T. ) ;
#361 = FILL_AREA_STYLE ('',( #4929 ) ) ;
#362 = PLANE ( 'NONE',  #5155 ) ;
#363 = AXIS2_PLACEMENT_3D ( 'NONE', #6167, #1642, #6075 ) ;
#364 = FILL_AREA_STYLE ('',( #4933 ) ) ;
#365 = ORIENTED_EDGE ( 'NONE', *, *, #4536, .T. ) ;
#366 = CARTESIAN_POINT ( 'NONE',  ( -2.263500000000000512, -1.884379578609461037, 0.8250000000000000666 ) ) ;
#367 = SURFACE_STYLE_FILL_AREA ( #5437 ) ;
#368 = EDGE_CURVE ( 'NONE', #3808, #335, #2897, .T. ) ;
#369 = ORIENTED_EDGE ( 'NONE', *, *, #5335, .T. ) ;
#370 = SURFACE_STYLE_FILL_AREA ( #832 ) ;
#371 = VECTOR ( 'NONE', #3167, 1000.000000000000227 ) ;
#372 = DIRECTION ( 'NONE',  ( 0.0000000000000000000, -0.1364901473335445314, 0.9906414284093246758 ) ) ;
#373 = STYLED_ITEM ( 'NONE', ( #5116 ), #2047 ) ;
#374 = CARTESIAN_POINT ( 'NONE',  ( 2.219263736772202567, 1.801500000000000101, 0.1999999999999999833 ) ) ;
#375 = CARTESIAN_POINT ( 'NONE',  ( 0.4300000000000000488, 2.421966591676075087, 0.2409084130571637894 ) ) ;
#376 = ORIENTED_EDGE ( 'NONE', *, *, #3061, .F. ) ;
#377 = ORIENTED_EDGE ( 'NONE', *, *, #2298, .F. ) ;
#378 = CARTESIAN_POINT ( 'NONE',  ( 2.346378199852106050, -1.834750892270041289, 0.8249887709224528187 ) ) ;
#379 = VECTOR ( 'NONE', #7, 1000.000000000000227 ) ;
#380 =( NAMED_UNIT ( * ) PLANE_ANGLE_UNIT ( ) SI_UNIT ( $, .RADIAN. ) );
#381 = CARTESIAN_POINT ( 'NONE',  ( 2.241764626010010364, -1.829443021186692997, 1.472406857904786648 ) ) ;
#382 = DIRECTION ( 'NONE',  ( 0.0000000000000000000, 1.000000000000000000, 0.0000000000000000000 ) ) ;
#383 = LINE ( 'NONE', #5905, #4618 ) ;
#384 = SURFACE_STYLE_FILL_AREA ( #5942 ) ;
#385 = CARTESIAN_POINT ( 'NONE',  ( -2.219263736772202567, -1.757263736772203044, 0.1499999999999995226 ) ) ;
#386 = CIRCLE ( 'NONE', #1242, 0.05000000000000005829 ) ;
#387 = ORIENTED_EDGE ( 'NONE', *, *, #1365, .F. ) ;
#388 = CARTESIAN_POINT ( 'NONE',  ( -0.8400000000000001910, -2.421966591676075087, 0.2409084130571637894 ) ) ;
#389 = AXIS2_PLACEMENT_3D ( 'NONE', #3772, #3632, #3146 ) ;
#390 =( GEOMETRIC_REPRESENTATION_CONTEXT ( 3 ) GLOBAL_UNCERTAINTY_ASSIGNED_CONTEXT ( ( #2347 ) ) GLOBAL_UNIT_ASSIGNED_CONTEXT ( ( #4629, #63, #2112 ) ) REPRESENTATION_CONTEXT ( 'NONE', 'WORKASPACE' ) );
#391 = FILL_AREA_STYLE_COLOUR ( '', #6234 ) ;
#392 =( NAMED_UNIT ( * ) PLANE_ANGLE_UNIT ( ) SI_UNIT ( $, .RADIAN. ) );
#393 = EDGE_CURVE ( 'NONE', #3070, #3198, #2975, .T. ) ;
#394 = ORIENTED_EDGE ( 'NONE', *, *, #1784, .T. ) ;
#395 = DIRECTION ( 'NONE',  ( 0.0000000000000000000, 1.000000000000000000, 0.0000000000000000000 ) ) ;
#396 = SURFACE_SIDE_STYLE ('',( #6497 ) ) ;
#397 = CARTESIAN_POINT ( 'NONE',  ( -0.8400000000000001910, 1.972211458395209505, 0.8249887709224612564 ) ) ;
#398 = STYLED_ITEM ( 'NONE', ( #2397 ), #2964 ) ;
#399 = COLOUR_RGB ( '',0.8784313725490195957, 0.8784313725490195957, 0.8784313725490195957 ) ;
#400 = COLOUR_RGB ( '',0.8784313725490195957, 0.8784313725490195957, 0.8784313725490195957 ) ;
#401 = DIRECTION ( 'NONE',  ( 0.0000000000000000000, 0.0000000000000000000, 1.000000000000000000 ) ) ;
#402 = EDGE_CURVE ( 'NONE', #1986, #236, #3991, .T. ) ;
#403 = UNCERTAINTY_MEASURE_WITH_UNIT (LENGTH_MEASURE( 1.000000000000000082E-05 ), #2457, 'distance_accuracy_value', 'NONE');
#404 = ORIENTED_EDGE ( 'NONE', *, *, #2959, .T. ) ;
#405 = LINE ( 'NONE', #2441, #345 ) ;
#406 = SURFACE_STYLE_FILL_AREA ( #5106 ) ;
#407 = CARTESIAN_POINT ( 'NONE',  ( -1.699999999999999956, -1.972211458395209949, 0.7249887709224612786 ) ) ;
#408 = ADVANCED_FACE ( 'NONE', ( #5981 ), #322, .F. ) ;
#409 = ORIENTED_EDGE ( 'NONE', *, *, #1443, .F. ) ;
#410 = VECTOR ( 'NONE', #4809, 1000.000000000000000 ) ;
#411 = PRESENTATION_STYLE_ASSIGNMENT (( #6578 ) ) ;
#412 =( LENGTH_UNIT ( ) NAMED_UNIT ( * ) SI_UNIT ( .MILLI., .METRE. ) );
#413 = FACE_OUTER_BOUND ( 'NONE', #2168, .T. ) ;
#414 = VECTOR ( 'NONE', #4116, 1000.000000000000000 ) ;
#415 = DIRECTION ( 'NONE',  ( 0.0000000000000000000, 0.1364901473335445314, 0.9906414284093246758 ) ) ;
#416 = CARTESIAN_POINT ( 'NONE',  ( -0.4300000000000000488, -1.884378199852105862, 0.8249887709224611454 ) ) ;
#417 = ORIENTED_EDGE ( 'NONE', *, *, #851, .T. ) ;
#418 = EDGE_LOOP ( 'NONE', ( #2020, #4123, #1895, #2508 ) ) ;
#419 = DIRECTION ( 'NONE',  ( -1.000000000000000000, -0.0000000000000000000, -0.0000000000000000000 ) ) ;
#420 = LINE ( 'NONE', #2427, #1441 ) ;
#421 = FILL_AREA_STYLE_COLOUR ( '', #3359 ) ;
#422 = DIRECTION ( 'NONE',  ( 0.0000000000000000000, 0.0000000000000000000, 1.000000000000000000 ) ) ;
#423 = DIRECTION ( 'NONE',  ( -1.000000000000000000, -0.0000000000000000000, 0.0000000000000000000 ) ) ;
#424 = CARTESIAN_POINT ( 'NONE',  ( 0.4300000000000000488, -2.428942239050485785, 0.3406648180831462480 ) ) ;
#425 = ORIENTED_EDGE ( 'NONE', *, *, #5916, .T. ) ;
#426 = CARTESIAN_POINT ( 'NONE',  ( -0.8400000000000000799, -1.884379549900800477, 0.8249945817868120645 ) ) ;
#427 = SURFACE_STYLE_FILL_AREA ( #361 ) ;
#428 = ADVANCED_FACE ( 'NONE', ( #1584 ), #3558, .F. ) ;
#429 = LINE ( 'NONE', #6535, #438 ) ;
#430 = ORIENTED_EDGE ( 'NONE', *, *, #5543, .F. ) ;
#431 = SURFACE_SIDE_STYLE ('',( #3019 ) ) ;
#432 = LINE ( 'NONE', #471, #5580 ) ;
#433 = FACE_OUTER_BOUND ( 'NONE', #582, .T. ) ;
#434 = STYLED_ITEM ( 'NONE', ( #2995 ), #4882 ) ;
#435 = DIRECTION ( 'NONE',  ( 0.0000000000000000000, 0.9975640502598247528, 0.06975647374411841906 ) ) ;
#436 = ORIENTED_EDGE ( 'NONE', *, *, #5838, .F. ) ;
#437 = DIRECTION ( 'NONE',  ( 0.0000000000000000000, 0.9975640502598247528, 0.06975647374411841906 ) ) ;
#438 = VECTOR ( 'NONE', #3959, 1000.000000000000114 ) ;
#439 = EDGE_CURVE ( 'NONE', #4468, #2604, #61, .T. ) ;
#440 = CARTESIAN_POINT ( 'NONE',  ( -2.346378889230783304, -1.834565235439751030, 0.8249943854612299399 ) ) ;
#441 = PRESENTATION_LAYER_ASSIGNMENT (  '', '', ( #861 ) ) ;
#442 = CARTESIAN_POINT ( 'NONE',  ( -2.241764626010010364, -1.799301182434473567, 1.512770205782438149 ) ) ;
#443 = VERTEX_POINT ( 'NONE', #4058 ) ;
#444 = SURFACE_STYLE_USAGE ( .BOTH. , #5086 ) ;
#445 =( GEOMETRIC_REPRESENTATION_CONTEXT ( 3 ) GLOBAL_UNCERTAINTY_ASSIGNED_CONTEXT ( ( #1688 ) ) GLOBAL_UNIT_ASSIGNED_CONTEXT ( ( #5393, #3268, #679 ) ) REPRESENTATION_CONTEXT ( 'NONE', 'WORKASPACE' ) );
#446 = FACE_OUTER_BOUND ( 'NONE', #2858, .T. ) ;
#447 = STYLED_ITEM ( 'NONE', ( #4610 ), #5951 ) ;
#448 = SURFACE_STYLE_USAGE ( .BOTH. , #945 ) ;
#449 = SURFACE_SIDE_STYLE ('',( #6003 ) ) ;
#450 = ORIENTED_EDGE ( 'NONE', *, *, #5994, .T. ) ;
#451 = AXIS2_PLACEMENT_3D ( 'NONE', #6033, #1466, #1938 ) ;
#452 = EDGE_CURVE ( 'NONE', #6385, #3484, #547, .T. ) ;
#453 = AXIS2_PLACEMENT_3D ( 'NONE', #4959, #5021, #1404 ) ;
#454 = LINE ( 'NONE', #5540, #144 ) ;
#455 = FACE_OUTER_BOUND ( 'NONE', #1176, .T. ) ;
#456 = DIRECTION ( 'NONE',  ( -1.000000000000000000, -0.0000000000000000000, -0.0000000000000000000 ) ) ;
#457 = STYLED_ITEM ( 'NONE', ( #6496 ), #1092 ) ;
#458 = ORIENTED_EDGE ( 'NONE', *, *, #2980, .F. ) ;
#459 = CARTESIAN_POINT ( 'NONE',  ( -2.263500000000000956, 1.757263736772203044, 0.1999999999999999833 ) ) ;
#460 =( NAMED_UNIT ( * ) SI_UNIT ( $, .STERADIAN. ) SOLID_ANGLE_UNIT ( ) );
#461 = CARTESIAN_POINT ( 'NONE',  ( 2.109999999999999876, -1.972211458395209949, 0.7249887709224612786 ) ) ;
#462 = MECHANICAL_DESIGN_GEOMETRIC_PRESENTATION_REPRESENTATION (  '', ( #6113 ), #2898 ) ;
#463 = EDGE_LOOP ( 'NONE', ( #3332, #5595, #640, #3065 ) ) ;
#464 = SURFACE_SIDE_STYLE ('',( #3929 ) ) ;
#465 = VECTOR ( 'NONE', #3490, 1000.000000000000000 ) ;
#466 = CIRCLE ( 'NONE', #2187, 0.04999999999999991257 ) ;
#467 =( LENGTH_UNIT ( ) NAMED_UNIT ( * ) SI_UNIT ( .MILLI., .METRE. ) );
#468 = ORIENTED_EDGE ( 'NONE', *, *, #1432, .F. ) ;
#469 = PRESENTATION_STYLE_ASSIGNMENT (( #1491 ) ) ;
#470 = DIRECTION ( 'NONE',  ( 0.0000000000000000000, -0.9975640502598247528, 0.06975647374411841906 ) ) ;
#471 = CARTESIAN_POINT ( 'NONE',  ( 2.109999999999999876, 2.428942239050485785, 1.024988770922461212 ) ) ;
#472 = CARTESIAN_POINT ( 'NONE',  ( 2.109999999999999876, -2.421966591676075087, 0.2409084130571637894 ) ) ;
#473 =( NAMED_UNIT ( * ) PLANE_ANGLE_UNIT ( ) SI_UNIT ( $, .RADIAN. ) );
#474 = ORIENTED_EDGE ( 'NONE', *, *, #2794, .F. ) ;
#475 = PRESENTATION_LAYER_ASSIGNMENT (  '', '', ( #3672 ) ) ;
#476 = FACE_OUTER_BOUND ( 'NONE', #3111, .T. ) ;
#477 = UNCERTAINTY_MEASURE_WITH_UNIT (LENGTH_MEASURE( 1.000000000000000082E-05 ), #3196, 'distance_accuracy_value', 'NONE');
#478 = ADVANCED_FACE ( 'NONE', ( #5097 ), #1615, .T. ) ;
#479 = ADVANCED_FACE ( 'NONE', ( #578 ), #6134, .F. ) ;
#480 =( NAMED_UNIT ( * ) SI_UNIT ( $, .STERADIAN. ) SOLID_ANGLE_UNIT ( ) );
#481 = ORIENTED_EDGE ( 'NONE', *, *, #5312, .F. ) ;
#482 = AXIS2_PLACEMENT_3D ( 'NONE', #4465, #4993, #4436 ) ;
#483 = ORIENTED_EDGE ( 'NONE', *, *, #1090, .F. ) ;
#484 = CARTESIAN_POINT ( 'NONE',  ( 2.109999999999999876, 2.071275601236143071, 0.7386377856558151711 ) ) ;
#485 = PRESENTATION_LAYER_ASSIGNMENT (  '', '', ( #4843 ) ) ;
#486 = FILL_AREA_STYLE_COLOUR ( '', #5353 ) ;
#487 = SURFACE_STYLE_USAGE ( .BOTH. , #4654 ) ;
#488 = LINE ( 'NONE', #5865, #5952 ) ;
#489 = VERTEX_POINT ( 'NONE', #3517 ) ;
#490 = VECTOR ( 'NONE', #6241, 1000.000000000000000 ) ;
#491 = CARTESIAN_POINT ( 'NONE',  ( 1.437500000000000222, 1.012499999999999956, 0.1399999999999999856 ) ) ;
#492 = CARTESIAN_POINT ( 'NONE',  ( 2.245982507821992158, -1.757263736772202822, 0.1499999999999995504 ) ) ;
#493 = SURFACE_STYLE_USAGE ( .BOTH. , #5060 ) ;
#494 = EDGE_CURVE ( 'NONE', #90, #1666, #5701, .T. ) ;
#495 = ORIENTED_EDGE ( 'NONE', *, *, #5961, .T. ) ;
#496 = FACE_OUTER_BOUND ( 'NONE', #463, .T. ) ;
#497 = ORIENTED_EDGE ( 'NONE', *, *, #6557, .F. ) ;
#498 = PRESENTATION_STYLE_ASSIGNMENT (( #5067 ) ) ;
#499 = ORIENTED_EDGE ( 'NONE', *, *, #3152, .F. ) ;
#500 =( NAMED_UNIT ( * ) SI_UNIT ( $, .STERADIAN. ) SOLID_ANGLE_UNIT ( ) );
#501 = CIRCLE ( 'NONE', #4229, 0.2999999999999998779 ) ;
#502 = CARTESIAN_POINT ( 'NONE',  ( -1.699999999999999956, -1.972211458395209949, 0.7249887709224612786 ) ) ;
#503 = DIRECTION ( 'NONE',  ( -0.0000000000000000000, -0.0000000000000000000, 1.000000000000000000 ) ) ;
#504 = LINE ( 'NONE', #5441, #6030 ) ;
#505 = COLOUR_RGB ( '',0.8862745098039215286, 0.8862745098039215286, 0.8862745098039215286 ) ;
#506 = EDGE_LOOP ( 'NONE', ( #5679, #207, #3122, #340, #3941, #1958, #5673, #2824, #334, #4754, #5585, #2641 ) ) ;
#507 = CARTESIAN_POINT ( 'NONE',  ( -2.109999999999999876, -2.428942239050485785, 0.3406648180831462480 ) ) ;
#508 = CARTESIAN_POINT ( 'NONE',  ( -2.219263736772203011, 1.801499999999999879, 0.1499999999999998557 ) ) ;
#509 = EDGE_LOOP ( 'NONE', ( #4333, #2328, #1429, #4725, #3507, #4278, #1829, #4996, #369, #1520, #4504, #4401 ) ) ;
#510 = ORIENTED_EDGE ( 'NONE', *, *, #4074, .F. ) ;
#511 = VECTOR ( 'NONE', #2097, 1000.000000000000000 ) ;
#512 =( LENGTH_UNIT ( ) NAMED_UNIT ( * ) SI_UNIT ( .MILLI., .METRE. ) );
#513 = FILL_AREA_STYLE ('',( #486 ) ) ;
#514 = CARTESIAN_POINT ( 'NONE',  ( -0.4300000000000000488, -2.269403886918007540, 0.7659358151225242883 ) ) ;
#515 = FACE_OUTER_BOUND ( 'NONE', #988, .T. ) ;
#516 = VERTEX_POINT ( 'NONE', #1714 ) ;
#517 = EDGE_CURVE ( 'NONE', #4247, #4410, #145, .T. ) ;
#518 = EDGE_CURVE ( 'NONE', #243, #2839, #5736, .T. ) ;
#519 = EDGE_CURVE ( 'NONE', #4973, #1323, #2649, .T. ) ;
#520 = DIRECTION ( 'NONE',  ( 0.0000000000000000000, 1.000000000000000000, 0.0000000000000000000 ) ) ;
#521 = ORIENTED_EDGE ( 'NONE', *, *, #963, .F. ) ;
#522 = PLANE ( 'NONE',  #3553 ) ;
#523 = ORIENTED_EDGE ( 'NONE', *, *, #2722, .F. ) ;
#524 = EDGE_CURVE ( 'NONE', #5821, #11, #209, .T. ) ;
#525 = SURFACE_STYLE_USAGE ( .BOTH. , #4692 ) ;
#526 = ORIENTED_EDGE ( 'NONE', *, *, #669, .T. ) ;
#527 = DIRECTION ( 'NONE',  ( -1.000000000000000000, 0.0000000000000000000, 0.0000000000000000000 ) ) ;
#528 = DIRECTION ( 'NONE',  ( 0.0000000000000000000, 0.1364901473335441706, -0.9906414284093247868 ) ) ;
#529 = DIRECTION ( 'NONE',  ( 0.0000000000000000000, 0.0000000000000000000, 1.000000000000000000 ) ) ;
#530 = DIRECTION ( 'NONE',  ( 1.000000000000000000, 0.0000000000000000000, 0.0000000000000000000 ) ) ;
#531 = EDGE_CURVE ( 'NONE', #4410, #5205, #6432, .T. ) ;
#532 = DIRECTION ( 'NONE',  ( -0.0000000000000000000, -1.000000000000000000, 0.0000000000000000000 ) ) ;
#533 = LINE ( 'NONE', #160, #414 ) ;
#534 = DIRECTION ( 'NONE',  ( -1.000000000000000000, 0.0000000000000000000, 0.0000000000000000000 ) ) ;
#535 = CARTESIAN_POINT ( 'NONE',  ( -0.4300000000000000488, -1.972211458395209949, 0.7249887709224612786 ) ) ;
#536 = EDGE_LOOP ( 'NONE', ( #657, #4891, #5760, #1097 ) ) ;
#537 = ORIENTED_EDGE ( 'NONE', *, *, #6, .F. ) ;
#538 = CIRCLE ( 'NONE', #2974, 0.09999999999999988065 ) ;
#539 = DIRECTION ( 'NONE',  ( 1.000000000000000000, 0.0000000000000000000, 0.0000000000000000000 ) ) ;
#540 = DIRECTION ( 'NONE',  ( 1.000000000000000000, 0.0000000000000000000, 0.0000000000000000000 ) ) ;
#541 = CIRCLE ( 'NONE', #966, 0.3000000000000001554 ) ;
#542 = DIRECTION ( 'NONE',  ( -1.000000000000000000, 0.0000000000000000000, -0.0000000000000000000 ) ) ;
#543 = STYLED_ITEM ( 'NONE', ( #5310 ), #5590 ) ;
#544 = VERTEX_POINT ( 'NONE', #2265 ) ;
#545 = CARTESIAN_POINT ( 'NONE',  ( 1.437500000000000222, 1.012499999999999956, 0.1399999999999999856 ) ) ;
#546 = FACE_OUTER_BOUND ( 'NONE', #5811, .T. ) ;
#547 = LINE ( 'NONE', #2075, #1214 ) ;
#548 = DIRECTION ( 'NONE',  ( 0.0000000000000000000, 0.0000000000000000000, 1.000000000000000000 ) ) ;
#549 = ORIENTED_EDGE ( 'NONE', *, *, #3475, .T. ) ;
#550 = CARTESIAN_POINT ( 'NONE',  ( -1.699999999999999956, -2.428942239050485785, 0.3406648180831462480 ) ) ;
#551 = DIRECTION ( 'NONE',  ( 0.0000000000000000000, 0.1364901473335445314, 0.9906414284093246758 ) ) ;
#552 = EDGE_CURVE ( 'NONE', #2043, #4301, #2788, .T. ) ;
#553 = ORIENTED_EDGE ( 'NONE', *, *, #275, .F. ) ;
#554 = AXIS2_PLACEMENT_3D ( 'NONE', #4326, #6359, #5768 ) ;
#555 = ADVANCED_FACE ( 'NONE', ( #3297 ), #2173, .T. ) ;
#556 = AXIS2_PLACEMENT_3D ( 'NONE', #5187, #2237, #3645 ) ;
#557 = DIRECTION ( 'NONE',  ( 0.0000000000000000000, 1.734723475976802677E-14, 1.000000000000000000 ) ) ;
#558 = DIRECTION ( 'NONE',  ( 0.0000000000000000000, 0.06975647374411883539, -0.9975640502598246417 ) ) ;
#559 =( BOUNDED_CURVE ( )  B_SPLINE_CURVE ( 3, ( #440, #1497, #1425, #936 ),
 .UNSPECIFIED., .F., .T. ) 
 B_SPLINE_CURVE_WITH_KNOTS ( ( 4, 4 ),
 ( 5.501507132124507926, 7.064863482234672531 ),
 .UNSPECIFIED. ) 
 CURVE ( )  GEOMETRIC_REPRESENTATION_ITEM ( )  RATIONAL_B_SPLINE_CURVE ( ( 1.000000000000000000, 0.8064882076837710523, 0.8064882076837710523, 1.000000000000000000 ) ) 
 REPRESENTATION_ITEM ( '' )  );
#560 = COLOUR_RGB ( '',0.8784313725490195957, 0.8784313725490195957, 0.8784313725490195957 ) ;
#561 = VERTEX_POINT ( 'NONE', #5325 ) ;
#562 =( LENGTH_UNIT ( ) NAMED_UNIT ( * ) SI_UNIT ( .MILLI., .METRE. ) );
#563 = CARTESIAN_POINT ( 'NONE',  ( -0.4300000000000000488, -2.408015296927252358, 0.04139560300519878888 ) ) ;
#564 = AXIS2_PLACEMENT_3D ( 'NONE', #4299, #4729, #6297 ) ;
#565 = CARTESIAN_POINT ( 'NONE',  ( -0.4300000000000000488, -3.000000000000000000, 0.0000000000000000000 ) ) ;
#566 =( GEOMETRIC_REPRESENTATION_CONTEXT ( 3 ) GLOBAL_UNCERTAINTY_ASSIGNED_CONTEXT ( ( #717 ) ) GLOBAL_UNIT_ASSIGNED_CONTEXT ( ( #3264, #676, #6355 ) ) REPRESENTATION_CONTEXT ( 'NONE', 'WORKASPACE' ) );
#567 = MECHANICAL_DESIGN_GEOMETRIC_PRESENTATION_REPRESENTATION (  '', ( #6327 ), #5152 ) ;
#568 = ORIENTED_EDGE ( 'NONE', *, *, #3375, .T. ) ;
#569 = CARTESIAN_POINT ( 'NONE',  ( -0.8400000000000001910, 2.428942239050485785, 0.3406648180831462480 ) ) ;
#570 = DIRECTION ( 'NONE',  ( 0.0000000000000000000, 0.0000000000000000000, 1.000000000000000000 ) ) ;
#571 = ORIENTED_EDGE ( 'NONE', *, *, #896, .F. ) ;
#572 = VERTEX_POINT ( 'NONE', #5766 ) ;
#573 = CARTESIAN_POINT ( 'NONE',  ( 2.109999999999999876, -2.428942239050485785, 0.3406648180831462480 ) ) ;
#574 = DIRECTION ( 'NONE',  ( 0.0000000000000000000, -0.9975640502598247528, 0.06975647374411841906 ) ) ;
#575 = CARTESIAN_POINT ( 'NONE',  ( -2.263500000000000956, 1.884379578609460815, 0.8250000000000000666 ) ) ;
#576 = VERTEX_POINT ( 'NONE', #4819 ) ;
#577 = CARTESIAN_POINT ( 'NONE',  ( -2.346379578609460559, -1.884379578609461259, 1.025000000000000133 ) ) ;
#578 = FACE_OUTER_BOUND ( 'NONE', #3810, .T. ) ;
#579 = DIRECTION ( 'NONE',  ( 0.0000000000000000000, 0.0000000000000000000, 1.000000000000000000 ) ) ;
#580 = CYLINDRICAL_SURFACE ( 'NONE', #4864, 0.05000000000000005829 ) ;
#581 = AXIS2_PLACEMENT_3D ( 'NONE', #1169, #5240, #654 ) ;
#582 = EDGE_LOOP ( 'NONE', ( #6028, #4474, #3012, #4608 ) ) ;
#583 = CARTESIAN_POINT ( 'NONE',  ( 2.346378889230783304, 1.834565235439751252, 1.025005614538768706 ) ) ;
#584 = VECTOR ( 'NONE', #688, 1000.000000000000000 ) ;
#585 = LINE ( 'NONE', #2505, #2709 ) ;
#586 = DIRECTION ( 'NONE',  ( 0.1209742911513556479, 0.1209742911513546348, -0.9852565360152929497 ) ) ;
#587 = ORIENTED_EDGE ( 'NONE', *, *, #6248, .T. ) ;
#588 = LINE ( 'NONE', #98, #2595 ) ;
#589 = CIRCLE ( 'NONE', #4349, 0.1000000000000002554 ) ;
#590 = AXIS2_PLACEMENT_3D ( 'NONE', #5950, #3382, #5433 ) ;
#591 = DIRECTION ( 'NONE',  ( 0.0000000000000000000, -0.06975647374411883539, 0.9975640502598246417 ) ) ;
#592 = SURFACE_SIDE_STYLE ('',( #4672 ) ) ;
#593 =( BOUNDED_SURFACE ( )  B_SPLINE_SURFACE ( 3, 3, ( 
 ( #1157, #6331, #3797, #641 ),
 ( #5841, #3272, #6525, #2848 ),
 ( #6462, #1475, #5946, #1846 ),
 ( #4464, #1402, #2877, #1334 ) ),
 .UNSPECIFIED., .F., .F., .F. ) 
 B_SPLINE_SURFACE_WITH_KNOTS ( ( 4, 4 ),
 ( 4, 4 ),
 ( 0.0000000000000000000, 1.000000000000000000 ),
 ( 0.0000000000000000000, 1.000000000000000000 ),
 .UNSPECIFIED. ) 
 GEOMETRIC_REPRESENTATION_ITEM ( )  RATIONAL_B_SPLINE_SURFACE ( (
 ( 1.000000000000000000, 0.8287787880593686651, 0.8287787880593686651, 1.000000000000000000),
 ( 0.8293065676897832805, 0.6873116920996134027, 0.6873116920996134027, 0.8293065676897832805),
 ( 0.8293065676897832805, 0.6873116920996134027, 0.6873116920996134027, 0.8293065676897832805),
 ( 1.000000000000000000, 0.8287787880593686651, 0.8287787880593686651, 1.000000000000000000) ) ) 
 REPRESENTATION_ITEM ( '' )  SURFACE ( )  );
#594 = EDGE_CURVE ( 'NONE', #4973, #1585, #3203, .T. ) ;
#595 = PRESENTATION_LAYER_ASSIGNMENT (  '', '', ( #3465 ) ) ;
#596 = PRESENTATION_LAYER_ASSIGNMENT (  '', '', ( #5297 ) ) ;
#597 = UNCERTAINTY_MEASURE_WITH_UNIT (LENGTH_MEASURE( 1.000000000000000082E-05 ), #5498, 'distance_accuracy_value', 'NONE');
#598 = ORIENTED_EDGE ( 'NONE', *, *, #2253, .T. ) ;
#599 = ADVANCED_FACE ( 'NONE', ( #247 ), #4222, .F. ) ;
#600 = FACE_OUTER_BOUND ( 'NONE', #3625, .T. ) ;
#601 = SURFACE_STYLE_USAGE ( .BOTH. , #2643 ) ;
#602 = DIRECTION ( 'NONE',  ( -0.0000000000000000000, -1.000000000000000000, 0.0000000000000000000 ) ) ;
#603 =( NAMED_UNIT ( * ) PLANE_ANGLE_UNIT ( ) SI_UNIT ( $, .RADIAN. ) );
#604 = ORIENTED_EDGE ( 'NONE', *, *, #5924, .F. ) ;
#605 = VERTEX_POINT ( 'NONE', #1841 ) ;
#606 = STYLED_ITEM ( 'NONE', ( #6564 ), #3785 ) ;
#607 = AXIS2_PLACEMENT_3D ( 'NONE', #4020, #6072, #1913 ) ;
#608 = VECTOR ( 'NONE', #701, 1000.000000000000000 ) ;
#609 = VECTOR ( 'NONE', #234, 1000.000000000000000 ) ;
#610 = PRESENTATION_STYLE_ASSIGNMENT (( #487 ) ) ;
#611 = ORIENTED_EDGE ( 'NONE', *, *, #843, .F. ) ;
#612 = DIRECTION ( 'NONE',  ( 0.0000000000000000000, 0.9975640502598247528, 0.06975647374411841906 ) ) ;
#613 = SURFACE_SIDE_STYLE ('',( #5227 ) ) ;
#614 = DIRECTION ( 'NONE',  ( -1.000000000000000000, -0.0000000000000000000, -0.0000000000000000000 ) ) ;
#615 = MECHANICAL_DESIGN_GEOMETRIC_PRESENTATION_REPRESENTATION (  '', ( #938 ), #1500 ) ;
#616 = ORIENTED_EDGE ( 'NONE', *, *, #3271, .F. ) ;
#617 = FACE_OUTER_BOUND ( 'NONE', #3751, .T. ) ;
#618 = DIRECTION ( 'NONE',  ( 1.000000000000000000, 0.0000000000000000000, 0.0000000000000000000 ) ) ;
#619 = ORIENTED_EDGE ( 'NONE', *, *, #3489, .T. ) ;
#620 = CARTESIAN_POINT ( 'NONE',  ( -2.346379578609460559, -1.829391933592075636, 1.472838430280073441 ) ) ;
#621 = CARTESIAN_POINT ( 'NONE',  ( -2.268891044354269582, 1.757263736772203044, 0.1939065328297426005 ) ) ;
#622 = FILL_AREA_STYLE ('',( #969 ) ) ;
#623 = ADVANCED_FACE ( 'NONE', ( #3398 ), #4953, .T. ) ;
#624 = LINE ( 'NONE', #2669, #3680 ) ;
#625 = ORIENTED_EDGE ( 'NONE', *, *, #3830, .T. ) ;
#626 =( LENGTH_UNIT ( ) NAMED_UNIT ( * ) SI_UNIT ( .MILLI., .METRE. ) );
#627 = DIRECTION ( 'NONE',  ( 1.000000000000000000, 0.0000000000000000000, 0.0000000000000000000 ) ) ;
#628 = CARTESIAN_POINT ( 'NONE',  ( -0.4300000000000000488, 1.972211458395209949, 0.7249887709224612786 ) ) ;
#629 = ORIENTED_EDGE ( 'NONE', *, *, #3907, .F. ) ;
#630 = ORIENTED_EDGE ( 'NONE', *, *, #5064, .F. ) ;
#631 = CARTESIAN_POINT ( 'NONE',  ( 2.109999999999999876, 2.428942239050485785, 0.3406648180831462480 ) ) ;
#632 = CARTESIAN_POINT ( 'NONE',  ( 2.109999999999999876, 2.408015296927252358, 0.04139560300519878888 ) ) ;
#633 = ADVANCED_FACE ( 'NONE', ( #3845 ), #6422, .F. ) ;
#634 = VECTOR ( 'NONE', #586, 1000.000000000000114 ) ;
#635 = EDGE_LOOP ( 'NONE', ( #5689, #4098, #1817, #33 ) ) ;
#636 = DIRECTION ( 'NONE',  ( -1.000000000000000000, -0.0000000000000000000, -0.0000000000000000000 ) ) ;
#637 = AXIS2_PLACEMENT_3D ( 'NONE', #2540, #579, #1550 ) ;
#638 =( LENGTH_UNIT ( ) NAMED_UNIT ( * ) SI_UNIT ( .MILLI., .METRE. ) );
#639 = CARTESIAN_POINT ( 'NONE',  ( -0.4300000000000000488, 2.329878096209553551, 0.3270158033497921335 ) ) ;
#640 = ORIENTED_EDGE ( 'NONE', *, *, #5978, .F. ) ;
#641 = CARTESIAN_POINT ( 'NONE',  ( -2.241764626010010364, -1.829443021186692997, 1.472406857904786648 ) ) ;
#642 = AXIS2_PLACEMENT_3D ( 'NONE', #5873, #4227, #1293 ) ;
#643 = CARTESIAN_POINT ( 'NONE',  ( 0.8400000000000001910, 1.972211458395209505, 0.8249887709224612564 ) ) ;
#644 = CARTESIAN_POINT ( 'NONE',  ( 1.700000000000000178, -3.000000000000000444, 0.0000000000000000000 ) ) ;
#645 = STYLED_ITEM ( 'NONE', ( #22 ), #479 ) ;
#646 = CARTESIAN_POINT ( 'NONE',  ( 0.8400000000000001910, 3.013951294748823617, 0.1995128100519649450 ) ) ;
#647 = UNCERTAINTY_MEASURE_WITH_UNIT (LENGTH_MEASURE( 1.000000000000000082E-05 ), #78, 'distance_accuracy_value', 'NONE');
#648 = ORIENTED_EDGE ( 'NONE', *, *, #2927, .T. ) ;
#649 = CARTESIAN_POINT ( 'NONE',  ( 2.346378889230783304, 1.834565235439750586, 0.8249943854612317162 ) ) ;
#650 = VECTOR ( 'NONE', #528, 1000.000000000000227 ) ;
#651 =( LENGTH_UNIT ( ) NAMED_UNIT ( * ) SI_UNIT ( .MILLI., .METRE. ) );
#652 =( LENGTH_UNIT ( ) NAMED_UNIT ( * ) SI_UNIT ( .MILLI., .METRE. ) );
#653 =( GEOMETRIC_REPRESENTATION_CONTEXT ( 3 ) GLOBAL_UNCERTAINTY_ASSIGNED_CONTEXT ( ( #477 ) ) GLOBAL_UNIT_ASSIGNED_CONTEXT ( ( #3196, #5289, #6319 ) ) REPRESENTATION_CONTEXT ( 'NONE', 'WORKASPACE' ) );
#654 = DIRECTION ( 'NONE',  ( 0.0000000000000000000, -0.3907311284892747705, 0.9205048534524399306 ) ) ;
#655 = AXIS2_PLACEMENT_3D ( 'NONE', #1437, #6520, #5497 ) ;
#656 = UNCERTAINTY_MEASURE_WITH_UNIT (LENGTH_MEASURE( 1.000000000000000082E-05 ), #5614, 'distance_accuracy_value', 'NONE');
#657 = ORIENTED_EDGE ( 'NONE', *, *, #3670, .T. ) ;
#658 =( LENGTH_UNIT ( ) NAMED_UNIT ( * ) SI_UNIT ( .MILLI., .METRE. ) );
#659 = FILL_AREA_STYLE ('',( #3609 ) ) ;
#660 = VECTOR ( 'NONE', #1341, 1000.000000000000000 ) ;
#661 = DIRECTION ( 'NONE',  ( 0.0000000000000000000, -0.9975640502598247528, -0.06975647374411841906 ) ) ;
#662 = VECTOR ( 'NONE', #781, 1000.000000000000000 ) ;
#663 = PLANE ( 'NONE',  #2317 ) ;
#664 = ORIENTED_EDGE ( 'NONE', *, *, #1124, .T. ) ;
#665 = VECTOR ( 'NONE', #4026, 1000.000000000000000 ) ;
#666 = VERTEX_POINT ( 'NONE', #4885 ) ;
#667 = COLOUR_RGB ( '',0.8784313725490195957, 0.8784313725490195957, 0.8784313725490195957 ) ;
#668 = MECHANICAL_DESIGN_GEOMETRIC_PRESENTATION_REPRESENTATION (  '', ( #2376 ), #2066 ) ;
#669 = EDGE_CURVE ( 'NONE', #2710, #2262, #5162, .T. ) ;
#670 = FILL_AREA_STYLE ('',( #2973 ) ) ;
#671 = DIRECTION ( 'NONE',  ( 0.0000000000000000000, 0.0000000000000000000, 1.000000000000000000 ) ) ;
#672 = CARTESIAN_POINT ( 'NONE',  ( 0.0000000000000000000, -1.348042813803152162, 1.650000000000000133 ) ) ;
#673 = ORIENTED_EDGE ( 'NONE', *, *, #4869, .F. ) ;
#674 = ORIENTED_EDGE ( 'NONE', *, *, #4124, .F. ) ;
#675 = EDGE_CURVE ( 'NONE', #5593, #4816, #775, .T. ) ;
#676 =( NAMED_UNIT ( * ) PLANE_ANGLE_UNIT ( ) SI_UNIT ( $, .RADIAN. ) );
#677 = CARTESIAN_POINT ( 'NONE',  ( 2.241764626010010808, -1.799301182434473567, 1.512770205782438149 ) ) ;
#678 = DIRECTION ( 'NONE',  ( 0.0000000000000000000, -1.000000000000000000, -1.234386826208250825E-15 ) ) ;
#679 =( NAMED_UNIT ( * ) SI_UNIT ( $, .STERADIAN. ) SOLID_ANGLE_UNIT ( ) );
#680 = FILL_AREA_STYLE_COLOUR ( '', #5466 ) ;
#681 =( GEOMETRIC_REPRESENTATION_CONTEXT ( 3 ) GLOBAL_UNCERTAINTY_ASSIGNED_CONTEXT ( ( #3315 ) ) GLOBAL_UNIT_ASSIGNED_CONTEXT ( ( #412, #6541, #3500 ) ) REPRESENTATION_CONTEXT ( 'NONE', 'WORKASPACE' ) );
#682 = DIRECTION ( 'NONE',  ( 0.0000000000000000000, 0.0000000000000000000, -1.000000000000000000 ) ) ;
#683 = COLOUR_RGB ( '',0.8784313725490195957, 0.8784313725490195957, 0.8784313725490195957 ) ;
#684 = LINE ( 'NONE', #2699, #3747 ) ;
#685 = VERTEX_POINT ( 'NONE', #4559 ) ;
#686 = SURFACE_STYLE_USAGE ( .BOTH. , #3217 ) ;
#687 = CARTESIAN_POINT ( 'NONE',  ( -0.4300000000000000488, -1.884378714326427451, 0.8249915364978968046 ) ) ;
#688 = DIRECTION ( 'NONE',  ( 1.000000000000000000, 4.789936701946122186E-17, 5.912634763253690904E-32 ) ) ;
#689 = CARTESIAN_POINT ( 'NONE',  ( -2.296565235439750552, -1.884378889230783782, 0.8249943854612308280 ) ) ;
#690 = PRESENTATION_STYLE_ASSIGNMENT (( #3775 ) ) ;
#691 = ORIENTED_EDGE ( 'NONE', *, *, #3578, .F. ) ;
#692 = SURFACE_STYLE_USAGE ( .BOTH. , #6443 ) ;
#693 = VECTOR ( 'NONE', #3662, 1000.000000000000000 ) ;
#694 = DIRECTION ( 'NONE',  ( 0.0000000000000000000, 0.0000000000000000000, 1.000000000000000000 ) ) ;
#695 = CARTESIAN_POINT ( 'NONE',  ( 2.109999999999999876, -1.972211458395209949, 0.7249887709224612786 ) ) ;
#696 = ORIENTED_EDGE ( 'NONE', *, *, #1220, .F. ) ;
#697 = ORIENTED_EDGE ( 'NONE', *, *, #3746, .F. ) ;
#698 = VECTOR ( 'NONE', #3135, 1000.000000000000114 ) ;
#699 =( NAMED_UNIT ( * ) PLANE_ANGLE_UNIT ( ) SI_UNIT ( $, .RADIAN. ) );
#700 = SURFACE_STYLE_FILL_AREA ( #6286 ) ;
#701 = DIRECTION ( 'NONE',  ( -1.070816960479510870E-16, -1.000000000000000000, 0.0000000000000000000 ) ) ;
#702 = COLOUR_RGB ( '',0.8784313725490195957, 0.8784313725490195957, 0.8784313725490195957 ) ;
#703 = ORIENTED_EDGE ( 'NONE', *, *, #3356, .F. ) ;
#704 = EDGE_CURVE ( 'NONE', #6256, #19, #3583, .T. ) ;
#705 = VECTOR ( 'NONE', #1995, 1000.000000000000114 ) ;
#706 = VECTOR ( 'NONE', #163, 1000.000000000000000 ) ;
#707 = SURFACE_STYLE_USAGE ( .BOTH. , #1150 ) ;
#708 = DIRECTION ( 'NONE',  ( -0.04792063293609423458, 0.9194473282641766332, 0.3902822356793496650 ) ) ;
#709 = LINE ( 'NONE', #1152, #2365 ) ;
#710 = DIRECTION ( 'NONE',  ( 0.0000000000000000000, -1.000000000000000000, -1.234386826208250825E-15 ) ) ;
#711 = CIRCLE ( 'NONE', #4459, 0.09999999999999988065 ) ;
#712 = EDGE_CURVE ( 'NONE', #276, #2034, #5014, .T. ) ;
#713 = EDGE_CURVE ( 'NONE', #1324, #1162, #3469, .T. ) ;
#714 = COLOUR_RGB ( '',0.8784313725490195957, 0.8784313725490195957, 0.8784313725490195957 ) ;
#715 = DIRECTION ( 'NONE',  ( 0.0000000000000000000, -0.9975640502598247528, -0.06975647374411841906 ) ) ;
#716 = PRESENTATION_STYLE_ASSIGNMENT (( #3213 ) ) ;
#717 = UNCERTAINTY_MEASURE_WITH_UNIT (LENGTH_MEASURE( 1.000000000000000082E-05 ), #3264, 'distance_accuracy_value', 'NONE');
#718 = ORIENTED_EDGE ( 'NONE', *, *, #1432, .T. ) ;
#719 = LINE ( 'NONE', #295, #4930 ) ;
#720 = LINE ( 'NONE', #1853, #2667 ) ;
#721 = CARTESIAN_POINT ( 'NONE',  ( -2.219263736772202122, 1.806891044354269171, 1.656093467170257849 ) ) ;
#722 = FACE_OUTER_BOUND ( 'NONE', #5223, .T. ) ;
#723 = ADVANCED_FACE ( 'NONE', ( #2037 ), #5050, .F. ) ;
#724 = STYLED_ITEM ( 'NONE', ( #35 ), #4802 ) ;
#725 = PRESENTATION_STYLE_ASSIGNMENT (( #4375 ) ) ;
#726 = UNCERTAINTY_MEASURE_WITH_UNIT (LENGTH_MEASURE( 1.000000000000000082E-05 ), #2198, 'distance_accuracy_value', 'NONE');
#727 = VERTEX_POINT ( 'NONE', #5148 ) ;
#728 = FILL_AREA_STYLE ('',( #2830 ) ) ;
#729 = PRESENTATION_STYLE_ASSIGNMENT (( #5855 ) ) ;
#730 = CARTESIAN_POINT ( 'NONE',  ( 2.297478555712157533, -1.885105863294223916, 1.019084885921961225 ) ) ;
#731 = VERTEX_POINT ( 'NONE', #4621 ) ;
#732 = ORIENTED_EDGE ( 'NONE', *, *, #439, .F. ) ;
#733 = CARTESIAN_POINT ( 'NONE',  ( 2.219263736772202567, 1.757263736772201490, 0.1499999999999999944 ) ) ;
#734 = FILL_AREA_STYLE ('',( #6318 ) ) ;
#735 = DIRECTION ( 'NONE',  ( -1.000000000000000000, -0.0000000000000000000, -0.0000000000000000000 ) ) ;
#736 = PLANE ( 'NONE',  #5309 ) ;
#737 = ORIENTED_EDGE ( 'NONE', *, *, #6091, .F. ) ;
#738 = VERTEX_POINT ( 'NONE', #5569 ) ;
#739 = CARTESIAN_POINT ( 'NONE',  ( -1.699999999999999956, 2.428942239050485785, 1.024988770922461212 ) ) ;
#740 = FILL_AREA_STYLE ('',( #179 ) ) ;
#741 = FACE_OUTER_BOUND ( 'NONE', #4377, .T. ) ;
#742 = STYLED_ITEM ( 'NONE', ( #690 ), #4971 ) ;
#743 = ADVANCED_FACE ( 'NONE', ( #5661 ), #4052, .F. ) ;
#744 = SURFACE_STYLE_USAGE ( .BOTH. , #184 ) ;
#745 = FILL_AREA_STYLE ('',( #2730 ) ) ;
#746 = EDGE_CURVE ( 'NONE', #276, #3165, #1776, .T. ) ;
#747 = ORIENTED_EDGE ( 'NONE', *, *, #5129, .F. ) ;
#748 = DIRECTION ( 'NONE',  ( 1.000000000000000000, 0.0000000000000000000, 0.0000000000000000000 ) ) ;
#749 = CARTESIAN_POINT ( 'NONE',  ( 1.700000000000001066, -1.884379549900800477, 0.8249945817868120645 ) ) ;
#750 = AXIS2_PLACEMENT_3D ( 'NONE', #5069, #5647, #95 ) ;
#751 = EDGE_CURVE ( 'NONE', #5545, #6154, #4752, .T. ) ;
#752 = COLOUR_RGB ( '',0.8784313725490195957, 0.8784313725490195957, 0.8784313725490195957 ) ;
#753 = ADVANCED_FACE ( 'NONE', ( #1251 ), #4319, .F. ) ;
#754 = AXIS2_PLACEMENT_3D ( 'NONE', #146, #4361, #3793 ) ;
#755 = ORIENTED_EDGE ( 'NONE', *, *, #1635, .F. ) ;
#756 = PRESENTATION_STYLE_ASSIGNMENT (( #692 ) ) ;
#757 = CARTESIAN_POINT ( 'NONE',  ( -2.006095522657785235, -0.9190406258255605643, 1.650000000000000133 ) ) ;
#758 = PRESENTATION_STYLE_ASSIGNMENT (( #3387 ) ) ;
#759 = VERTEX_POINT ( 'NONE', #4683 ) ;
#760 = PRESENTATION_LAYER_ASSIGNMENT (  '', '', ( #6013 ) ) ;
#761 = ORIENTED_EDGE ( 'NONE', *, *, #2575, .F. ) ;
#762 = DIRECTION ( 'NONE',  ( 0.0000000000000000000, -0.06975647374411883539, 0.9975640502598246417 ) ) ;
#763 = VECTOR ( 'NONE', #1370, 1000.000000000000000 ) ;
#764 = VECTOR ( 'NONE', #4712, 1000.000000000000000 ) ;
#765 =( NAMED_UNIT ( * ) PLANE_ANGLE_UNIT ( ) SI_UNIT ( $, .RADIAN. ) );
#766 = ADVANCED_FACE ( 'NONE', ( #5695 ), #1114, .F. ) ;
#767 =( BOUNDED_SURFACE ( )  B_SPLINE_SURFACE ( 3, 3, ( 
 ( #3010, #4659, #60, #1120 ),
 ( #89, #4135, #6168, #4534 ),
 ( #1614, #2074, #5700, #492 ),
 ( #3621, #6559, #5669, #6078 ) ),
 .UNSPECIFIED., .F., .F., .F. ) 
 B_SPLINE_SURFACE_WITH_KNOTS ( ( 4, 4 ),
 ( 4, 4 ),
 ( 0.0000000000000000000, 1.000000000000000000 ),
 ( 0.0000000000000000000, 1.000000000000000000 ),
 .UNSPECIFIED. ) 
 GEOMETRIC_REPRESENTATION_ITEM ( )  RATIONAL_B_SPLINE_SURFACE ( (
 ( 1.000000000000000000, 0.8307126645170456181, 0.8307126645170456181, 1.000000000000000000),
 ( 0.8307126645170757051, 0.6900835309890345215, 0.6900835309890345215, 0.8307126645170757051),
 ( 0.8307126645170757051, 0.6900835309890345215, 0.6900835309890345215, 0.8307126645170757051),
 ( 1.000000000000000000, 0.8307126645170456181, 0.8307126645170456181, 1.000000000000000000) ) ) 
 REPRESENTATION_ITEM ( '' )  SURFACE ( )  );
#768 = VECTOR ( 'NONE', #1478, 1000.000000000000114 ) ;
#769 = ORIENTED_EDGE ( 'NONE', *, *, #5093, .T. ) ;
#770 = ORIENTED_EDGE ( 'NONE', *, *, #3072, .T. ) ;
#771 = PRESENTATION_LAYER_ASSIGNMENT (  '', '', ( #4296 ) ) ;
#772 = VECTOR ( 'NONE', #4438, 1000.000000000000000 ) ;
#773 = AXIS2_PLACEMENT_3D ( 'NONE', #577, #2041, #2625 ) ;
#774 = DIRECTION ( 'NONE',  ( 0.0000000000000000000, -0.1364901473335454474, -0.9906414284093245648 ) ) ;
#775 = LINE ( 'NONE', #5939, #3854 ) ;
#776 = CARTESIAN_POINT ( 'NONE',  ( -2.268942131948886054, 1.762546603693348812, 0.1963527423377149361 ) ) ;
#777 = CARTESIAN_POINT ( 'NONE',  ( -1.699999999999999956, 2.421966591676075975, 0.2409084130571637061 ) ) ;
#778 = CARTESIAN_POINT ( 'NONE',  ( -0.8400000000000003020, 2.269403886918007984, 0.7659358151225242883 ) ) ;
#779 = VERTEX_POINT ( 'NONE', #2922 ) ;
#780 = PRESENTATION_LAYER_ASSIGNMENT (  '', '', ( #2189 ) ) ;
#781 = DIRECTION ( 'NONE',  ( -1.000000000000000000, -0.0000000000000000000, -0.0000000000000000000 ) ) ;
#782 = CYLINDRICAL_SURFACE ( 'NONE', #2679, 0.1000000000000002554 ) ;
#783 = DIRECTION ( 'NONE',  ( -1.000000000000000000, -0.0000000000000000000, -0.0000000000000000000 ) ) ;
#784 = FILL_AREA_STYLE ('',( #4899 ) ) ;
#785 =( GEOMETRIC_REPRESENTATION_CONTEXT ( 3 ) GLOBAL_UNCERTAINTY_ASSIGNED_CONTEXT ( ( #4741 ) ) GLOBAL_UNIT_ASSIGNED_CONTEXT ( ( #1545, #6131, #3620 ) ) REPRESENTATION_CONTEXT ( 'NONE', 'WORKASPACE' ) );
#786 = DIRECTION ( 'NONE',  ( -1.000000000000000000, 0.0000000000000000000, 0.0000000000000000000 ) ) ;
#787 = UNCERTAINTY_MEASURE_WITH_UNIT (LENGTH_MEASURE( 1.000000000000000082E-05 ), #5415, 'distance_accuracy_value', 'NONE');
#788 = ORIENTED_EDGE ( 'NONE', *, *, #3976, .F. ) ;
#789 = DIRECTION ( 'NONE',  ( 0.0000000000000000000, 0.0000000000000000000, 1.000000000000000000 ) ) ;
#790 = LINE ( 'NONE', #3423, #3688 ) ;
#791 = ORIENTED_EDGE ( 'NONE', *, *, #896, .T. ) ;
#792 = EDGE_LOOP ( 'NONE', ( #5414, #6156, #1266, #6279 ) ) ;
#793 =( NAMED_UNIT ( * ) SI_UNIT ( $, .STERADIAN. ) SOLID_ANGLE_UNIT ( ) );
#794 = ADVANCED_FACE ( 'NONE', ( #6501 ), #3530, .T. ) ;
#795 = DIRECTION ( 'NONE',  ( 0.0000000000000000000, -4.336808689942017736E-15, -1.000000000000000000 ) ) ;
#796 = VECTOR ( 'NONE', #5108, 1000.000000000000114 ) ;
#797 = CARTESIAN_POINT ( 'NONE',  ( -1.699999999999999956, -3.000000000000000000, 0.0000000000000000000 ) ) ;
#798 = FILL_AREA_STYLE_COLOUR ( '', #3957 ) ;
#799 = ORIENTED_EDGE ( 'NONE', *, *, #4642, .F. ) ;
#800 = EDGE_LOOP ( 'NONE', ( #2861, #5986, #6065, #3974 ) ) ;
#801 = AXIS2_PLACEMENT_3D ( 'NONE', #3461, #1530, #126 ) ;
#802 = PRESENTATION_LAYER_ASSIGNMENT (  '', '', ( #4125 ) ) ;
#803 = ADVANCED_FACE ( 'NONE', ( #4505 ), #997, .F. ) ;
#804 =( BOUNDED_SURFACE ( )  B_SPLINE_SURFACE ( 3, 3, ( 
 ( #3937, #5990, #1422, #904 ),
 ( #6177, #1626, #42, #1034 ),
 ( #5749, #1105, #5683, #5139 ),
 ( #5175, #5622, #5716, #3704 ) ),
 .UNSPECIFIED., .F., .F., .T. ) 
 B_SPLINE_SURFACE_WITH_KNOTS ( ( 4, 4 ),
 ( 4, 4 ),
 ( 0.0000000000000000000, 1.000000000000000000 ),
 ( 0.0000000000000000000, 1.000000000000000000 ),
 .UNSPECIFIED. ) 
 GEOMETRIC_REPRESENTATION_ITEM ( )  RATIONAL_B_SPLINE_SURFACE ( (
 ( 1.000000000000000000, 0.8307126645170462842, 0.8307126645170462842, 1.000000000000000000),
 ( 0.8307126645170461732, 0.6900835309890106517, 0.6900835309890106517, 0.8307126645170461732),
 ( 0.8307126645170461732, 0.6900835309890106517, 0.6900835309890106517, 0.8307126645170461732),
 ( 1.000000000000000000, 0.8307126645170462842, 0.8307126645170462842, 1.000000000000000000) ) ) 
 REPRESENTATION_ITEM ( '' )  SURFACE ( )  );
#805 =( GEOMETRIC_REPRESENTATION_CONTEXT ( 3 ) GLOBAL_UNCERTAINTY_ASSIGNED_CONTEXT ( ( #6211 ) ) GLOBAL_UNIT_ASSIGNED_CONTEXT ( ( #2252, #5817, #101 ) ) REPRESENTATION_CONTEXT ( 'NONE', 'WORKASPACE' ) );
#806 = DIRECTION ( 'NONE',  ( -1.000000000000000000, -0.0000000000000000000, -0.0000000000000000000 ) ) ;
#807 = COLOUR_RGB ( '',0.8784313725490195957, 0.8784313725490195957, 0.8784313725490195957 ) ;
#808 = CARTESIAN_POINT ( 'NONE',  ( -2.245982507821995267, 1.803916554534189531, 0.1677911918680917713 ) ) ;
#809 = LINE ( 'NONE', #2844, #32 ) ;
#810 = SURFACE_SIDE_STYLE ('',( #948 ) ) ;
#811 = ORIENTED_EDGE ( 'NONE', *, *, #5804, .T. ) ;
#812 = VECTOR ( 'NONE', #2250, 1000.000000000000114 ) ;
#813 = PRESENTATION_STYLE_ASSIGNMENT (( #5394 ) ) ;
#814 = SURFACE_STYLE_USAGE ( .BOTH. , #5396 ) ;
#815 = PLANE ( 'NONE',  #5887 ) ;
#816 = VERTEX_POINT ( 'NONE', #5478 ) ;
#817 = SURFACE_SIDE_STYLE ('',( #5306 ) ) ;
#818 = CARTESIAN_POINT ( 'NONE',  ( -1.699999999999999956, -1.884378199852105862, 0.8249887709224611454 ) ) ;
#819 = CARTESIAN_POINT ( 'NONE',  ( -2.219263736772201678, -1.361458565304651813, 1.698640944312544754 ) ) ;
#820 = AXIS2_PLACEMENT_3D ( 'NONE', #695, #2713, #6311 ) ;
#821 = SURFACE_SIDE_STYLE ('',( #427 ) ) ;
#822 = VECTOR ( 'NONE', #1731, 1000.000000000000000 ) ;
#823 = CARTESIAN_POINT ( 'NONE',  ( -1.699999999999999956, 1.884379578609461259, 1.024988770922461212 ) ) ;
#824 = ORIENTED_EDGE ( 'NONE', *, *, #931, .F. ) ;
#825 = DIRECTION ( 'NONE',  ( 0.0000000000000000000, 0.0000000000000000000, 1.000000000000000000 ) ) ;
#826 = CARTESIAN_POINT ( 'NONE',  ( -0.4300000000000000488, 3.013951294748823617, 0.1995128100519649172 ) ) ;
#827 = CARTESIAN_POINT ( 'NONE',  ( -1.699999999999999956, -2.131749810527688638, 0.2997177738830835714 ) ) ;
#828 =( LENGTH_UNIT ( ) NAMED_UNIT ( * ) SI_UNIT ( .MILLI., .METRE. ) );
#829 = COLOUR_RGB ( '',0.8784313725490195957, 0.8784313725490195957, 0.8784313725490195957 ) ;
#830 = ORIENTED_EDGE ( 'NONE', *, *, #5750, .F. ) ;
#831 = ORIENTED_EDGE ( 'NONE', *, *, #965, .T. ) ;
#832 = FILL_AREA_STYLE ('',( #4004 ) ) ;
#833 = FACE_OUTER_BOUND ( 'NONE', #2454, .T. ) ;
#834 = VECTOR ( 'NONE', #3531, 1000.000000000000000 ) ;
#835 = DIRECTION ( 'NONE',  ( 0.0000000000000000000, 0.0000000000000000000, 1.000000000000000000 ) ) ;
#836 = EDGE_CURVE ( 'NONE', #49, #3529, #405, .T. ) ;
#837 = ADVANCED_FACE ( 'NONE', ( #1064 ), #34, .F. ) ;
#838 = CARTESIAN_POINT ( 'NONE',  ( -2.219263736772202567, -1.806891044354269171, 0.1939065328297426005 ) ) ;
#839 = ORIENTED_EDGE ( 'NONE', *, *, #3115, .T. ) ;
#840 = EDGE_CURVE ( 'NONE', #1245, #3476, #2665, .T. ) ;
#841 = CARTESIAN_POINT ( 'NONE',  ( 2.291477832458802766, -1.782596265767639077, 1.472117403677933423 ) ) ;
#842 =( NAMED_UNIT ( * ) SI_UNIT ( $, .STERADIAN. ) SOLID_ANGLE_UNIT ( ) );
#843 = EDGE_CURVE ( 'NONE', #138, #4904, #3567, .T. ) ;
#844 =( NAMED_UNIT ( * ) PLANE_ANGLE_UNIT ( ) SI_UNIT ( $, .RADIAN. ) );
#845 =( NAMED_UNIT ( * ) PLANE_ANGLE_UNIT ( ) SI_UNIT ( $, .RADIAN. ) );
#846 = DIRECTION ( 'NONE',  ( 0.0000000000000000000, 0.0000000000000000000, 1.000000000000000000 ) ) ;
#847 = ORIENTED_EDGE ( 'NONE', *, *, #885, .F. ) ;
#848 = DIRECTION ( 'NONE',  ( 1.000000000000000000, 0.0000000000000000000, 0.0000000000000000000 ) ) ;
#849 =( BOUNDED_CURVE ( )  B_SPLINE_CURVE ( 3, ( #6492, #2464, #6039, #2402 ),
 .UNSPECIFIED., .F., .T. ) 
 B_SPLINE_CURVE_WITH_KNOTS ( ( 4, 4 ),
 ( 5.501507132124516808, 7.064863482234660097 ),
 .UNSPECIFIED. ) 
 CURVE ( )  GEOMETRIC_REPRESENTATION_ITEM ( )  RATIONAL_B_SPLINE_CURVE ( ( 1.000000000000000000, 0.8064882076837760483, 0.8064882076837760483, 1.000000000000000000 ) ) 
 REPRESENTATION_ITEM ( '' )  );
#850 = PRESENTATION_STYLE_ASSIGNMENT (( #5397 ) ) ;
#851 = EDGE_CURVE ( 'NONE', #6385, #6446, #6526, .T. ) ;
#852 = ORIENTED_EDGE ( 'NONE', *, *, #1848, .F. ) ;
#853 = DIRECTION ( 'NONE',  ( 0.0000000000000000000, -0.1364901473335454474, -0.9906414284093245648 ) ) ;
#854 =( GEOMETRIC_REPRESENTATION_CONTEXT ( 3 ) GLOBAL_UNCERTAINTY_ASSIGNED_CONTEXT ( ( #4607 ) ) GLOBAL_UNIT_ASSIGNED_CONTEXT ( ( #5475, #2475, #3491 ) ) REPRESENTATION_CONTEXT ( 'NONE', 'WORKASPACE' ) );
#855 = DIRECTION ( 'NONE',  ( -1.000000000000000000, -0.0000000000000000000, -0.0000000000000000000 ) ) ;
#856 = LINE ( 'NONE', #2919, #2471 ) ;
#857 = AXIS2_PLACEMENT_3D ( 'NONE', #5640, #1056, #3069 ) ;
#858 = UNCERTAINTY_MEASURE_WITH_UNIT (LENGTH_MEASURE( 1.000000000000000082E-05 ), #5462, 'distance_accuracy_value', 'NONE');
#859 = ORIENTED_EDGE ( 'NONE', *, *, #1609, .T. ) ;
#860 = LINE ( 'NONE', #2025, #834 ) ;
#861 = STYLED_ITEM ( 'NONE', ( #3206 ), #5659 ) ;
#862 = CARTESIAN_POINT ( 'NONE',  ( -0.4300000000000000488, 2.131749810527688638, 0.2997177738830835159 ) ) ;
#863 = ORIENTED_EDGE ( 'NONE', *, *, #3698, .T. ) ;
#864 = ORIENTED_EDGE ( 'NONE', *, *, #1399, .T. ) ;
#865 = DIRECTION ( 'NONE',  ( 0.0000000000000000000, -1.000000000000000000, -1.234386826208250825E-15 ) ) ;
#866 = DIRECTION ( 'NONE',  ( -1.000000000000000000, -0.0000000000000000000, -0.0000000000000000000 ) ) ;
#867 = LINE ( 'NONE', #3025, #4056 ) ;
#868 =( GEOMETRIC_REPRESENTATION_CONTEXT ( 3 ) GLOBAL_UNCERTAINTY_ASSIGNED_CONTEXT ( ( #2554 ) ) GLOBAL_UNIT_ASSIGNED_CONTEXT ( ( #6560, #5670, #3622 ) ) REPRESENTATION_CONTEXT ( 'NONE', 'WORKASPACE' ) );
#869 =( LENGTH_UNIT ( ) NAMED_UNIT ( * ) SI_UNIT ( .MILLI., .METRE. ) );
#870 = CARTESIAN_POINT ( 'NONE',  ( -0.8400000000000000799, -2.071275601236143071, 0.7386377856558155042 ) ) ;
#871 = LINE ( 'NONE', #1836, #2375 ) ;
#872 = ORIENTED_EDGE ( 'NONE', *, *, #6304, .F. ) ;
#873 = VECTOR ( 'NONE', #307, 1000.000000000000227 ) ;
#874 = VERTEX_POINT ( 'NONE', #2051 ) ;
#875 = CIRCLE ( 'NONE', #1316, 0.2999999999999998779 ) ;
#876 = CARTESIAN_POINT ( 'NONE',  ( -0.8400000000000001910, -2.428942239050485785, 0.3406648180831462480 ) ) ;
#877 =( LENGTH_UNIT ( ) NAMED_UNIT ( * ) SI_UNIT ( .MILLI., .METRE. ) );
#878 =( LENGTH_UNIT ( ) NAMED_UNIT ( * ) SI_UNIT ( .MILLI., .METRE. ) );
#879 = SURFACE_STYLE_USAGE ( .BOTH. , #2971 ) ;
#880 = FILL_AREA_STYLE ('',( #4431 ) ) ;
#881 = AXIS2_PLACEMENT_3D ( 'NONE', #187, #4733, #5846 ) ;
#882 = MECHANICAL_DESIGN_GEOMETRIC_PRESENTATION_REPRESENTATION (  '', ( #1872 ), #6427 ) ;
#883 = EDGE_LOOP ( 'NONE', ( #5652, #5609, #5731, #673 ) ) ;
#884 = EDGE_CURVE ( 'NONE', #6500, #5009, #4108, .T. ) ;
#885 = EDGE_CURVE ( 'NONE', #6154, #2789, #2076, .T. ) ;
#886 = VECTOR ( 'NONE', #2501, 1000.000000000000227 ) ;
#887 = SURFACE_STYLE_FILL_AREA ( #291 ) ;
#888 = EDGE_CURVE ( 'NONE', #2677, #2310, #588, .T. ) ;
#889 = LINE ( 'NONE', #5914, #4298 ) ;
#890 = ORIENTED_EDGE ( 'NONE', *, *, #4405, .F. ) ;
#891 = LINE ( 'NONE', #2372, #2390 ) ;
#892 = DIRECTION ( 'NONE',  ( -0.1218693434051477259, 0.0000000000000000000, 0.9925461516413219831 ) ) ;
#893 = DIRECTION ( 'NONE',  ( 0.0000000000000000000, 0.0000000000000000000, 1.000000000000000000 ) ) ;
#894 = COLOUR_RGB ( '',0.8784313725490195957, 0.8784313725490195957, 0.8784313725490195957 ) ;
#895 = DIRECTION ( 'NONE',  ( 1.000000000000000000, 0.0000000000000000000, 0.0000000000000000000 ) ) ;
#896 = EDGE_CURVE ( 'NONE', #561, #1323, #3143, .T. ) ;
#897 = DIRECTION ( 'NONE',  ( 1.000000000000000000, 0.0000000000000000000, 0.0000000000000000000 ) ) ;
#898 = ORIENTED_EDGE ( 'NONE', *, *, #5567, .T. ) ;
#899 = SURFACE_STYLE_FILL_AREA ( #2089 ) ;
#900 = PLANE ( 'NONE',  #2952 ) ;
#901 = EDGE_LOOP ( 'NONE', ( #3835, #4555, #526, #4414 ) ) ;
#902 = FILL_AREA_STYLE_COLOUR ( '', #4751 ) ;
#903 = VECTOR ( 'NONE', #636, 1000.000000000000000 ) ;
#904 = CARTESIAN_POINT ( 'NONE',  ( -2.219263736772202122, 1.757263736772203044, 1.699999999999999956 ) ) ;
#905 = COLOUR_RGB ( '',0.8784313725490195957, 0.8784313725490195957, 0.8784313725490195957 ) ;
#906 = DIRECTION ( 'NONE',  ( 0.0000000000000000000, 1.000000000000000000, -0.0000000000000000000 ) ) ;
#907 = DIRECTION ( 'NONE',  ( 1.000000000000000000, 0.0000000000000000000, -0.0000000000000000000 ) ) ;
#908 = EDGE_LOOP ( 'NONE', ( #6348, #5035, #3801, #703 ) ) ;
#909 = COLOUR_RGB ( '',0.8784313725490195957, 0.8784313725490195957, 0.8784313725490195957 ) ;
#910 = CARTESIAN_POINT ( 'NONE',  ( 2.268623383440116381, -1.826395645717828975, 1.499145030950395752 ) ) ;
#911 = DIRECTION ( 'NONE',  ( -1.000000000000000000, -0.0000000000000000000, -0.0000000000000000000 ) ) ;
#912 = CARTESIAN_POINT ( 'NONE',  ( -2.268942131948886054, 1.760289314186899379, 0.1943381052050297542 ) ) ;
#913 = FACE_OUTER_BOUND ( 'NONE', #922, .T. ) ;
#914 = EDGE_CURVE ( 'NONE', #3660, #6029, #2285, .T. ) ;
#915 = VERTEX_POINT ( 'NONE', #4068 ) ;
#916 = CARTESIAN_POINT ( 'NONE',  ( -2.214598977102697486, 1.752598977102696409, 0.1620085812482965903 ) ) ;
#917 = AXIS2_PLACEMENT_3D ( 'NONE', #939, #1659, #1993 ) ;
#918 = AXIS2_PLACEMENT_3D ( 'NONE', #3236, #180, #3205 ) ;
#919 = DIRECTION ( 'NONE',  ( 0.0000000000000000000, 0.1364901473335445314, 0.9906414284093246758 ) ) ;
#920 = CARTESIAN_POINT ( 'NONE',  ( -2.109999999999999876, -3.000000000000000000, 0.0000000000000000000 ) ) ;
#921 = CYLINDRICAL_SURFACE ( 'NONE', #4515, 0.05000000000000005135 ) ;
#922 = EDGE_LOOP ( 'NONE', ( #6130, #6453, #3740, #1391, #6601 ) ) ;
#923 =( NAMED_UNIT ( * ) SI_UNIT ( $, .STERADIAN. ) SOLID_ANGLE_UNIT ( ) );
#924 = ADVANCED_FACE ( 'NONE', ( #1029 ), #2605, .T. ) ;
#925 = AXIS2_PLACEMENT_3D ( 'NONE', #15, #2105, #2531 ) ;
#926 = EDGE_CURVE ( 'NONE', #1349, #230, #2571, .T. ) ;
#927 = PRESENTATION_LAYER_ASSIGNMENT (  '', '', ( #4236 ) ) ;
#928 = ORIENTED_EDGE ( 'NONE', *, *, #5137, .F. ) ;
#929 =( NAMED_UNIT ( * ) PLANE_ANGLE_UNIT ( ) SI_UNIT ( $, .RADIAN. ) );
#930 = CARTESIAN_POINT ( 'NONE',  ( 0.4300000000000000488, -1.972211458395209949, 0.7249887709224612786 ) ) ;
#931 = EDGE_CURVE ( 'NONE', #5084, #1406, #5331, .T. ) ;
#932 = DIRECTION ( 'NONE',  ( 0.0000000000000000000, 1.000000000000000000, -1.234386826208250825E-15 ) ) ;
#933 = ORIENTED_EDGE ( 'NONE', *, *, #3106, .F. ) ;
#934 = VECTOR ( 'NONE', #627, 1000.000000000000000 ) ;
#935 = CARTESIAN_POINT ( 'NONE',  ( 1.700000000000000178, -2.269403886918007540, 0.7659358151225242883 ) ) ;
#936 = CARTESIAN_POINT ( 'NONE',  ( -2.296565235439750552, -1.884378889230783782, 0.8249943854612308280 ) ) ;
#937 = UNCERTAINTY_MEASURE_WITH_UNIT (LENGTH_MEASURE( 1.000000000000000082E-05 ), #5839, 'distance_accuracy_value', 'NONE');
#938 = STYLED_ITEM ( 'NONE', ( #5243 ), #4605 ) ;
#939 = CARTESIAN_POINT ( 'NONE',  ( 0.8400000000000001910, -2.428942239050485785, 0.3406648180831462480 ) ) ;
#940 = CARTESIAN_POINT ( 'NONE',  ( 1.700000000000000178, 2.408015296927251470, 0.04139560300519887909 ) ) ;
#941 = ORIENTED_EDGE ( 'NONE', *, *, #2910, .F. ) ;
#942 = ORIENTED_EDGE ( 'NONE', *, *, #2869, .F. ) ;
#943 = DIRECTION ( 'NONE',  ( -0.1209742911513545932, 0.1209742911513552732, -0.9852565360152930607 ) ) ;
#944 =( NAMED_UNIT ( * ) PLANE_ANGLE_UNIT ( ) SI_UNIT ( $, .RADIAN. ) );
#945 = SURFACE_SIDE_STYLE ('',( #4018 ) ) ;
#946 = DIRECTION ( 'NONE',  ( 0.0000000000000000000, 0.9906414284093247868, -0.1364901473335445592 ) ) ;
#947 = DIRECTION ( 'NONE',  ( 0.0000000000000000000, -0.9975640502598247528, -0.06975647374411841906 ) ) ;
#948 = SURFACE_STYLE_FILL_AREA ( #880 ) ;
#949 = CYLINDRICAL_SURFACE ( 'NONE', #3304, 0.3000000000000001554 ) ;
#950 = CARTESIAN_POINT ( 'NONE',  ( 2.268891044354269138, -1.757263736772204599, 0.1939065328297356061 ) ) ;
#951 = LINE ( 'NONE', #1851, #5693 ) ;
#952 = SURFACE_STYLE_USAGE ( .BOTH. , #2370 ) ;
#953 = ORIENTED_EDGE ( 'NONE', *, *, #1773, .F. ) ;
#954 =( LENGTH_UNIT ( ) NAMED_UNIT ( * ) SI_UNIT ( .MILLI., .METRE. ) );
#955 = LINE ( 'NONE', #4470, #4339 ) ;
#956 = CARTESIAN_POINT ( 'NONE',  ( 2.109999999999999876, 2.428942239050485785, 0.3406648180831462480 ) ) ;
#957 = CARTESIAN_POINT ( 'NONE',  ( 2.109999999999999876, 1.972211458395208616, 1.024988770922461212 ) ) ;
#958 = SURFACE_SIDE_STYLE ('',( #2411 ) ) ;
#959 = ORIENTED_EDGE ( 'NONE', *, *, #2609, .F. ) ;
#960 =( NAMED_UNIT ( * ) PLANE_ANGLE_UNIT ( ) SI_UNIT ( $, .RADIAN. ) );
#961 = DIRECTION ( 'NONE',  ( 0.0000000000000000000, 0.06975647374411841906, -0.9975640502598247528 ) ) ;
#962 = ORIENTED_EDGE ( 'NONE', *, *, #6042, .F. ) ;
#963 = EDGE_CURVE ( 'NONE', #5009, #3, #719, .T. ) ;
#964 = LINE ( 'NONE', #3024, #4425 ) ;
#965 = EDGE_CURVE ( 'NONE', #5352, #276, #3857, .T. ) ;
#966 = AXIS2_PLACEMENT_3D ( 'NONE', #5123, #1088, #548 ) ;
#967 =( NAMED_UNIT ( * ) PLANE_ANGLE_UNIT ( ) SI_UNIT ( $, .RADIAN. ) );
#968 = VECTOR ( 'NONE', #5756, 1000.000000000000227 ) ;
#969 = FILL_AREA_STYLE_COLOUR ( '', #3034 ) ;
#970 = SURFACE_STYLE_USAGE ( .BOTH. , #6027 ) ;
#971 = SURFACE_SIDE_STYLE ('',( #4082 ) ) ;
#972 = VERTEX_POINT ( 'NONE', #5880 ) ;
#973 = VERTEX_POINT ( 'NONE', #154 ) ;
#974 = EDGE_CURVE ( 'NONE', #3686, #4301, #5692, .T. ) ;
#975 = DIRECTION ( 'NONE',  ( 0.0000000000000000000, 1.000000000000000000, -1.234386826208250825E-15 ) ) ;
#976 = AXIS2_PLACEMENT_3D ( 'NONE', #3953, #6012, #5576 ) ;
#977 = PRESENTATION_STYLE_ASSIGNMENT (( #5118 ) ) ;
#978 =( GEOMETRIC_REPRESENTATION_CONTEXT ( 3 ) GLOBAL_UNCERTAINTY_ASSIGNED_CONTEXT ( ( #2731 ) ) GLOBAL_UNIT_ASSIGNED_CONTEXT ( ( #5895, #699, #1775 ) ) REPRESENTATION_CONTEXT ( 'NONE', 'WORKASPACE' ) );
#979 = FILL_AREA_STYLE ('',( #5662 ) ) ;
#980 = DIRECTION ( 'NONE',  ( 0.0000000000000000000, 0.0000000000000000000, 1.000000000000000000 ) ) ;
#981 = ORIENTED_EDGE ( 'NONE', *, *, #4897, .T. ) ;
#982 = COLOUR_RGB ( '',0.8784313725490195957, 0.8784313725490195957, 0.8784313725490195957 ) ;
#983 = FACE_OUTER_BOUND ( 'NONE', #901, .T. ) ;
#984 = PRESENTATION_LAYER_ASSIGNMENT (  '', '', ( #1434 ) ) ;
#985 = SURFACE_STYLE_FILL_AREA ( #5574 ) ;
#986 = FILL_AREA_STYLE_COLOUR ( '', #5458 ) ;
#987 = PRESENTATION_LAYER_ASSIGNMENT (  '', '', ( #4087 ) ) ;
#988 = EDGE_LOOP ( 'NONE', ( #5874, #2291, #4228, #2976 ) ) ;
#989 = DIRECTION ( 'NONE',  ( -2.407332051036368319E-16, 1.000000000000000000, -0.0000000000000000000 ) ) ;
#990 = ORIENTED_EDGE ( 'NONE', *, *, #228, .F. ) ;
#991 =( LENGTH_UNIT ( ) NAMED_UNIT ( * ) SI_UNIT ( .MILLI., .METRE. ) );
#992 = VECTOR ( 'NONE', #1922, 1000.000000000000000 ) ;
#993 = VECTOR ( 'NONE', #2467, 1000.000000000000000 ) ;
#994 = LINE ( 'NONE', #2145, #5266 ) ;
#995 = UNCERTAINTY_MEASURE_WITH_UNIT (LENGTH_MEASURE( 1.000000000000000082E-05 ), #2080, 'distance_accuracy_value', 'NONE');
#996 = EDGE_LOOP ( 'NONE', ( #5247, #863, #4829, #3048 ) ) ;
#997 = PLANE ( 'NONE',  #5258 ) ;
#998 = FACE_OUTER_BOUND ( 'NONE', #4847, .T. ) ;
#999 = CARTESIAN_POINT ( 'NONE',  ( -0.4300000000000000488, -3.013951294748823617, 0.1995128100519649450 ) ) ;
#1000 = STYLED_ITEM ( 'NONE', ( #1720 ), #1355 ) ;
#1001 = SURFACE_SIDE_STYLE ('',( #406 ) ) ;
#1002 =( NAMED_UNIT ( * ) SI_UNIT ( $, .STERADIAN. ) SOLID_ANGLE_UNIT ( ) );
#1003 = CARTESIAN_POINT ( 'NONE',  ( 2.296565235439751440, 1.884378889230784004, 1.025005614538769594 ) ) ;
#1004 = EDGE_LOOP ( 'NONE', ( #3864, #5866, #1837, #4322 ) ) ;
#1005 = DIRECTION ( 'NONE',  ( 0.0000000000000000000, -0.06975647374411883539, -0.9975640502598246417 ) ) ;
#1006 = SURFACE_STYLE_FILL_AREA ( #1631 ) ;
#1007 = EDGE_CURVE ( 'NONE', #1349, #4912, #3427, .T. ) ;
#1008 = ORIENTED_EDGE ( 'NONE', *, *, #2532, .T. ) ;
#1009 = STYLED_ITEM ( 'NONE', ( #4586 ), #1839 ) ;
#1010 = EDGE_CURVE ( 'NONE', #1279, #2400, #2800, .T. ) ;
#1011 = VERTEX_POINT ( 'NONE', #1300 ) ;
#1012 = SURFACE_STYLE_USAGE ( .BOTH. , #5447 ) ;
#1013 = EDGE_CURVE ( 'NONE', #2326, #3692, #3099, .T. ) ;
#1014 = PRODUCT_CONTEXT ( 'NONE', #5088, 'mechanical' ) ;
#1015 = CARTESIAN_POINT ( 'NONE',  ( -0.8400000000000001910, -3.000000000000000000, 0.0000000000000000000 ) ) ;
#1016 = ORIENTED_EDGE ( 'NONE', *, *, #349, .F. ) ;
#1017 = MECHANICAL_DESIGN_GEOMETRIC_PRESENTATION_REPRESENTATION (  '', ( #4002 ), #2214 ) ;
#1018 = CARTESIAN_POINT ( 'NONE',  ( 0.4299999999999999933, 1.884379233920122187, 1.024988770922461212 ) ) ;
#1019 = LINE ( 'NONE', #3040, #3103 ) ;
#1020 = DIRECTION ( 'NONE',  ( 0.0000000000000000000, -0.06975647374411883539, -0.9975640502598246417 ) ) ;
#1021 = CARTESIAN_POINT ( 'NONE',  ( -0.8400000000000003020, -2.408015296927251470, 0.04139560300519886521 ) ) ;
#1022 = ORIENTED_EDGE ( 'NONE', *, *, #5924, .T. ) ;
#1023 = FACE_OUTER_BOUND ( 'NONE', #2440, .T. ) ;
#1024 = ORIENTED_EDGE ( 'NONE', *, *, #4121, .F. ) ;
#1025 = CARTESIAN_POINT ( 'NONE',  ( 0.8400000000000001910, 3.000000000000000444, -4.539491095799740721E-18 ) ) ;
#1026 = CYLINDRICAL_SURFACE ( 'NONE', #4626, 0.2999999999999998779 ) ;
#1027 = FILL_AREA_STYLE_COLOUR ( '', #1524 ) ;
#1028 = EDGE_LOOP ( 'NONE', ( #4780, #1838, #1861, #5656 ) ) ;
#1029 = FACE_OUTER_BOUND ( 'NONE', #3618, .T. ) ;
#1030 = LINE ( 'NONE', #2150, #6486 ) ;
#1031 = AXIS2_PLACEMENT_3D ( 'NONE', #1981, #1407, #1890 ) ;
#1032 = FILL_AREA_STYLE_COLOUR ( '', #2123 ) ;
#1033 = LINE ( 'NONE', #3052, #5827 ) ;
#1034 = CARTESIAN_POINT ( 'NONE',  ( -2.245982507821993934, 1.757263736772203266, 1.700000000000000400 ) ) ;
#1035 = PRESENTATION_LAYER_ASSIGNMENT (  '', '', ( #3911 ) ) ;
#1036 = AXIS2_PLACEMENT_3D ( 'NONE', #5444, #339, #1427 ) ;
#1037 = ORIENTED_EDGE ( 'NONE', *, *, #5719, .F. ) ;
#1038 =( NAMED_UNIT ( * ) SI_UNIT ( $, .STERADIAN. ) SOLID_ANGLE_UNIT ( ) );
#1039 = PRESENTATION_LAYER_ASSIGNMENT (  '', '', ( #4878 ) ) ;
#1040 = EDGE_LOOP ( 'NONE', ( #48, #2136, #1876, #4457 ) ) ;
#1041 = VERTEX_POINT ( 'NONE', #5366 ) ;
#1042 = DIRECTION ( 'NONE',  ( 0.0000000000000000000, 0.0000000000000000000, 1.000000000000000000 ) ) ;
#1043 = MECHANICAL_DESIGN_GEOMETRIC_PRESENTATION_REPRESENTATION (  '', ( #5208 ), #5748 ) ;
#1044 = EDGE_CURVE ( 'NONE', #738, #5528, #1267, .T. ) ;
#1045 = FILL_AREA_STYLE ('',( #6589 ) ) ;
#1046 = DIRECTION ( 'NONE',  ( 0.0000000000000000000, 0.06975647374411841906, -0.9975640502598247528 ) ) ;
#1047 = CARTESIAN_POINT ( 'NONE',  ( -2.346379578609460559, -1.834379578609460992, 1.025000000000000133 ) ) ;
#1048 = SURFACE_STYLE_FILL_AREA ( #3510 ) ;
#1049 = CARTESIAN_POINT ( 'NONE',  ( -1.699999999999999956, -3.013951294748823617, 0.1995128100519649172 ) ) ;
#1050 = ORIENTED_EDGE ( 'NONE', *, *, #4727, .T. ) ;
#1051 = EDGE_CURVE ( 'NONE', #4541, #6536, #6270, .T. ) ;
#1052 = LINE ( 'NONE', #2138, #4320 ) ;
#1053 = EDGE_CURVE ( 'NONE', #1666, #2542, #4830, .T. ) ;
#1054 = LINE ( 'NONE', #3068, #665 ) ;
#1055 = CARTESIAN_POINT ( 'NONE',  ( 0.8400000000000001910, 3.000000000000000000, 0.0000000000000000000 ) ) ;
#1056 = DIRECTION ( 'NONE',  ( 1.000000000000000000, 0.0000000000000000000, 0.0000000000000000000 ) ) ;
#1057 = VERTEX_POINT ( 'NONE', #2790 ) ;
#1058 = CARTESIAN_POINT ( 'NONE',  ( 1.700000000000000178, -3.013951294748823617, 0.1995128100519649172 ) ) ;
#1059 = VERTEX_POINT ( 'NONE', #4372 ) ;
#1060 = ADVANCED_FACE ( 'NONE', ( #2248 ), #2311, .F. ) ;
#1061 = DIRECTION ( 'NONE',  ( 0.0000000000000000000, -0.9975640502598247528, -0.06975647374411841906 ) ) ;
#1062 = UNCERTAINTY_MEASURE_WITH_UNIT (LENGTH_MEASURE( 1.000000000000000082E-05 ), #467, 'distance_accuracy_value', 'NONE');
#1063 = ORIENTED_EDGE ( 'NONE', *, *, #1664, .T. ) ;
#1064 = FACE_OUTER_BOUND ( 'NONE', #4919, .T. ) ;
#1065 = CARTESIAN_POINT ( 'NONE',  ( -2.109999999999999876, 1.972211458395209949, 0.7249887709224612786 ) ) ;
#1066 = LINE ( 'NONE', #6576, #279 ) ;
#1067 = DIRECTION ( 'NONE',  ( -1.000000000000000000, -0.0000000000000000000, 0.0000000000000000000 ) ) ;
#1068 = ORIENTED_EDGE ( 'NONE', *, *, #3394, .T. ) ;
#1069 = SURFACE_SIDE_STYLE ('',( #3153 ) ) ;
#1070 = CARTESIAN_POINT ( 'NONE',  ( 0.8400000000000001910, -2.329878096209553551, 0.3270158033497923555 ) ) ;
#1071 = LINE ( 'NONE', #3741, #6588 ) ;
#1072 = FACE_OUTER_BOUND ( 'NONE', #4313, .T. ) ;
#1073 = ORIENTED_EDGE ( 'NONE', *, *, #5994, .F. ) ;
#1074 = VERTEX_POINT ( 'NONE', #4267 ) ;
#1075 = SURFACE_STYLE_FILL_AREA ( #5492 ) ;
#1076 = VECTOR ( 'NONE', #331, 1000.000000000000227 ) ;
#1077 = FILL_AREA_STYLE ('',( #2133 ) ) ;
#1078 = VECTOR ( 'NONE', #3826, 1000.000000000000000 ) ;
#1079 = CARTESIAN_POINT ( 'NONE',  ( 0.4300000000000000488, 2.131749810527688638, 0.2997177738830835159 ) ) ;
#1080 = CARTESIAN_POINT ( 'NONE',  ( 2.245982507821991714, 1.803916554534189753, 1.682208808131908651 ) ) ;
#1081 =( GEOMETRIC_REPRESENTATION_CONTEXT ( 3 ) GLOBAL_UNCERTAINTY_ASSIGNED_CONTEXT ( ( #2663 ) ) GLOBAL_UNIT_ASSIGNED_CONTEXT ( ( #3676, #944, #5718 ) ) REPRESENTATION_CONTEXT ( 'NONE', 'WORKASPACE' ) );
#1082 = VERTEX_POINT ( 'NONE', #5777 ) ;
#1083 = EDGE_CURVE ( 'NONE', #759, #3641, #3343, .T. ) ;
#1084 = CARTESIAN_POINT ( 'NONE',  ( 0.8400000000000001910, 2.421966591676075087, 0.2409084130571637894 ) ) ;
#1085 = MECHANICAL_DESIGN_GEOMETRIC_PRESENTATION_REPRESENTATION (  '', ( #337 ), #3298 ) ;
#1086 = CARTESIAN_POINT ( 'NONE',  ( 2.109999999999999876, 1.972211458395209505, 1.024988770922461212 ) ) ;
#1087 = FILL_AREA_STYLE_COLOUR ( '', #2901 ) ;
#1088 = DIRECTION ( 'NONE',  ( -1.000000000000000000, -0.0000000000000000000, -0.0000000000000000000 ) ) ;
#1089 = ORIENTED_EDGE ( 'NONE', *, *, #3067, .T. ) ;
#1090 = EDGE_CURVE ( 'NONE', #1406, #572, #6299, .T. ) ;
#1091 = STYLED_ITEM ( 'NONE', ( #2053 ), #5963 ) ;
#1092 = ADVANCED_FACE ( 'NONE', ( #1754 ), #3769, .T. ) ;
#1093 = PRESENTATION_LAYER_ASSIGNMENT (  '', '', ( #5789 ) ) ;
#1094 = CARTESIAN_POINT ( 'NONE',  ( -0.4300000000000000488, 2.071275601236143071, 0.7386377856558151711 ) ) ;
#1095 = LINE ( 'NONE', #4141, #6018 ) ;
#1096 = FILL_AREA_STYLE ('',( #1027 ) ) ;
#1097 = ORIENTED_EDGE ( 'NONE', *, *, #4154, .T. ) ;
#1098 = CARTESIAN_POINT ( 'NONE',  ( 2.325682287316549246, 1.884270832855306832, 0.8232323398022710625 ) ) ;
#1099 = PLANE ( 'NONE',  #2137 ) ;
#1100 = DIRECTION ( 'NONE',  ( 0.0000000000000000000, 0.0000000000000000000, 1.000000000000000000 ) ) ;
#1101 = SURFACE_SIDE_STYLE ('',( #225 ) ) ;
#1102 = MECHANICAL_DESIGN_GEOMETRIC_PRESENTATION_REPRESENTATION (  '', ( #4087 ), #3211 ) ;
#1103 = AXIS2_PLACEMENT_3D ( 'NONE', #4794, #1160, #2787 ) ;
#1104 = VECTOR ( 'NONE', #6194, 1000.000000000000000 ) ;
#1105 = CARTESIAN_POINT ( 'NONE',  ( -2.265916554534189054, 1.787316369894377255, 1.670748146425561798 ) ) ;
#1106 = COLOUR_RGB ( '',0.8784313725490195957, 0.8784313725490195957, 0.8784313725490195957 ) ;
#1107 = ORIENTED_EDGE ( 'NONE', *, *, #1935, .F. ) ;
#1108 = CARTESIAN_POINT ( 'NONE',  ( 2.109999999999999876, -2.269403886918007540, 0.7659358151225242883 ) ) ;
#1109 = CARTESIAN_POINT ( 'NONE',  ( 1.437500000000000000, -1.012499999999999956, 0.1399999999999999856 ) ) ;
#1110 = ORIENTED_EDGE ( 'NONE', *, *, #3449, .T. ) ;
#1111 = ORIENTED_EDGE ( 'NONE', *, *, #285, .T. ) ;
#1112 = PRESENTATION_STYLE_ASSIGNMENT (( #3642 ) ) ;
#1113 =( LENGTH_UNIT ( ) NAMED_UNIT ( * ) SI_UNIT ( .MILLI., .METRE. ) );
#1114 = CYLINDRICAL_SURFACE ( 'NONE', #5142, 0.09999999999999988065 ) ;
#1115 =( GEOMETRIC_REPRESENTATION_CONTEXT ( 3 ) GLOBAL_UNCERTAINTY_ASSIGNED_CONTEXT ( ( #726 ) ) GLOBAL_UNIT_ASSIGNED_CONTEXT ( ( #2198, #1178, #2040 ) ) REPRESENTATION_CONTEXT ( 'NONE', 'WORKASPACE' ) );
#1116 =( NAMED_UNIT ( * ) SI_UNIT ( $, .STERADIAN. ) SOLID_ANGLE_UNIT ( ) );
#1117 = ORIENTED_EDGE ( 'NONE', *, *, #1979, .T. ) ;
#1118 = DIRECTION ( 'NONE',  ( 1.000000000000000000, 0.0000000000000000000, 0.0000000000000000000 ) ) ;
#1119 = AXIS2_PLACEMENT_3D ( 'NONE', #1959, #4548, #6507 ) ;
#1120 = CARTESIAN_POINT ( 'NONE',  ( 2.268942131948885610, -1.757263736772203044, 0.1943381052050227042 ) ) ;
#1121 = CARTESIAN_POINT ( 'NONE',  ( 0.4299999999999999933, -3.000000000000000444, 0.0000000000000000000 ) ) ;
#1122 = EDGE_LOOP ( 'NONE', ( #5935, #4667, #2232, #4755 ) ) ;
#1123 = CARTESIAN_POINT ( 'NONE',  ( 2.109999999999999876, -2.408015296927252358, 0.04139560300519878888 ) ) ;
#1124 = EDGE_CURVE ( 'NONE', #5579, #4521, #4962, .T. ) ;
#1125 = ORIENTED_EDGE ( 'NONE', *, *, #1346, .T. ) ;
#1126 = CARTESIAN_POINT ( 'NONE',  ( 2.109999999999999876, -1.972211458395209949, 0.7249887709224612786 ) ) ;
#1127 =( NAMED_UNIT ( * ) PLANE_ANGLE_UNIT ( ) SI_UNIT ( $, .RADIAN. ) );
#1128 = SURFACE_STYLE_USAGE ( .BOTH. , #5713 ) ;
#1129 = EDGE_CURVE ( 'NONE', #2212, #2195, #1889, .T. ) ;
#1130 = VECTOR ( 'NONE', #1277, 1000.000000000000114 ) ;
#1131 =( GEOMETRIC_REPRESENTATION_CONTEXT ( 3 ) GLOBAL_UNCERTAINTY_ASSIGNED_CONTEXT ( ( #2796 ) ) GLOBAL_UNIT_ASSIGNED_CONTEXT ( ( #3237, #1719, #1262 ) ) REPRESENTATION_CONTEXT ( 'NONE', 'WORKASPACE' ) );
#1132 = LINE ( 'NONE', #4584, #379 ) ;
#1133 = AXIS2_PLACEMENT_3D ( 'NONE', #563, #961, #435 ) ;
#1134 = EDGE_CURVE ( 'NONE', #1585, #2809, #891, .T. ) ;
#1135 = UNCERTAINTY_MEASURE_WITH_UNIT (LENGTH_MEASURE( 1.000000000000000082E-05 ), #1450, 'distance_accuracy_value', 'NONE');
#1136 = ORIENTED_EDGE ( 'NONE', *, *, #1784, .F. ) ;
#1137 = PLANE ( 'NONE',  #3604 ) ;
#1138 = CARTESIAN_POINT ( 'NONE',  ( -2.109999999999999876, 2.428942239050485785, 0.3406648180831462480 ) ) ;
#1139 = CARTESIAN_POINT ( 'NONE',  ( 1.700000000000000178, -3.013951294748823617, 0.1995128100519648617 ) ) ;
#1140 = ORIENTED_EDGE ( 'NONE', *, *, #6091, .T. ) ;
#1141 = ORIENTED_EDGE ( 'NONE', *, *, #3613, .T. ) ;
#1142 = PRESENTATION_LAYER_ASSIGNMENT (  '', '', ( #606 ) ) ;
#1143 = ADVANCED_FACE ( 'NONE', ( #5024 ), #324, .T. ) ;
#1144 = MECHANICAL_DESIGN_GEOMETRIC_PRESENTATION_REPRESENTATION (  '', ( #4236 ), #175 ) ;
#1145 = COLOUR_RGB ( '',0.8784313725490195957, 0.8784313725490195957, 0.8784313725490195957 ) ;
#1146 = ORIENTED_EDGE ( 'NONE', *, *, #5707, .T. ) ;
#1147 = EDGE_LOOP ( 'NONE', ( #2351, #4255, #394, #62 ) ) ;
#1148 = AXIS2_PLACEMENT_3D ( 'NONE', #3899, #4938, #2891 ) ;
#1149 = LINE ( 'NONE', #2204, #4636 ) ;
#1150 = SURFACE_SIDE_STYLE ('',( #1259 ) ) ;
#1151 = CARTESIAN_POINT ( 'NONE',  ( -0.8400000000000001910, 2.269403886918007984, 0.7659358151225240663 ) ) ;
#1152 = CARTESIAN_POINT ( 'NONE',  ( 0.0000000000000000000, -1.367579370227615554, 1.696025242672622113 ) ) ;
#1153 = SURFACE_STYLE_USAGE ( .BOTH. , #6197 ) ;
#1154 = PRESENTATION_LAYER_ASSIGNMENT (  '', '', ( #5208 ) ) ;
#1155 = DIRECTION ( 'NONE',  ( 0.0000000000000000000, 1.000000000000000000, -1.234386826208250825E-15 ) ) ;
#1156 = ORIENTED_EDGE ( 'NONE', *, *, #6276, .T. ) ;
#1157 = CARTESIAN_POINT ( 'NONE',  ( -2.241764626010010364, -1.779330044498151686, 1.516743074463242191 ) ) ;
#1158 = PRESENTATION_LAYER_ASSIGNMENT (  '', '', ( #5644 ) ) ;
#1159 = DIRECTION ( 'NONE',  ( 1.000000000000000000, 0.0000000000000000000, 0.0000000000000000000 ) ) ;
#1160 = DIRECTION ( 'NONE',  ( 1.000000000000000000, 0.0000000000000000000, 0.0000000000000000000 ) ) ;
#1161 = DIRECTION ( 'NONE',  ( 1.000000000000000000, -0.0000000000000000000, 0.0000000000000000000 ) ) ;
#1162 = VERTEX_POINT ( 'NONE', #5983 ) ;
#1163 = CARTESIAN_POINT ( 'NONE',  ( -0.4300000000000000488, 1.884379578609461259, 1.025000000000000133 ) ) ;
#1164 =( LENGTH_UNIT ( ) NAMED_UNIT ( * ) SI_UNIT ( .MILLI., .METRE. ) );
#1165 = CARTESIAN_POINT ( 'NONE',  ( 2.109999999999999876, -3.013951294748823617, 0.1995128100519649450 ) ) ;
#1166 = SURFACE_STYLE_USAGE ( .BOTH. , #1101 ) ;
#1167 = ADVANCED_FACE ( 'NONE', ( #1378 ), #6563, .F. ) ;
#1168 = EDGE_CURVE ( 'NONE', #685, #3887, #24, .T. ) ;
#1169 = CARTESIAN_POINT ( 'NONE',  ( -2.219263736772202567, -1.348042813803152162, 1.650000000000000577 ) ) ;
#1170 = VERTEX_POINT ( 'NONE', #3623 ) ;
#1171 = DIRECTION ( 'NONE',  ( 0.0000000000000000000, 0.0000000000000000000, 1.000000000000000000 ) ) ;
#1172 = DIRECTION ( 'NONE',  ( 0.0000000000000000000, 0.9925461516413219831, 0.1218693434051479618 ) ) ;
#1173 = LINE ( 'NONE', #5315, #609 ) ;
#1174 = ADVANCED_FACE ( 'NONE', ( #1552 ), #522, .T. ) ;
#1175 = ORIENTED_EDGE ( 'NONE', *, *, #6073, .F. ) ;
#1176 = EDGE_LOOP ( 'NONE', ( #5616, #770, #4811, #898, #119, #4648, #6368, #6165, #5000, #2485, #5182, #2431 ) ) ;
#1177 = EDGE_CURVE ( 'NONE', #5995, #727, #2598, .T. ) ;
#1178 =( NAMED_UNIT ( * ) PLANE_ANGLE_UNIT ( ) SI_UNIT ( $, .RADIAN. ) );
#1179 = ORIENTED_EDGE ( 'NONE', *, *, #4479, .F. ) ;
#1180 = VERTEX_POINT ( 'NONE', #5493 ) ;
#1181 = ADVANCED_FACE ( 'NONE', ( #446 ), #6100, .T. ) ;
#1182 = DIRECTION ( 'NONE',  ( -1.000000000000000000, -0.0000000000000000000, -0.0000000000000000000 ) ) ;
#1183 = LINE ( 'NONE', #4290, #4511 ) ;
#1184 = PRESENTATION_STYLE_ASSIGNMENT (( #6260 ) ) ;
#1185 = COLOUR_RGB ( '',0.8784313725490195957, 0.8784313725490195957, 0.8784313725490195957 ) ;
#1186 =( LENGTH_UNIT ( ) NAMED_UNIT ( * ) SI_UNIT ( .MILLI., .METRE. ) );
#1187 = DIRECTION ( 'NONE',  ( 0.0000000000000000000, 1.000000000000000000, -1.234386826208250825E-15 ) ) ;
#1188 = CARTESIAN_POINT ( 'NONE',  ( -1.699999999999999956, -2.131749810527688638, 0.2997177738830844040 ) ) ;
#1189 = VECTOR ( 'NONE', #846, 1000.000000000000000 ) ;
#1190 = LINE ( 'NONE', #3305, #6441 ) ;
#1191 = DIRECTION ( 'NONE',  ( 0.0000000000000000000, -0.1364901473335454474, 0.9906414284093245648 ) ) ;
#1192 = VECTOR ( 'NONE', #4788, 1000.000000000000114 ) ;
#1193 = DIRECTION ( 'NONE',  ( -0.1209742911513548291, -0.1209742911513548291, 0.9852565360152931717 ) ) ;
#1194 = UNCERTAINTY_MEASURE_WITH_UNIT (LENGTH_MEASURE( 1.000000000000000082E-05 ), #3855, 'distance_accuracy_value', 'NONE');
#1195 = VERTEX_POINT ( 'NONE', #5599 ) ;
#1196 = DIRECTION ( 'NONE',  ( 0.0000000000000000000, 1.000000000000000000, 0.0000000000000000000 ) ) ;
#1197 = CARTESIAN_POINT ( 'NONE',  ( 1.437500000000000000, -1.012499999999999956, 0.1399999999999999856 ) ) ;
#1198 = FILL_AREA_STYLE ('',( #3734 ) ) ;
#1199 = STYLED_ITEM ( 'NONE', ( #271 ), #5876 ) ;
#1200 = CARTESIAN_POINT ( 'NONE',  ( -1.699999999999999956, -1.884379578609461259, 1.024988770922461434 ) ) ;
#1201 = DIRECTION ( 'NONE',  ( -1.000000000000000000, -0.0000000000000000000, -0.0000000000000000000 ) ) ;
#1202 = AXIS2_PLACEMENT_3D ( 'NONE', #4561, #6591, #5090 ) ;
#1203 = UNCERTAINTY_MEASURE_WITH_UNIT (LENGTH_MEASURE( 1.000000000000000082E-05 ), #6057, 'distance_accuracy_value', 'NONE');
#1204 = PRESENTATION_STYLE_ASSIGNMENT (( #2156 ) ) ;
#1205 = AXIS2_PLACEMENT_3D ( 'NONE', #2633, #5711, #5133 ) ;
#1206 = LINE ( 'NONE', #162, #822 ) ;
#1207 = DIRECTION ( 'NONE',  ( -1.000000000000000000, -0.0000000000000000000, -0.0000000000000000000 ) ) ;
#1208 = ORIENTED_EDGE ( 'NONE', *, *, #5157, .F. ) ;
#1209 = COLOUR_RGB ( '',0.8784313725490195957, 0.8784313725490195957, 0.8784313725490195957 ) ;
#1210 = ADVANCED_FACE ( 'NONE', ( #6516 ), #1967, .T. ) ;
#1211 = ORIENTED_EDGE ( 'NONE', *, *, #266, .T. ) ;
#1212 = FACE_OUTER_BOUND ( 'NONE', #5040, .T. ) ;
#1213 = AXIS2_PLACEMENT_3D ( 'NONE', #3547, #3944, #975 ) ;
#1214 = VECTOR ( 'NONE', #4097, 1000.000000000000000 ) ;
#1215 = CARTESIAN_POINT ( 'NONE',  ( -1.806095522657784835, -0.9190406258255605643, 1.650000000000000133 ) ) ;
#1216 = EDGE_CURVE ( 'NONE', #816, #3251, #5405, .T. ) ;
#1217 = EDGE_CURVE ( 'NONE', #3440, #1865, #2345, .T. ) ;
#1218 = DIRECTION ( 'NONE',  ( -0.0000000000000000000, 0.06975647374411841906, 0.9975640502598247528 ) ) ;
#1219 = ORIENTED_EDGE ( 'NONE', *, *, #5186, .T. ) ;
#1220 = EDGE_CURVE ( 'NONE', #1701, #3476, #4902, .T. ) ;
#1221 = VERTEX_POINT ( 'NONE', #3417 ) ;
#1222 = COLOUR_RGB ( '',0.8862745098039215286, 0.8862745098039215286, 0.8862745098039215286 ) ;
#1223 = DIRECTION ( 'NONE',  ( -1.000000000000000000, -0.0000000000000000000, -0.0000000000000000000 ) ) ;
#1224 = EDGE_CURVE ( 'NONE', #4468, #2720, #2493, .T. ) ;
#1225 = PLANE ( 'NONE',  #3646 ) ;
#1226 = LINE ( 'NONE', #777, #3694 ) ;
#1227 = CARTESIAN_POINT ( 'NONE',  ( -2.347105863294223216, -1.835478555712157789, 1.019084885921961003 ) ) ;
#1228 = PRESENTATION_STYLE_ASSIGNMENT (( #1786 ) ) ;
#1229 = DIRECTION ( 'NONE',  ( 0.0000000000000000000, 0.0000000000000000000, 1.000000000000000000 ) ) ;
#1230 = AXIS2_PLACEMENT_3D ( 'NONE', #2526, #4486, #1908 ) ;
#1231 = CARTESIAN_POINT ( 'NONE',  ( 2.109999999999999876, 2.329878096209553551, 0.3270158033497924110 ) ) ;
#1232 = ORIENTED_EDGE ( 'NONE', *, *, #5969, .F. ) ;
#1233 = FILL_AREA_STYLE ('',( #5812 ) ) ;
#1234 = LINE ( 'NONE', #5332, #3626 ) ;
#1235 = LINE ( 'NONE', #5273, #2120 ) ;
#1236 = CARTESIAN_POINT ( 'NONE',  ( -1.699999999999999956, -2.071275601236143071, 0.7386377856558155042 ) ) ;
#1237 = PLANE ( 'NONE',  #1248 ) ;
#1238 = LINE ( 'NONE', #5278, #584 ) ;
#1239 = CARTESIAN_POINT ( 'NONE',  ( 2.291429770187328518, -1.779764625829685309, 1.472526412036146537 ) ) ;
#1240 = EDGE_LOOP ( 'NONE', ( #1309, #5917, #630, #4355 ) ) ;
#1241 =( NAMED_UNIT ( * ) SI_UNIT ( $, .STERADIAN. ) SOLID_ANGLE_UNIT ( ) );
#1242 = AXIS2_PLACEMENT_3D ( 'NONE', #5501, #4435, #2432 ) ;
#1243 = FILL_AREA_STYLE_COLOUR ( '', #3046 ) ;
#1244 = FACE_OUTER_BOUND ( 'NONE', #3302, .T. ) ;
#1245 = VERTEX_POINT ( 'NONE', #1381 ) ;
#1246 = ORIENTED_EDGE ( 'NONE', *, *, #5360, .T. ) ;
#1247 = DIRECTION ( 'NONE',  ( 0.0000000000000000000, 1.000000000000000000, -0.0000000000000000000 ) ) ;
#1248 = AXIS2_PLACEMENT_3D ( 'NONE', #2151, #2185, #4171 ) ;
#1249 = AXIS2_PLACEMENT_3D ( 'NONE', #3880, #4430, #5535 ) ;
#1250 = DIRECTION ( 'NONE',  ( -1.000000000000000000, -0.0000000000000000000, -0.0000000000000000000 ) ) ;
#1251 = FACE_OUTER_BOUND ( 'NONE', #2610, .T. ) ;
#1252 = FILL_AREA_STYLE_COLOUR ( '', #1599 ) ;
#1253 = VECTOR ( 'NONE', #5025, 1000.000000000000114 ) ;
#1254 = COLOUR_RGB ( '',0.8784313725490195957, 0.8784313725490195957, 0.8784313725490195957 ) ;
#1255 = VERTEX_POINT ( 'NONE', #1451 ) ;
#1256 =( GEOMETRIC_REPRESENTATION_CONTEXT ( 3 ) GLOBAL_UNCERTAINTY_ASSIGNED_CONTEXT ( ( #6278 ) ) GLOBAL_UNIT_ASSIGNED_CONTEXT ( ( #869, #4454, #480 ) ) REPRESENTATION_CONTEXT ( 'NONE', 'WORKASPACE' ) );
#1257 = AXIS2_PLACEMENT_3D ( 'NONE', #407, #1312, #5377 ) ;
#1258 = EDGE_CURVE ( 'NONE', #6342, #2099, #6499, .T. ) ;
#1259 = SURFACE_STYLE_FILL_AREA ( #3754 ) ;
#1260 = DIRECTION ( 'NONE',  ( 0.0000000000000000000, -0.9975640502598247528, 0.06975647374411841906 ) ) ;
#1261 = VECTOR ( 'NONE', #5654, 1000.000000000000227 ) ;
#1262 =( NAMED_UNIT ( * ) SI_UNIT ( $, .STERADIAN. ) SOLID_ANGLE_UNIT ( ) );
#1263 = ADVANCED_FACE ( 'NONE', ( #5548 ), #362, .T. ) ;
#1264 =( NAMED_UNIT ( * ) SI_UNIT ( $, .STERADIAN. ) SOLID_ANGLE_UNIT ( ) );
#1265 = DIRECTION ( 'NONE',  ( 1.000000000000000000, 0.0000000000000000000, 0.0000000000000000000 ) ) ;
#1266 = ORIENTED_EDGE ( 'NONE', *, *, #4716, .F. ) ;
#1267 = LINE ( 'NONE', #3277, #5357 ) ;
#1268 = PRESENTATION_STYLE_ASSIGNMENT (( #5367 ) ) ;
#1269 = CARTESIAN_POINT ( 'NONE',  ( 2.109999999999999876, -3.013951294748823617, 0.1995128100519649450 ) ) ;
#1270 = CYLINDRICAL_SURFACE ( 'NONE', #6104, 0.09999999999999988065 ) ;
#1271 =( GEOMETRIC_REPRESENTATION_CONTEXT ( 3 ) GLOBAL_UNCERTAINTY_ASSIGNED_CONTEXT ( ( #6203 ) ) GLOBAL_UNIT_ASSIGNED_CONTEXT ( ( #1164, #2119, #6271 ) ) REPRESENTATION_CONTEXT ( 'NONE', 'WORKASPACE' ) );
#1272 = EDGE_CURVE ( 'NONE', #4054, #3715, #4418, .T. ) ;
#1273 = SURFACE_SIDE_STYLE ('',( #5852 ) ) ;
#1274 = UNCERTAINTY_MEASURE_WITH_UNIT (LENGTH_MEASURE( 1.000000000000000082E-05 ), #828, 'distance_accuracy_value', 'NONE');
#1275 = DIRECTION ( 'NONE',  ( 0.0000000000000000000, 1.000000000000000000, -0.0000000000000000000 ) ) ;
#1276 = FILL_AREA_STYLE ('',( #1243 ) ) ;
#1277 = DIRECTION ( 'NONE',  ( -0.1209742911513550095, 0.1209742911513546765, 0.9852565360152930607 ) ) ;
#1278 = ORIENTED_EDGE ( 'NONE', *, *, #309, .T. ) ;
#1279 = VERTEX_POINT ( 'NONE', #5582 ) ;
#1280 = CARTESIAN_POINT ( 'NONE',  ( 1.700000000000000178, -2.428942239050485785, 1.024988770922461434 ) ) ;
#1281 = CARTESIAN_POINT ( 'NONE',  ( -0.4300000000000000488, 3.000000000000000000, 0.0000000000000000000 ) ) ;
#1282 = DIRECTION ( 'NONE',  ( -0.04792063293609423458, -0.9194473282641766332, -0.3902822356793496650 ) ) ;
#1283 = ORIENTED_EDGE ( 'NONE', *, *, #2913, .T. ) ;
#1284 = ORIENTED_EDGE ( 'NONE', *, *, #6403, .F. ) ;
#1285 =( BOUNDED_SURFACE ( )  B_SPLINE_SURFACE ( 3, 3, ( 
 ( #2231, #4778, #200, #3186 ),
 ( #5246, #2259, #4276, #4311 ),
 ( #3678, #2766, #2158, #1767 ),
 ( #5823, #4245, #1670, #5217 ) ),
 .UNSPECIFIED., .F., .F., .F. ) 
 B_SPLINE_SURFACE_WITH_KNOTS ( ( 4, 4 ),
 ( 4, 4 ),
 ( 0.0000000000000000000, 1.000000000000000000 ),
 ( 0.0000000000000000000, 1.000000000000000000 ),
 .UNSPECIFIED. ) 
 GEOMETRIC_REPRESENTATION_ITEM ( )  RATIONAL_B_SPLINE_SURFACE ( (
 ( 1.000000000000000000, 0.9864559332266797931, 0.9864559332266797931, 1.000000000000000000),
 ( 0.8307126645170412882, 0.8194614367193797655, 0.8194614367193797655, 0.8307126645170412882),
 ( 0.8307126645170412882, 0.8194614367193797655, 0.8194614367193797655, 0.8307126645170412882),
 ( 1.000000000000000000, 0.9864559332266797931, 0.9864559332266797931, 1.000000000000000000) ) ) 
 REPRESENTATION_ITEM ( '' )  SURFACE ( )  );
#1286 = CARTESIAN_POINT ( 'NONE',  ( 0.4300000000000000488, 3.013951294748823617, 0.1995128100519649172 ) ) ;
#1287 = DIRECTION ( 'NONE',  ( 0.0000000000000000000, 0.0000000000000000000, 1.000000000000000000 ) ) ;
#1288 = MECHANICAL_DESIGN_GEOMETRIC_PRESENTATION_REPRESENTATION (  '', ( #4164 ), #2670 ) ;
#1289 = CARTESIAN_POINT ( 'NONE',  ( -0.8400000000000001910, -1.972211458395209949, 0.7249887709224612786 ) ) ;
#1290 = FILL_AREA_STYLE ('',( #3820 ) ) ;
#1291 = SURFACE_STYLE_USAGE ( .BOTH. , #4259 ) ;
#1292 = EDGE_CURVE ( 'NONE', #4746, #3887, #4634, .T. ) ;
#1293 = DIRECTION ( 'NONE',  ( 0.0000000000000000000, -0.0000000000000000000, -1.000000000000000000 ) ) ;
#1294 = EDGE_LOOP ( 'NONE', ( #1617, #1299 ) ) ;
#1295 = FILL_AREA_STYLE ('',( #5503 ) ) ;
#1296 = MECHANICAL_DESIGN_GEOMETRIC_PRESENTATION_REPRESENTATION (  '', ( #861 ), #3193 ) ;
#1297 = CARTESIAN_POINT ( 'NONE',  ( -2.296565235439750108, -1.884378889230783560, 1.025005614538769594 ) ) ;
#1298 = DIRECTION ( 'NONE',  ( -0.0000000000000000000, -1.000000000000000000, 0.0000000000000000000 ) ) ;
#1299 = ORIENTED_EDGE ( 'NONE', *, *, #2807, .F. ) ;
#1300 = CARTESIAN_POINT ( 'NONE',  ( -1.437500000000000444, -1.012499999999999956, 0.1399999999999999856 ) ) ;
#1301 = DIRECTION ( 'NONE',  ( -1.000000000000000000, -0.0000000000000000000, -0.0000000000000000000 ) ) ;
#1302 = DIRECTION ( 'NONE',  ( 0.0000000000000000000, -0.9975640502598247528, 0.06975647374411841906 ) ) ;
#1303 =( NAMED_UNIT ( * ) PLANE_ANGLE_UNIT ( ) SI_UNIT ( $, .RADIAN. ) );
#1304 = EDGE_CURVE ( 'NONE', #5435, #4180, #6569, .T. ) ;
#1305 = EDGE_CURVE ( 'NONE', #5080, #49, #4064, .T. ) ;
#1306 = VECTOR ( 'NONE', #4666, 1000.000000000000000 ) ;
#1307 = ADVANCED_FACE ( 'NONE', ( #4604 ), #6174, .F. ) ;
#1308 = CIRCLE ( 'NONE', #5250, 0.09999999999999988065 ) ;
#1309 = ORIENTED_EDGE ( 'NONE', *, *, #1305, .T. ) ;
#1310 = EDGE_CURVE ( 'NONE', #4301, #2262, #585, .T. ) ;
#1311 = PLANE ( 'NONE',  #182 ) ;
#1312 = DIRECTION ( 'NONE',  ( -1.000000000000000000, -0.0000000000000000000, -0.0000000000000000000 ) ) ;
#1313 = ORIENTED_EDGE ( 'NONE', *, *, #2280, .F. ) ;
#1314 = ORIENTED_EDGE ( 'NONE', *, *, #1809, .T. ) ;
#1315 = CARTESIAN_POINT ( 'NONE',  ( 2.245982507821995267, 1.803916554534181760, 0.1677911918680843606 ) ) ;
#1316 = AXIS2_PLACEMENT_3D ( 'NONE', #5422, #3401, #4461 ) ;
#1317 = LINE ( 'NONE', #3325, #6448 ) ;
#1318 = MECHANICAL_DESIGN_GEOMETRIC_PRESENTATION_REPRESENTATION (  '', ( #457 ), #3436 ) ;
#1319 = DIRECTION ( 'NONE',  ( -1.000000000000000000, -0.0000000000000000000, -0.0000000000000000000 ) ) ;
#1320 = PRESENTATION_LAYER_ASSIGNMENT (  '', '', ( #6430 ) ) ;
#1321 = CYLINDRICAL_SURFACE ( 'NONE', #5631, 0.05000000000000012768 ) ;
#1322 = DIRECTION ( 'NONE',  ( 0.0000000000000000000, 0.9975640502598247528, 0.06975647374411841906 ) ) ;
#1323 = VERTEX_POINT ( 'NONE', #5677 ) ;
#1324 = VERTEX_POINT ( 'NONE', #93 ) ;
#1325 = COLOUR_RGB ( '',0.8784313725490195957, 0.8784313725490195957, 0.8784313725490195957 ) ;
#1326 = CIRCLE ( 'NONE', #1103, 0.09999999999999988065 ) ;
#1327 = CARTESIAN_POINT ( 'NONE',  ( -2.109999999999999876, 1.884379578609461259, 1.024988770922461212 ) ) ;
#1328 = CARTESIAN_POINT ( 'NONE',  ( -2.296565235439750552, 1.884378889230783782, 1.025005614538768484 ) ) ;
#1329 = CIRCLE ( 'NONE', #2090, 0.2000000000000003164 ) ;
#1330 = PLANE ( 'NONE',  #2693 ) ;
#1331 = SURFACE_STYLE_USAGE ( .BOTH. , #3593 ) ;
#1332 = FILL_AREA_STYLE ('',( #4292 ) ) ;
#1333 = FILL_AREA_STYLE ('',( #680 ) ) ;
#1334 = CARTESIAN_POINT ( 'NONE',  ( -2.291477832458802322, -1.785077855632813737, 1.467350517033988444 ) ) ;
#1335 = PRESENTATION_LAYER_ASSIGNMENT (  '', '', ( #4838 ) ) ;
#1336 = EDGE_CURVE ( 'NONE', #3660, #6484, #994, .T. ) ;
#1337 = CARTESIAN_POINT ( 'NONE',  ( -2.291429766188486816, -1.779764549229156723, 1.472526444606528706 ) ) ;
#1338 = DIRECTION ( 'NONE',  ( 0.0000000000000000000, 0.0000000000000000000, 1.000000000000000000 ) ) ;
#1339 = ORIENTED_EDGE ( 'NONE', *, *, #4886, .F. ) ;
#1340 = ADVANCED_FACE ( 'NONE', ( #4165 ), #1026, .T. ) ;
#1341 = DIRECTION ( 'NONE',  ( -1.000000000000000000, -0.0000000000000000000, -0.0000000000000000000 ) ) ;
#1342 = SURFACE_SIDE_STYLE ('',( #4302 ) ) ;
#1343 = CARTESIAN_POINT ( 'NONE',  ( -0.8400000000000000799, -1.884379578609461259, 1.024988770922461434 ) ) ;
#1344 = FACE_OUTER_BOUND ( 'NONE', #2841, .T. ) ;
#1345 = COLOUR_RGB ( '',0.8784313725490195957, 0.8784313725490195957, 0.8784313725490195957 ) ;
#1346 = EDGE_CURVE ( 'NONE', #5350, #4422, #1329, .T. ) ;
#1347 = DIRECTION ( 'NONE',  ( 0.0000000000000000000, 1.734723475976802677E-14, 1.000000000000000000 ) ) ;
#1348 = UNCERTAINTY_MEASURE_WITH_UNIT (LENGTH_MEASURE( 1.000000000000000082E-05 ), #6404, 'distance_accuracy_value', 'NONE');
#1349 = VERTEX_POINT ( 'NONE', #2243 ) ;
#1350 = SURFACE_STYLE_USAGE ( .BOTH. , #6343 ) ;
#1351 = CARTESIAN_POINT ( 'NONE',  ( 0.8400000000000001910, -2.408015296927252358, 0.04139560300519878888 ) ) ;
#1352 = ORIENTED_EDGE ( 'NONE', *, *, #2013, .F. ) ;
#1353 = AXIS2_PLACEMENT_3D ( 'NONE', #6275, #1201, #3224 ) ;
#1354 = VERTEX_POINT ( 'NONE', #4262 ) ;
#1355 = ADVANCED_FACE ( 'NONE', ( #1814 ), #6364, .F. ) ;
#1356 = SURFACE_STYLE_USAGE ( .BOTH. , #6380 ) ;
#1357 = LINE ( 'NONE', #1831, #1679 ) ;
#1358 = EDGE_CURVE ( 'NONE', #1701, #5593, #6264, .T. ) ;
#1359 = COLOUR_RGB ( '',0.8784313725490195957, 0.8784313725490195957, 0.8784313725490195957 ) ;
#1360 = CARTESIAN_POINT ( 'NONE',  ( 2.109999999999999876, 2.408015296927252358, 0.04139560300519883745 ) ) ;
#1361 = CARTESIAN_POINT ( 'NONE',  ( 0.8400000000000001910, -1.972211458395208616, 1.024988770922461212 ) ) ;
#1362 = EDGE_LOOP ( 'NONE', ( #3036, #3492, #172, #6584 ) ) ;
#1363 = VECTOR ( 'NONE', #4582, 1000.000000000000000 ) ;
#1364 =( GEOMETRIC_REPRESENTATION_CONTEXT ( 3 ) GLOBAL_UNCERTAINTY_ASSIGNED_CONTEXT ( ( #5409 ) ) GLOBAL_UNIT_ASSIGNED_CONTEXT ( ( #991, #1556, #5738 ) ) REPRESENTATION_CONTEXT ( 'NONE', 'WORKASPACE' ) );
#1365 = EDGE_CURVE ( 'NONE', #4589, #1534, #3695, .T. ) ;
#1366 = CIRCLE ( 'NONE', #4450, 0.09999999999999988065 ) ;
#1367 = DIRECTION ( 'NONE',  ( -1.000000000000000000, 0.0000000000000000000, -0.0000000000000000000 ) ) ;
#1368 = CIRCLE ( 'NONE', #3246, 0.09999999999999988065 ) ;
#1369 = DIRECTION ( 'NONE',  ( 0.0000000000000000000, 0.1364901473335445314, 0.9906414284093246758 ) ) ;
#1370 = DIRECTION ( 'NONE',  ( 1.000000000000000000, 0.0000000000000000000, 0.0000000000000000000 ) ) ;
#1371 = CARTESIAN_POINT ( 'NONE',  ( -2.109999999999999876, -2.408015296927252358, 0.04139560300519878888 ) ) ;
#1372 = FILL_AREA_STYLE_COLOUR ( '', #4071 ) ;
#1373 = ORIENTED_EDGE ( 'NONE', *, *, #2061, .F. ) ;
#1374 = DIRECTION ( 'NONE',  ( 1.000000000000000000, 0.0000000000000000000, 0.0000000000000000000 ) ) ;
#1375 = PRESENTATION_LAYER_ASSIGNMENT (  '', '', ( #4238 ) ) ;
#1376 = FACE_OUTER_BOUND ( 'NONE', #2201, .T. ) ;
#1377 = ORIENTED_EDGE ( 'NONE', *, *, #190, .T. ) ;
#1378 = FACE_OUTER_BOUND ( 'NONE', #5380, .T. ) ;
#1379 = CARTESIAN_POINT ( 'NONE',  ( -0.4300000000000000488, 3.000000000000000000, 0.0000000000000000000 ) ) ;
#1380 = AXIS2_PLACEMENT_3D ( 'NONE', #1987, #4507, #932 ) ;
#1381 = CARTESIAN_POINT ( 'NONE',  ( -0.4300000000000000488, 1.884379578609461259, 1.024988770922461212 ) ) ;
#1382 = ORIENTED_EDGE ( 'NONE', *, *, #285, .F. ) ;
#1383 =( NAMED_UNIT ( * ) SI_UNIT ( $, .STERADIAN. ) SOLID_ANGLE_UNIT ( ) );
#1384 = SURFACE_SIDE_STYLE ('',( #1896 ) ) ;
#1385 = ORIENTED_EDGE ( 'NONE', *, *, #3287, .F. ) ;
#1386 = ORIENTED_EDGE ( 'NONE', *, *, #1966, .F. ) ;
#1387 = CARTESIAN_POINT ( 'NONE',  ( 1.700000000000000178, 1.972211458395209949, 0.7249887709224612786 ) ) ;
#1388 = PRESENTATION_LAYER_ASSIGNMENT (  '', '', ( #2445 ) ) ;
#1389 = LINE ( 'NONE', #6482, #1741 ) ;
#1390 = SURFACE_SIDE_STYLE ('',( #2772 ) ) ;
#1391 = ORIENTED_EDGE ( 'NONE', *, *, #4184, .T. ) ;
#1392 = CYLINDRICAL_SURFACE ( 'NONE', #1461, 0.3000000000000001554 ) ;
#1393 = CARTESIAN_POINT ( 'NONE',  ( 2.241764626010009920, -1.826395645717829197, 1.499145030950396196 ) ) ;
#1394 = DIRECTION ( 'NONE',  ( 0.0000000000000000000, -0.3907311284892784342, 0.9205048534524382653 ) ) ;
#1395 = CARTESIAN_POINT ( 'NONE',  ( -2.346378889230783749, 1.834565235439749920, 0.8249943854612282745 ) ) ;
#1396 = DIRECTION ( 'NONE',  ( 0.0000000000000000000, 0.1364901473335445314, 0.9906414284093246758 ) ) ;
#1397 = CARTESIAN_POINT ( 'NONE',  ( -2.109999999999999876, 3.000000000000000000, 0.0000000000000000000 ) ) ;
#1398 = CARTESIAN_POINT ( 'NONE',  ( -2.268942131948885610, -1.757263736772203044, 0.1943381052050294211 ) ) ;
#1399 = EDGE_CURVE ( 'NONE', #4797, #6029, #2662, .T. ) ;
#1400 = FILL_AREA_STYLE_COLOUR ( '', #752 ) ;
#1401 = ORIENTED_EDGE ( 'NONE', *, *, #3003, .F. ) ;
#1402 = CARTESIAN_POINT ( 'NONE',  ( -2.291477832458802766, -1.782596265767639077, 1.472117403677933423 ) ) ;
#1403 =( NAMED_UNIT ( * ) SI_UNIT ( $, .STERADIAN. ) SOLID_ANGLE_UNIT ( ) );
#1404 = DIRECTION ( 'NONE',  ( -0.9925461516413220942, 0.0000000000000000000, -0.1218693434051463520 ) ) ;
#1405 = DIRECTION ( 'NONE',  ( 0.1209742911513548291, -0.1209742911513548291, -0.9852565360152931717 ) ) ;
#1406 = VERTEX_POINT ( 'NONE', #5232 ) ;
#1407 = DIRECTION ( 'NONE',  ( -1.000000000000000000, -0.0000000000000000000, -0.0000000000000000000 ) ) ;
#1408 = MECHANICAL_DESIGN_GEOMETRIC_PRESENTATION_REPRESENTATION (  '', ( #1842 ), #5991 ) ;
#1409 = LINE ( 'NONE', #1891, #6567 ) ;
#1410 = DIRECTION ( 'NONE',  ( 1.000000000000000000, -0.0000000000000000000, 0.0000000000000000000 ) ) ;
#1411 = MECHANICAL_DESIGN_GEOMETRIC_PRESENTATION_REPRESENTATION (  '', ( #4062 ), #4493 ) ;
#1412 = UNCERTAINTY_MEASURE_WITH_UNIT (LENGTH_MEASURE( 1.000000000000000082E-05 ), #2127, 'distance_accuracy_value', 'NONE');
#1413 = VERTEX_POINT ( 'NONE', #2180 ) ;
#1414 = DIRECTION ( 'NONE',  ( 0.0000000000000000000, -0.06975647374411883539, -0.9975640502598246417 ) ) ;
#1415 = DIRECTION ( 'NONE',  ( 0.0000000000000000000, 0.0000000000000000000, 1.000000000000000000 ) ) ;
#1416 = COLOUR_RGB ( '',0.8784313725490195957, 0.8784313725490195957, 0.8784313725490195957 ) ;
#1417 = EDGE_CURVE ( 'NONE', #4597, #304, #5740, .T. ) ;
#1418 =( NAMED_UNIT ( * ) SI_UNIT ( $, .STERADIAN. ) SOLID_ANGLE_UNIT ( ) );
#1419 = LINE ( 'NONE', #2444, #5725 ) ;
#1420 = ORIENTED_EDGE ( 'NONE', *, *, #1664, .F. ) ;
#1421 = DIRECTION ( 'NONE',  ( 0.0000000000000000000, 0.06975647374411841906, -0.9975640502598247528 ) ) ;
#1422 = CARTESIAN_POINT ( 'NONE',  ( -2.219263736772202567, 1.783982507821995300, 1.700000000000000178 ) ) ;
#1423 = COLOUR_RGB ( '',0.8784313725490195957, 0.8784313725490195957, 0.8784313725490195957 ) ;
#1424 = EDGE_CURVE ( 'NONE', #973, #3715, #3174, .T. ) ;
#1425 = CARTESIAN_POINT ( 'NONE',  ( -2.325682208799348061, -1.884270918623760727, 0.8232323393603986350 ) ) ;
#1426 = VECTOR ( 'NONE', #708, 1000.000000000000114 ) ;
#1427 = DIRECTION ( 'NONE',  ( 1.000000000000000000, 0.0000000000000000000, 1.084202172485501673E-15 ) ) ;
#1428 = CARTESIAN_POINT ( 'NONE',  ( 0.8400000000000001910, -2.421966591676075975, 0.2409084130571637061 ) ) ;
#1429 = ORIENTED_EDGE ( 'NONE', *, *, #4516, .T. ) ;
#1430 = STYLED_ITEM ( 'NONE', ( #3722 ), #6002 ) ;
#1431 = ORIENTED_EDGE ( 'NONE', *, *, #5055, .T. ) ;
#1432 = EDGE_CURVE ( 'NONE', #5431, #3070, #4947, .T. ) ;
#1433 = EDGE_CURVE ( 'NONE', #2034, #2542, #1190, .T. ) ;
#1434 = STYLED_ITEM ( 'NONE', ( #114 ), #6187 ) ;
#1435 = PLANE ( 'NONE',  #3659 ) ;
#1436 =( NAMED_UNIT ( * ) PLANE_ANGLE_UNIT ( ) SI_UNIT ( $, .RADIAN. ) );
#1437 = CARTESIAN_POINT ( 'NONE',  ( 1.700000000000000178, 1.972211458395209949, 0.7249887709224612786 ) ) ;
#1438 = AXIS2_PLACEMENT_3D ( 'NONE', #2219, #221, #4234 ) ;
#1439 = CIRCLE ( 'NONE', #346, 0.09999999999999988065 ) ;
#1440 = EDGE_LOOP ( 'NONE', ( #3521, #12, #1633, #1769, #2319 ) ) ;
#1441 = VECTOR ( 'NONE', #6517, 1000.000000000000000 ) ;
#1442 = DIRECTION ( 'NONE',  ( -1.000000000000000000, -0.0000000000000000000, -0.0000000000000000000 ) ) ;
#1443 = EDGE_CURVE ( 'NONE', #2046, #1585, #3831, .T. ) ;
#1444 = SURFACE_SIDE_STYLE ('',( #2366 ) ) ;
#1445 = CARTESIAN_POINT ( 'NONE',  ( 0.8400000000000001910, -1.972211458395209949, 0.7249887709224612786 ) ) ;
#1446 = CARTESIAN_POINT ( 'NONE',  ( -1.699999999999999956, -1.884378199852105862, 0.8249887709224611454 ) ) ;
#1447 = ORIENTED_EDGE ( 'NONE', *, *, #6358, .T. ) ;
#1448 = SURFACE_STYLE_USAGE ( .BOTH. , #817 ) ;
#1449 = DIRECTION ( 'NONE',  ( 0.0000000000000000000, 0.9975640502598247528, -0.06975647374411841906 ) ) ;
#1450 =( LENGTH_UNIT ( ) NAMED_UNIT ( * ) SI_UNIT ( .MILLI., .METRE. ) );
#1451 = CARTESIAN_POINT ( 'NONE',  ( -0.8400000000000001910, -2.269403886918007540, 0.7659358151225242883 ) ) ;
#1452 = CARTESIAN_POINT ( 'NONE',  ( -1.437500000000000666, 0.0000000000000000000, 0.1499999999999999944 ) ) ;
#1453 = ORIENTED_EDGE ( 'NONE', *, *, #5705, .F. ) ;
#1454 = CARTESIAN_POINT ( 'NONE',  ( 0.8400000000000001910, 2.421966591676075975, 0.2409084130571637061 ) ) ;
#1455 = CARTESIAN_POINT ( 'NONE',  ( -2.109999999999999876, -2.269403886918007540, 0.7659358151225242883 ) ) ;
#1456 = FACE_OUTER_BOUND ( 'NONE', #4776, .T. ) ;
#1457 = ORIENTED_EDGE ( 'NONE', *, *, #2008, .T. ) ;
#1458 = CARTESIAN_POINT ( 'NONE',  ( 1.700000000000000178, -2.329878096209553551, 0.3270158033497920780 ) ) ;
#1459 = CIRCLE ( 'NONE', #2718, 0.1000000000000002554 ) ;
#1460 =( NAMED_UNIT ( * ) SI_UNIT ( $, .STERADIAN. ) SOLID_ANGLE_UNIT ( ) );
#1461 = AXIS2_PLACEMENT_3D ( 'NONE', #3716, #13, #3090 ) ;
#1462 = DIRECTION ( 'NONE',  ( 0.0000000000000000000, -0.06975647374411883539, 0.9975640502598246417 ) ) ;
#1463 = EDGE_LOOP ( 'NONE', ( #3966, #3142, #5264 ) ) ;
#1464 = VECTOR ( 'NONE', #591, 1000.000000000000227 ) ;
#1465 = CARTESIAN_POINT ( 'NONE',  ( 0.4300000000000000488, 1.972211458395209949, 0.7249887709224612786 ) ) ;
#1466 = DIRECTION ( 'NONE',  ( -0.0000000000000000000, 0.9906414284093247868, 0.1364901473335445592 ) ) ;
#1467 = CARTESIAN_POINT ( 'NONE',  ( -2.245982507821995267, 1.806942131948886088, 0.1943381052050296709 ) ) ;
#1468 = CARTESIAN_POINT ( 'NONE',  ( 2.109999999999999876, -2.428942239050485785, 0.3406648180831462480 ) ) ;
#1469 = SURFACE_STYLE_USAGE ( .BOTH. , #2459 ) ;
#1470 = CARTESIAN_POINT ( 'NONE',  ( -0.8400000000000001910, 1.972211458395209949, 0.7249887709224612786 ) ) ;
#1471 = VECTOR ( 'NONE', #2860, 1000.000000000000114 ) ;
#1472 = CARTESIAN_POINT ( 'NONE',  ( -2.245982507821994822, -1.783982507821995078, 0.1499999999999994116 ) ) ;
#1473 = AXIS2_PLACEMENT_3D ( 'NONE', #3693, #4793, #5230 ) ;
#1474 = EDGE_CURVE ( 'NONE', #4247, #4973, #1870, .T. ) ;
#1475 = CARTESIAN_POINT ( 'NONE',  ( -2.288605220630223869, -1.796736762241202934, 1.498946020101759480 ) ) ;
#1476 = VECTOR ( 'NONE', #710, 1000.000000000000000 ) ;
#1477 = CARTESIAN_POINT ( 'NONE',  ( 0.8400000000000001910, -1.972211458395209949, 0.7249887709224612786 ) ) ;
#1478 = DIRECTION ( 'NONE',  ( 0.0000000000000000000, 0.9975640502598247528, -0.06975647374411841906 ) ) ;
#1479 = CARTESIAN_POINT ( 'NONE',  ( 2.297478555712157089, -1.835478555712157789, 1.012991418751703732 ) ) ;
#1480 = FILL_AREA_STYLE_COLOUR ( '', #5237 ) ;
#1481 = ORIENTED_EDGE ( 'NONE', *, *, #6557, .T. ) ;
#1482 = DIRECTION ( 'NONE',  ( -0.0000000000000000000, 0.9906414284093247868, 0.1364901473335445592 ) ) ;
#1483 = FILL_AREA_STYLE ('',( #4403 ) ) ;
#1484 =( GEOMETRIC_REPRESENTATION_CONTEXT ( 3 ) GLOBAL_UNCERTAINTY_ASSIGNED_CONTEXT ( ( #3931 ) ) GLOBAL_UNIT_ASSIGNED_CONTEXT ( ( #5151, #2167, #17 ) ) REPRESENTATION_CONTEXT ( 'NONE', 'WORKASPACE' ) );
#1485 = ADVANCED_FACE ( 'NONE', ( #1376 ), #3339, .F. ) ;
#1486 =( LENGTH_UNIT ( ) NAMED_UNIT ( * ) SI_UNIT ( .MILLI., .METRE. ) );
#1487 = AXIS2_PLACEMENT_3D ( 'NONE', #632, #1218, #4753 ) ;
#1488 = MECHANICAL_DESIGN_GEOMETRIC_PRESENTATION_REPRESENTATION (  '', ( #5850 ), #4014 ) ;
#1489 = PLANE ( 'NONE',  #3181 ) ;
#1490 = ORIENTED_EDGE ( 'NONE', *, *, #746, .F. ) ;
#1491 = SURFACE_STYLE_USAGE ( .BOTH. , #2509 ) ;
#1492 = DIRECTION ( 'NONE',  ( 0.0000000000000000000, 0.0000000000000000000, 1.000000000000000000 ) ) ;
#1493 =( NAMED_UNIT ( * ) SI_UNIT ( $, .STERADIAN. ) SOLID_ANGLE_UNIT ( ) );
#1494 = ADVANCED_FACE ( 'NONE', ( #2880 ), #2433, .T. ) ;
#1495 = ORIENTED_EDGE ( 'NONE', *, *, #6551, .T. ) ;
#1496 = SURFACE_SIDE_STYLE ('',( #370 ) ) ;
#1497 = CARTESIAN_POINT ( 'NONE',  ( -2.346270918623760693, -1.863682208799348539, 0.8232323393603985240 ) ) ;
#1498 = UNCERTAINTY_MEASURE_WITH_UNIT (LENGTH_MEASURE( 1.000000000000000082E-05 ), #4499, 'distance_accuracy_value', 'NONE');
#1499 = ORIENTED_EDGE ( 'NONE', *, *, #2294, .T. ) ;
#1500 =( GEOMETRIC_REPRESENTATION_CONTEXT ( 3 ) GLOBAL_UNCERTAINTY_ASSIGNED_CONTEXT ( ( #1620 ) ) GLOBAL_UNIT_ASSIGNED_CONTEXT ( ( #658, #4274, #1241 ) ) REPRESENTATION_CONTEXT ( 'NONE', 'WORKASPACE' ) );
#1501 = SURFACE_STYLE_USAGE ( .BOTH. , #3114 ) ;
#1502 = CARTESIAN_POINT ( 'NONE',  ( 0.8400000000000001910, -2.421966591676075975, 0.2409084130571637894 ) ) ;
#1503 = ORIENTED_EDGE ( 'NONE', *, *, #5011, .T. ) ;
#1504 = ORIENTED_EDGE ( 'NONE', *, *, #2870, .T. ) ;
#1505 = VECTOR ( 'NONE', #6052, 1000.000000000000000 ) ;
#1506 = DIRECTION ( 'NONE',  ( -1.000000000000000000, -0.0000000000000000000, -0.0000000000000000000 ) ) ;
#1507 = LINE ( 'NONE', #2107, #6580 ) ;
#1508 = ORIENTED_EDGE ( 'NONE', *, *, #1643, .F. ) ;
#1509 = DIRECTION ( 'NONE',  ( 0.0000000000000000000, 0.0000000000000000000, 1.000000000000000000 ) ) ;
#1510 = FILL_AREA_STYLE_COLOUR ( '', #3229 ) ;
#1511 = CARTESIAN_POINT ( 'NONE',  ( 1.700000000000000178, 1.884379578609461259, 0.3406648180831462480 ) ) ;
#1512 = EDGE_CURVE ( 'NONE', #4925, #4067, #3745, .T. ) ;
#1513 = DIRECTION ( 'NONE',  ( 0.0000000000000000000, -0.1364901473335445314, 0.9906414284093246758 ) ) ;
#1514 = VERTEX_POINT ( 'NONE', #2943 ) ;
#1515 = DIRECTION ( 'NONE',  ( 0.0000000000000000000, -0.1364901473335454474, 0.9906414284093245648 ) ) ;
#1516 = ORIENTED_EDGE ( 'NONE', *, *, #3982, .F. ) ;
#1517 = SURFACE_SIDE_STYLE ('',( #6084 ) ) ;
#1518 = CARTESIAN_POINT ( 'NONE',  ( 2.263500000000000512, 1.801500000000000101, 0.1499999999999999944 ) ) ;
#1519 = CARTESIAN_POINT ( 'NONE',  ( -2.268891044354269138, -1.757263736772204821, 0.1939065328297425450 ) ) ;
#1520 = ORIENTED_EDGE ( 'NONE', *, *, #3152, .T. ) ;
#1521 = CARTESIAN_POINT ( 'NONE',  ( -0.4300000000000000488, -1.972211458395209949, 0.8249887709224613674 ) ) ;
#1522 = SURFACE_STYLE_USAGE ( .BOTH. , #5553 ) ;
#1523 = CARTESIAN_POINT ( 'NONE',  ( -0.4300000000000000488, -2.408015296927251470, 0.04139560300519886521 ) ) ;
#1524 = COLOUR_RGB ( '',0.8784313725490195957, 0.8784313725490195957, 0.8784313725490195957 ) ;
#1525 = ADVANCED_FACE ( 'NONE', ( #2236 ), #1637, .F. ) ;
#1526 = DIRECTION ( 'NONE',  ( 0.0000000000000000000, 0.0000000000000000000, -1.000000000000000000 ) ) ;
#1527 = VECTOR ( 'NONE', #2174, 1000.000000000000000 ) ;
#1528 = CARTESIAN_POINT ( 'NONE',  ( 0.8400000000000010791, 1.884378714326427451, 0.8249915364978968046 ) ) ;
#1529 = PRESENTATION_LAYER_ASSIGNMENT (  '', '', ( #5999 ) ) ;
#1530 = DIRECTION ( 'NONE',  ( -0.0000000000000000000, 0.9906414284093247868, 0.1364901473335445592 ) ) ;
#1531 = LINE ( 'NONE', #1571, #1807 ) ;
#1532 = FACE_OUTER_BOUND ( 'NONE', #1362, .T. ) ;
#1533 = EDGE_LOOP ( 'NONE', ( #2524, #691, #5212, #5900 ) ) ;
#1534 = VERTEX_POINT ( 'NONE', #1674 ) ;
#1535 =( NAMED_UNIT ( * ) PLANE_ANGLE_UNIT ( ) SI_UNIT ( $, .RADIAN. ) );
#1536 = MECHANICAL_DESIGN_GEOMETRIC_PRESENTATION_REPRESENTATION (  '', ( #5348 ), #1750 ) ;
#1537 = DIRECTION ( 'NONE',  ( 0.0000000000000000000, 0.0000000000000000000, 1.000000000000000000 ) ) ;
#1538 = MECHANICAL_DESIGN_GEOMETRIC_PRESENTATION_REPRESENTATION (  '', ( #645 ), #868 ) ;
#1539 =( NAMED_UNIT ( * ) PLANE_ANGLE_UNIT ( ) SI_UNIT ( $, .RADIAN. ) );
#1540 = AXIS2_PLACEMENT_3D ( 'NONE', #2443, #6574, #1492 ) ;
#1541 = PLANE ( 'NONE',  #3358 ) ;
#1542 = CARTESIAN_POINT ( 'NONE',  ( 0.4300000000000000488, -2.428942239050485785, 0.3406648180831462480 ) ) ;
#1543 = VERTEX_POINT ( 'NONE', #6558 ) ;
#1544 = STYLED_ITEM ( 'NONE', ( #3126 ), #753 ) ;
#1545 =( LENGTH_UNIT ( ) NAMED_UNIT ( * ) SI_UNIT ( .MILLI., .METRE. ) );
#1546 =( GEOMETRIC_REPRESENTATION_CONTEXT ( 3 ) GLOBAL_UNCERTAINTY_ASSIGNED_CONTEXT ( ( #1752 ) ) GLOBAL_UNIT_ASSIGNED_CONTEXT ( ( #3615, #1639, #6071 ) ) REPRESENTATION_CONTEXT ( 'NONE', 'WORKASPACE' ) );
#1547 = SURFACE_SIDE_STYLE ('',( #6106 ) ) ;
#1548 =( NAMED_UNIT ( * ) PLANE_ANGLE_UNIT ( ) SI_UNIT ( $, .RADIAN. ) );
#1549 = PRESENTATION_LAYER_ASSIGNMENT (  '', '', ( #457 ) ) ;
#1550 = DIRECTION ( 'NONE',  ( 1.000000000000000000, 0.0000000000000000000, 0.0000000000000000000 ) ) ;
#1551 = VERTEX_POINT ( 'NONE', #3194 ) ;
#1552 = FACE_OUTER_BOUND ( 'NONE', #1240, .T. ) ;
#1553 = FACE_OUTER_BOUND ( 'NONE', #2596, .T. ) ;
#1554 =( GEOMETRIC_REPRESENTATION_CONTEXT ( 3 ) GLOBAL_UNCERTAINTY_ASSIGNED_CONTEXT ( ( #1561 ) ) GLOBAL_UNIT_ASSIGNED_CONTEXT ( ( #512, #5117, #2586 ) ) REPRESENTATION_CONTEXT ( 'NONE', 'WORKASPACE' ) );
#1555 = ORIENTED_EDGE ( 'NONE', *, *, #1053, .T. ) ;
#1556 =( NAMED_UNIT ( * ) PLANE_ANGLE_UNIT ( ) SI_UNIT ( $, .RADIAN. ) );
#1557 =( GEOMETRIC_REPRESENTATION_CONTEXT ( 3 ) GLOBAL_UNCERTAINTY_ASSIGNED_CONTEXT ( ( #4934 ) ) GLOBAL_UNIT_ASSIGNED_CONTEXT ( ( #4950, #380, #2058 ) ) REPRESENTATION_CONTEXT ( 'NONE', 'WORKASPACE' ) );
#1558 = CARTESIAN_POINT ( 'NONE',  ( 0.4300000000000000488, 3.000000000000000000, 0.0000000000000000000 ) ) ;
#1559 = DIRECTION ( 'NONE',  ( 0.0000000000000000000, 0.0000000000000000000, 1.000000000000000000 ) ) ;
#1560 = CARTESIAN_POINT ( 'NONE',  ( 2.109999999999999876, -3.000000000000000000, 0.0000000000000000000 ) ) ;
#1561 = UNCERTAINTY_MEASURE_WITH_UNIT (LENGTH_MEASURE( 1.000000000000000082E-05 ), #512, 'distance_accuracy_value', 'NONE');
#1562 = ORIENTED_EDGE ( 'NONE', *, *, #1809, .F. ) ;
#1563 = SURFACE_STYLE_USAGE ( .BOTH. , #3076 ) ;
#1564 = DIRECTION ( 'NONE',  ( -1.000000000000000000, -0.0000000000000000000, -0.0000000000000000000 ) ) ;
#1565 = FACE_OUTER_BOUND ( 'NONE', #2742, .T. ) ;
#1566 = SURFACE_SIDE_STYLE ('',( #4581 ) ) ;
#1567 = EDGE_CURVE ( 'NONE', #19, #5821, #5161, .T. ) ;
#1568 = ADVANCED_FACE ( 'NONE', ( #2538 ), #6222, .T. ) ;
#1569 = FACE_BOUND ( 'NONE', #2889, .T. ) ;
#1570 = UNCERTAINTY_MEASURE_WITH_UNIT (LENGTH_MEASURE( 1.000000000000000082E-05 ), #638, 'distance_accuracy_value', 'NONE');
#1571 = CARTESIAN_POINT ( 'NONE',  ( -1.699999999999999956, -2.421966591676075975, 0.2409084130571637061 ) ) ;
#1572 = EDGE_CURVE ( 'NONE', #605, #1221, #454, .T. ) ;
#1573 = EDGE_LOOP ( 'NONE', ( #697, #3388, #4233, #3188 ) ) ;
#1574 = AXIS2_PLACEMENT_3D ( 'NONE', #1387, #866, #2929 ) ;
#1575 = ORIENTED_EDGE ( 'NONE', *, *, #5932, .F. ) ;
#1576 = FILL_AREA_STYLE_COLOUR ( '', #2521 ) ;
#1577 = PRODUCT ( 'F1791FB7-8A88-423A-879B-5CBC861C11E0', 'F1791FB7-8A88-423A-879B-5CBC861C11E0', '', ( #1014 ) ) ;
#1578 = ADVANCED_FACE ( 'NONE', ( #2012 ), #6076, .F. ) ;
#1579 = MECHANICAL_DESIGN_GEOMETRIC_PRESENTATION_REPRESENTATION (  '', ( #4434 ), #1994 ) ;
#1580 = FACE_OUTER_BOUND ( 'NONE', #2340, .T. ) ;
#1581 = AXIS2_PLACEMENT_3D ( 'NONE', #4448, #6118, #3572 ) ;
#1582 = EDGE_CURVE ( 'NONE', #3130, #5291, #5601, .T. ) ;
#1583 = CARTESIAN_POINT ( 'NONE',  ( 0.0000000000000000000, -1.358215428774337097, 1.700000000000000178 ) ) ;
#1584 = FACE_OUTER_BOUND ( 'NONE', #1632, .T. ) ;
#1585 = VERTEX_POINT ( 'NONE', #3651 ) ;
#1586 =( NAMED_UNIT ( * ) SI_UNIT ( $, .STERADIAN. ) SOLID_ANGLE_UNIT ( ) );
#1587 = PLANE ( 'NONE',  #4130 ) ;
#1588 = VERTEX_POINT ( 'NONE', #1084 ) ;
#1589 = STYLED_ITEM ( 'NONE', ( #3920 ), #2909 ) ;
#1590 = SURFACE_SIDE_STYLE ('',( #6139 ) ) ;
#1591 = PLANE ( 'NONE',  #750 ) ;
#1592 = ORIENTED_EDGE ( 'NONE', *, *, #2602, .F. ) ;
#1593 = CARTESIAN_POINT ( 'NONE',  ( 1.700000000000000178, -1.972211458395209949, 0.7249887709224612786 ) ) ;
#1594 = FILL_AREA_STYLE_COLOUR ( '', #4502 ) ;
#1595 = CIRCLE ( 'NONE', #3702, 0.2999999999999998779 ) ;
#1596 = PLANE ( 'NONE',  #1133 ) ;
#1597 = CARTESIAN_POINT ( 'NONE',  ( 0.8400000000000001910, 2.408015296927251470, 0.04139560300519887909 ) ) ;
#1598 = DIRECTION ( 'NONE',  ( -1.000000000000000000, 0.0000000000000000000, -0.0000000000000000000 ) ) ;
#1599 = COLOUR_RGB ( '',0.8784313725490195957, 0.8784313725490195957, 0.8784313725490195957 ) ;
#1600 = DIRECTION ( 'NONE',  ( -1.000000000000000000, -0.0000000000000000000, -0.0000000000000000000 ) ) ;
#1601 = ADVANCED_FACE ( 'NONE', ( #3037 ), #4094, .F. ) ;
#1602 = DIRECTION ( 'NONE',  ( -1.821459649775642400E-13, 0.9925461516413247587, -0.1218693434051255214 ) ) ;
#1603 = CARTESIAN_POINT ( 'NONE',  ( 0.8400000000000001910, 2.329878096209553551, 0.3270158033497921335 ) ) ;
#1604 = AXIS2_PLACEMENT_3D ( 'NONE', #5784, #2644, #1602 ) ;
#1605 = ORIENTED_EDGE ( 'NONE', *, *, #309, .F. ) ;
#1606 = ORIENTED_EDGE ( 'NONE', *, *, #3271, .T. ) ;
#1607 =( GEOMETRIC_REPRESENTATION_CONTEXT ( 3 ) GLOBAL_UNCERTAINTY_ASSIGNED_CONTEXT ( ( #2983 ) ) GLOBAL_UNIT_ASSIGNED_CONTEXT ( ( #3317, #4868, #5411 ) ) REPRESENTATION_CONTEXT ( 'NONE', 'WORKASPACE' ) );
#1608 = EDGE_CURVE ( 'NONE', #1733, #2477, #4532, .T. ) ;
#1609 = EDGE_CURVE ( 'NONE', #2371, #2728, #1052, .T. ) ;
#1610 = ADVANCED_FACE ( 'NONE', ( #983 ), #6556, .T. ) ;
#1611 = VERTEX_POINT ( 'NONE', #1018 ) ;
#1612 = MECHANICAL_DESIGN_GEOMETRIC_PRESENTATION_REPRESENTATION (  '', ( #724 ), #1271 ) ;
#1613 = CARTESIAN_POINT ( 'NONE',  ( 0.8400000000000001910, -1.972211458395209949, 0.8249887709224614785 ) ) ;
#1614 = CARTESIAN_POINT ( 'NONE',  ( 2.245982507821992158, -1.806942131948886754, 0.1943381052050295599 ) ) ;
#1615 = PLANE ( 'NONE',  #354 ) ;
#1616 =( NAMED_UNIT ( * ) SI_UNIT ( $, .STERADIAN. ) SOLID_ANGLE_UNIT ( ) );
#1617 = ORIENTED_EDGE ( 'NONE', *, *, #5751, .F. ) ;
#1618 = CARTESIAN_POINT ( 'NONE',  ( -0.4300000000000000488, -2.421966591676075975, 0.2409084130571637061 ) ) ;
#1619 =( NAMED_UNIT ( * ) PLANE_ANGLE_UNIT ( ) SI_UNIT ( $, .RADIAN. ) );
#1620 = UNCERTAINTY_MEASURE_WITH_UNIT (LENGTH_MEASURE( 1.000000000000000082E-05 ), #658, 'distance_accuracy_value', 'NONE');
#1621 = VERTEX_POINT ( 'NONE', #3066 ) ;
#1622 = DIRECTION ( 'NONE',  ( 0.0000000000000000000, 0.0000000000000000000, 1.000000000000000000 ) ) ;
#1623 = SURFACE_SIDE_STYLE ('',( #3568 ) ) ;
#1624 =( LENGTH_UNIT ( ) NAMED_UNIT ( * ) SI_UNIT ( .MILLI., .METRE. ) );
#1625 = DIRECTION ( 'NONE',  ( -0.0000000000000000000, 0.06975647374411841906, 0.9975640502598247528 ) ) ;
#1626 = CARTESIAN_POINT ( 'NONE',  ( -2.245982507821993934, 1.803916554534189753, 1.682208808131908429 ) ) ;
#1627 = ORIENTED_EDGE ( 'NONE', *, *, #3108, .F. ) ;
#1628 = CARTESIAN_POINT ( 'NONE',  ( -2.109999999999999876, 2.421966591676075087, 0.2409084130571637894 ) ) ;
#1629 = PRESENTATION_STYLE_ASSIGNMENT (( #132 ) ) ;
#1630 = LINE ( 'NONE', #5245, #2336 ) ;
#1631 = FILL_AREA_STYLE ('',( #3505 ) ) ;
#1632 = EDGE_LOOP ( 'NONE', ( #458, #6599, #6577, #4046 ) ) ;
#1633 = ORIENTED_EDGE ( 'NONE', *, *, #1966, .T. ) ;
#1634 = SURFACE_SIDE_STYLE ('',( #6185 ) ) ;
#1635 = EDGE_CURVE ( 'NONE', #1354, #915, #4024, .T. ) ;
#1636 = AXIS2_PLACEMENT_3D ( 'NONE', #4242, #4150, #3085 ) ;
#1637 = CYLINDRICAL_SURFACE ( 'NONE', #1676, 0.09999999999999988065 ) ;
#1638 = SURFACE_STYLE_USAGE ( .BOTH. , #5828 ) ;
#1639 =( NAMED_UNIT ( * ) PLANE_ANGLE_UNIT ( ) SI_UNIT ( $, .RADIAN. ) );
#1640 =( GEOMETRIC_REPRESENTATION_CONTEXT ( 3 ) GLOBAL_UNCERTAINTY_ASSIGNED_CONTEXT ( ( #2476 ) ) GLOBAL_UNIT_ASSIGNED_CONTEXT ( ( #4492, #4889, #2387 ) ) REPRESENTATION_CONTEXT ( 'NONE', 'WORKASPACE' ) );
#1641 = ORIENTED_EDGE ( 'NONE', *, *, #3273, .T. ) ;
#1642 = DIRECTION ( 'NONE',  ( 0.0000000000000000000, 0.0000000000000000000, 1.000000000000000000 ) ) ;
#1643 = EDGE_CURVE ( 'NONE', #5545, #5579, #1459, .T. ) ;
#1644 =( GEOMETRIC_REPRESENTATION_CONTEXT ( 3 ) GLOBAL_UNCERTAINTY_ASSIGNED_CONTEXT ( ( #4731 ) ) GLOBAL_UNIT_ASSIGNED_CONTEXT ( ( #3453, #5074, #2511 ) ) REPRESENTATION_CONTEXT ( 'NONE', 'WORKASPACE' ) );
#1645 = EDGE_CURVE ( 'NONE', #3543, #5477, #5057, .T. ) ;
#1646 =( NAMED_UNIT ( * ) SI_UNIT ( $, .STERADIAN. ) SOLID_ANGLE_UNIT ( ) );
#1647 = DIRECTION ( 'NONE',  ( 0.0000000000000000000, 0.1218693434051477259, 0.9925461516413219831 ) ) ;
#1648 = DIRECTION ( 'NONE',  ( 0.0000000000000000000, -0.9975640502598247528, 0.06975647374411841906 ) ) ;
#1649 = CARTESIAN_POINT ( 'NONE',  ( -0.4300000000000000488, -2.269403886918007984, 0.7659358151225240663 ) ) ;
#1650 = ORIENTED_EDGE ( 'NONE', *, *, #519, .F. ) ;
#1651 = COLOUR_RGB ( '',0.8784313725490195957, 0.8784313725490195957, 0.8784313725490195957 ) ;
#1652 = FILL_AREA_STYLE_COLOUR ( '', #5726 ) ;
#1653 = AXIS2_PLACEMENT_3D ( 'NONE', #2275, #1196, #5399 ) ;
#1654 = DIRECTION ( 'NONE',  ( 0.0000000000000000000, 0.06975647374411883539, -0.9975640502598246417 ) ) ;
#1655 = LINE ( 'NONE', #1519, #3515 ) ;
#1656 = COLOUR_RGB ( '',0.8784313725490195957, 0.8784313725490195957, 0.8784313725490195957 ) ;
#1657 = ORIENTED_EDGE ( 'NONE', *, *, #5518, .T. ) ;
#1658 = CARTESIAN_POINT ( 'NONE',  ( -2.296750892270040367, 1.884378199852106306, 1.025011229077537278 ) ) ;
#1659 = DIRECTION ( 'NONE',  ( -1.000000000000000000, -0.0000000000000000000, -0.0000000000000000000 ) ) ;
#1660 = FILL_AREA_STYLE ('',( #2761 ) ) ;
#1661 = VECTOR ( 'NONE', #6142, 1000.000000000000000 ) ;
#1662 = VECTOR ( 'NONE', #3378, 1000.000000000000000 ) ;
#1663 = LINE ( 'NONE', #2668, #5179 ) ;
#1664 = EDGE_CURVE ( 'NONE', #5753, #2664, #2624, .T. ) ;
#1665 = DIRECTION ( 'NONE',  ( -0.0000000000000000000, 0.9906414284093247868, 0.1364901473335445592 ) ) ;
#1666 = VERTEX_POINT ( 'NONE', #2806 ) ;
#1667 = DIRECTION ( 'NONE',  ( 0.0000000000000000000, -1.000000000000000000, -1.234386826208250825E-15 ) ) ;
#1668 = SURFACE_SIDE_STYLE ('',( #6213 ) ) ;
#1669 = DIRECTION ( 'NONE',  ( 0.0000000000000000000, 0.0000000000000000000, -1.000000000000000000 ) ) ;
#1670 = CARTESIAN_POINT ( 'NONE',  ( 2.219263736772203011, -1.361458565304646484, 1.698640944312545642 ) ) ;
#1671 = ORIENTED_EDGE ( 'NONE', *, *, #2135, .F. ) ;
#1672 = ORIENTED_EDGE ( 'NONE', *, *, #2602, .T. ) ;
#1673 = COLOUR_RGB ( '',0.8784313725490195957, 0.8784313725490195957, 0.8784313725490195957 ) ;
#1674 = CARTESIAN_POINT ( 'NONE',  ( -1.699999999999999956, 2.421966591676075087, 0.2409084130571637894 ) ) ;
#1675 = SURFACE_STYLE_FILL_AREA ( #6223 ) ;
#1676 = AXIS2_PLACEMENT_3D ( 'NONE', #631, #2650, #4055 ) ;
#1677 = PRESENTATION_STYLE_ASSIGNMENT (( #4186 ) ) ;
#1678 = ORIENTED_EDGE ( 'NONE', *, *, #368, .T. ) ;
#1679 = VECTOR ( 'NONE', #612, 1000.000000000000114 ) ;
#1680 = DIRECTION ( 'NONE',  ( 1.000000000000000000, 4.718795906488491143E-17, -5.793952833686142439E-18 ) ) ;
#1681 = PRESENTATION_STYLE_ASSIGNMENT (( #6356 ) ) ;
#1682 = PRESENTATION_LAYER_ASSIGNMENT (  '', '', ( #5066 ) ) ;
#1683 = EDGE_CURVE ( 'NONE', #3183, #779, #1357, .T. ) ;
#1684 = ORIENTED_EDGE ( 'NONE', *, *, #5172, .T. ) ;
#1685 = PRESENTATION_LAYER_ASSIGNMENT (  '', '', ( #2926 ) ) ;
#1686 = DIRECTION ( 'NONE',  ( 1.185789012971046317E-16, -1.000000000000000000, 1.455965832811388699E-17 ) ) ;
#1687 = LINE ( 'NONE', #3306, #2287 ) ;
#1688 = UNCERTAINTY_MEASURE_WITH_UNIT (LENGTH_MEASURE( 1.000000000000000082E-05 ), #5393, 'distance_accuracy_value', 'NONE');
#1689 = ORIENTED_EDGE ( 'NONE', *, *, #4132, .T. ) ;
#1690 = DIRECTION ( 'NONE',  ( -1.000000000000000000, -0.0000000000000000000, -0.0000000000000000000 ) ) ;
#1691 = FACE_OUTER_BOUND ( 'NONE', #2614, .T. ) ;
#1692 = EDGE_CURVE ( 'NONE', #5954, #3183, #2321, .T. ) ;
#1693 = STYLED_ITEM ( 'NONE', ( #156 ), #3534 ) ;
#1694 = CARTESIAN_POINT ( 'NONE',  ( 0.8400000000000001910, 2.428942239050485785, 0.8249887709224612564 ) ) ;
#1695 = COLOUR_RGB ( '',0.8784313725490195957, 0.8784313725490195957, 0.8784313725490195957 ) ;
#1696 = VECTOR ( 'NONE', #5327, 1000.000000000000227 ) ;
#1697 = UNCERTAINTY_MEASURE_WITH_UNIT (LENGTH_MEASURE( 1.000000000000000082E-05 ), #5183, 'distance_accuracy_value', 'NONE');
#1698 = ORIENTED_EDGE ( 'NONE', *, *, #1887, .T. ) ;
#1699 = FILL_AREA_STYLE ('',( #3675 ) ) ;
#1700 = EDGE_CURVE ( 'NONE', #5519, #2664, #5819, .T. ) ;
#1701 = VERTEX_POINT ( 'NONE', #2383 ) ;
#1702 = CARTESIAN_POINT ( 'NONE',  ( -0.8400000000000001910, -2.131749810527688638, 0.2997177738830835714 ) ) ;
#1703 = CARTESIAN_POINT ( 'NONE',  ( -0.4300000000000000488, -1.884378199852105640, 1.024988770922461212 ) ) ;
#1704 = ORIENTED_EDGE ( 'NONE', *, *, #1474, .T. ) ;
#1705 =( BOUNDED_CURVE ( )  B_SPLINE_CURVE ( 3, ( #2904, #4388, #2396, #1395 ),
 .UNSPECIFIED., .F., .T. ) 
 B_SPLINE_CURVE_WITH_KNOTS ( ( 4, 4 ),
 ( 5.501507132124499044, 7.064863482234685854 ),
 .UNSPECIFIED. ) 
 CURVE ( )  GEOMETRIC_REPRESENTATION_ITEM ( )  RATIONAL_B_SPLINE_CURVE ( ( 1.000000000000000000, 0.8064882076837657232, 0.8064882076837657232, 1.000000000000000000 ) ) 
 REPRESENTATION_ITEM ( '' )  );
#1706 = VERTEX_POINT ( 'NONE', #6449 ) ;
#1707 = AXIS2_PLACEMENT_3D ( 'NONE', #3614, #4590, #54 ) ;
#1708 = VECTOR ( 'NONE', #542, 1000.000000000000000 ) ;
#1709 = SURFACE_STYLE_USAGE ( .BOTH. , #4750 ) ;
#1710 = VECTOR ( 'NONE', #3712, 1000.000000000000114 ) ;
#1711 = FACE_OUTER_BOUND ( 'NONE', #2568, .T. ) ;
#1712 = ORIENTED_EDGE ( 'NONE', *, *, #1932, .T. ) ;
#1713 = FILL_AREA_STYLE ('',( #6257 ) ) ;
#1714 = CARTESIAN_POINT ( 'NONE',  ( -2.109999999999999876, 3.000000000000000444, 4.495527008246129049E-18 ) ) ;
#1715 = CARTESIAN_POINT ( 'NONE',  ( -2.109999999999999876, -2.071275601236143071, 0.7386377856558155042 ) ) ;
#1716 = COLOUR_RGB ( '',0.8784313725490195957, 0.8784313725490195957, 0.8784313725490195957 ) ;
#1717 = CARTESIAN_POINT ( 'NONE',  ( -1.699999999999999956, -2.269403886918007540, 0.7659358151225242883 ) ) ;
#1718 = EDGE_LOOP ( 'NONE', ( #5181, #3151, #5891, #5100 ) ) ;
#1719 =( NAMED_UNIT ( * ) PLANE_ANGLE_UNIT ( ) SI_UNIT ( $, .RADIAN. ) );
#1720 = PRESENTATION_STYLE_ASSIGNMENT (( #2786 ) ) ;
#1721 = LINE ( 'NONE', #218, #2077 ) ;
#1722 = DIRECTION ( 'NONE',  ( -1.000000000000000000, -0.0000000000000000000, -0.0000000000000000000 ) ) ;
#1723 = ORIENTED_EDGE ( 'NONE', *, *, #1305, .F. ) ;
#1724 = CARTESIAN_POINT ( 'NONE',  ( -0.8400000000000001910, -2.408015296927252358, 0.04139560300519878888 ) ) ;
#1725 = CYLINDRICAL_SURFACE ( 'NONE', #6191, 0.05000000000000005135 ) ;
#1726 = DIRECTION ( 'NONE',  ( 0.0000000000000000000, 0.0000000000000000000, 1.000000000000000000 ) ) ;
#1727 = SURFACE_STYLE_FILL_AREA ( #5885 ) ;
#1728 = CARTESIAN_POINT ( 'NONE',  ( 2.109999999999999876, 1.884379578609461259, 1.024988770922461212 ) ) ;
#1729 = EDGE_CURVE ( 'NONE', #3641, #6500, #1149, .T. ) ;
#1730 = VERTEX_POINT ( 'NONE', #4417 ) ;
#1731 = DIRECTION ( 'NONE',  ( -1.000000000000000000, -0.0000000000000000000, -0.0000000000000000000 ) ) ;
#1732 = CARTESIAN_POINT ( 'NONE',  ( -0.4300000000000000488, -2.071275601236143071, 0.7386377856558155042 ) ) ;
#1733 = VERTEX_POINT ( 'NONE', #4189 ) ;
#1734 = ORIENTED_EDGE ( 'NONE', *, *, #517, .F. ) ;
#1735 = CARTESIAN_POINT ( 'NONE',  ( 2.268942131948885610, 1.762889213713669800, 0.1993588589466121497 ) ) ;
#1736 = EDGE_CURVE ( 'NONE', #666, #6149, #4350, .T. ) ;
#1737 = COLOUR_RGB ( '',0.8862745098039215286, 0.8862745098039215286, 0.8862745098039215286 ) ;
#1738 = SURFACE_STYLE_FILL_AREA ( #734 ) ;
#1739 = DIRECTION ( 'NONE',  ( 1.000000000000000000, 0.0000000000000000000, 0.0000000000000000000 ) ) ;
#1740 = CYLINDRICAL_SURFACE ( 'NONE', #4023, 0.04999999999999991257 ) ;
#1741 = VECTOR ( 'NONE', #3938, 1000.000000000000000 ) ;
#1742 = VERTEX_POINT ( 'NONE', #5416 ) ;
#1743 = EDGE_CURVE ( 'NONE', #6238, #2839, #4740, .T. ) ;
#1744 = CARTESIAN_POINT ( 'NONE',  ( 0.8400000000000001910, -2.408015296927251470, 0.04139560300519886521 ) ) ;
#1745 = AXIS2_PLACEMENT_3D ( 'NONE', #569, #2125, #1171 ) ;
#1746 = DIRECTION ( 'NONE',  ( 1.000000000000000000, -0.0000000000000000000, 0.0000000000000000000 ) ) ;
#1747 = CARTESIAN_POINT ( 'NONE',  ( -0.8400000000000001910, 2.329878096209553551, 0.3270158033497921335 ) ) ;
#1748 = CIRCLE ( 'NONE', #3965, 0.09999999999999988065 ) ;
#1749 = FACE_OUTER_BOUND ( 'NONE', #5065, .T. ) ;
#1750 =( GEOMETRIC_REPRESENTATION_CONTEXT ( 3 ) GLOBAL_UNCERTAINTY_ASSIGNED_CONTEXT ( ( #3177 ) ) GLOBAL_UNIT_ASSIGNED_CONTEXT ( ( #6460, #765, #1833 ) ) REPRESENTATION_CONTEXT ( 'NONE', 'WORKASPACE' ) );
#1751 = DIRECTION ( 'NONE',  ( 0.0000000000000000000, 0.0000000000000000000, 1.000000000000000000 ) ) ;
#1752 = UNCERTAINTY_MEASURE_WITH_UNIT (LENGTH_MEASURE( 1.000000000000000082E-05 ), #3615, 'distance_accuracy_value', 'NONE');
#1753 = ORIENTED_EDGE ( 'NONE', *, *, #6153, .F. ) ;
#1754 = FACE_OUTER_BOUND ( 'NONE', #536, .T. ) ;
#1755 = DIRECTION ( 'NONE',  ( 3.212450881438532241E-16, 1.000000000000000000, 0.0000000000000000000 ) ) ;
#1756 = CARTESIAN_POINT ( 'NONE',  ( -2.245982507821994378, -1.367690167752636299, 1.695978054360571585 ) ) ;
#1757 = SURFACE_STYLE_FILL_AREA ( #1198 ) ;
#1758 = PRESENTATION_LAYER_ASSIGNMENT (  '', '', ( #1091 ) ) ;
#1759 = COLOUR_RGB ( '',0.8784313725490195957, 0.8784313725490195957, 0.8784313725490195957 ) ;
#1760 = UNCERTAINTY_MEASURE_WITH_UNIT (LENGTH_MEASURE( 1.000000000000000082E-05 ), #1113, 'distance_accuracy_value', 'NONE');
#1761 = ORIENTED_EDGE ( 'NONE', *, *, #5127, .T. ) ;
#1762 = CARTESIAN_POINT ( 'NONE',  ( 0.8400000000000001910, -2.071275601236143071, 0.7386377856558151711 ) ) ;
#1763 = DIRECTION ( 'NONE',  ( 0.0000000000000000000, 0.0000000000000000000, -1.000000000000000000 ) ) ;
#1764 = VECTOR ( 'NONE', #4668, 1000.000000000000000 ) ;
#1765 = CARTESIAN_POINT ( 'NONE',  ( 1.700000000000000178, -1.884379578609461259, 1.025000000000000133 ) ) ;
#1766 = AXIS2_PLACEMENT_3D ( 'NONE', #424, #1918, #1338 ) ;
#1767 = CARTESIAN_POINT ( 'NONE',  ( 2.245982507821995267, -1.367690167752628749, 1.695978054360575582 ) ) ;
#1768 = EDGE_CURVE ( 'NONE', #1406, #1791, #3017, .T. ) ;
#1769 = ORIENTED_EDGE ( 'NONE', *, *, #2807, .T. ) ;
#1770 = AXIS2_PLACEMENT_3D ( 'NONE', #5835, #5735, #3790 ) ;
#1771 = ORIENTED_EDGE ( 'NONE', *, *, #6042, .T. ) ;
#1772 = CARTESIAN_POINT ( 'NONE',  ( 2.268942131948885610, 1.760289314186898491, 0.1943381052050296987 ) ) ;
#1773 = EDGE_CURVE ( 'NONE', #1162, #2829, #1317, .T. ) ;
#1774 = VECTOR ( 'NONE', #853, 1000.000000000000227 ) ;
#1775 =( NAMED_UNIT ( * ) SI_UNIT ( $, .STERADIAN. ) SOLID_ANGLE_UNIT ( ) );
#1776 = LINE ( 'NONE', #2771, #3759 ) ;
#1777 = FILL_AREA_STYLE ('',( #113 ) ) ;
#1778 = VECTOR ( 'NONE', #618, 1000.000000000000000 ) ;
#1779 = ORIENTED_EDGE ( 'NONE', *, *, #6073, .T. ) ;
#1780 = COLOUR_RGB ( '',0.8784313725490195957, 0.8784313725490195957, 0.8784313725490195957 ) ;
#1781 = DIRECTION ( 'NONE',  ( 0.0000000000000000000, 0.0000000000000000000, 1.000000000000000000 ) ) ;
#1782 = DIRECTION ( 'NONE',  ( -1.000000000000000000, -0.0000000000000000000, -0.0000000000000000000 ) ) ;
#1783 = CARTESIAN_POINT ( 'NONE',  ( -0.4300000000000000488, 3.013951294748823617, 0.1995128100519649450 ) ) ;
#1784 = EDGE_CURVE ( 'NONE', #3708, #516, #3869, .T. ) ;
#1785 = PLANE ( 'NONE',  #642 ) ;
#1786 = SURFACE_STYLE_USAGE ( .BOTH. , #5805 ) ;
#1787 =( GEOMETRIC_REPRESENTATION_CONTEXT ( 3 ) GLOBAL_UNCERTAINTY_ASSIGNED_CONTEXT ( ( #4473 ) ) GLOBAL_UNIT_ASSIGNED_CONTEXT ( ( #3536, #5962, #2449 ) ) REPRESENTATION_CONTEXT ( 'NONE', 'WORKASPACE' ) );
#1788 = CYLINDRICAL_SURFACE ( 'NONE', #4550, 0.1000000000000002554 ) ;
#1789 = CARTESIAN_POINT ( 'NONE',  ( -1.699999999999999956, -2.408015296927252358, 0.04139560300519878888 ) ) ;
#1790 = SURFACE_SIDE_STYLE ('',( #254 ) ) ;
#1791 = VERTEX_POINT ( 'NONE', #2353 ) ;
#1792 = DIRECTION ( 'NONE',  ( 0.0000000000000000000, -0.1364901473335454474, 0.9906414284093245648 ) ) ;
#1793 =( NAMED_UNIT ( * ) SI_UNIT ( $, .STERADIAN. ) SOLID_ANGLE_UNIT ( ) );
#1794 = CARTESIAN_POINT ( 'NONE',  ( -2.219263736772202567, -1.348042813803152384, 1.700000000000000178 ) ) ;
#1795 = VECTOR ( 'NONE', #3499, 1000.000000000000000 ) ;
#1796 = FILL_AREA_STYLE ('',( #2346 ) ) ;
#1797 = VERTEX_POINT ( 'NONE', #4220 ) ;
#1798 = PRESENTATION_STYLE_ASSIGNMENT (( #1350 ) ) ;
#1799 = DIRECTION ( 'NONE',  ( 1.000000000000000000, 4.789936701946122186E-17, 5.912634763253690904E-32 ) ) ;
#1800 = CARTESIAN_POINT ( 'NONE',  ( -0.4300000000000000488, -1.972211458395209949, 0.7249887709224612786 ) ) ;
#1801 = ORIENTED_EDGE ( 'NONE', *, *, #2785, .T. ) ;
#1802 = ORIENTED_EDGE ( 'NONE', *, *, #1683, .F. ) ;
#1803 =( NAMED_UNIT ( * ) SI_UNIT ( $, .STERADIAN. ) SOLID_ANGLE_UNIT ( ) );
#1804 = PRESENTATION_LAYER_ASSIGNMENT (  '', '', ( #1693 ) ) ;
#1805 = MECHANICAL_DESIGN_GEOMETRIC_PRESENTATION_REPRESENTATION (  '', ( #4238 ), #5630 ) ;
#1806 = ORIENTED_EDGE ( 'NONE', *, *, #2593, .T. ) ;
#1807 = VECTOR ( 'NONE', #3576, 1000.000000000000000 ) ;
#1808 = PRESENTATION_LAYER_ASSIGNMENT (  '', '', ( #5850 ) ) ;
#1809 = EDGE_CURVE ( 'NONE', #4218, #5995, #4381, .T. ) ;
#1810 = LINE ( 'NONE', #5298, #1476 ) ;
#1811 = DIRECTION ( 'NONE',  ( 0.0000000000000000000, -0.0000000000000000000, 1.000000000000000000 ) ) ;
#1812 = EDGE_LOOP ( 'NONE', ( #3342, #5612, #1495, #2260 ) ) ;
#1813 = VECTOR ( 'NONE', #1799, 1000.000000000000000 ) ;
#1814 = FACE_OUTER_BOUND ( 'NONE', #4059, .T. ) ;
#1815 = CARTESIAN_POINT ( 'NONE',  ( -1.699999999999999956, -2.408015296927252358, 0.04139560300519878888 ) ) ;
#1816 = DIRECTION ( 'NONE',  ( 0.0000000000000000000, 0.0000000000000000000, 1.000000000000000000 ) ) ;
#1817 = ORIENTED_EDGE ( 'NONE', *, *, #2261, .F. ) ;
#1818 = DIRECTION ( 'NONE',  ( -1.000000000000000000, -0.0000000000000000000, -0.0000000000000000000 ) ) ;
#1819 = CARTESIAN_POINT ( 'NONE',  ( 0.0000000000000000000, 1.757263736772203044, 1.700000000000000178 ) ) ;
#1820 = CIRCLE ( 'NONE', #3608, 0.1000000000000002554 ) ;
#1821 = PRESENTATION_STYLE_ASSIGNMENT (( #4341 ) ) ;
#1822 = UNCERTAINTY_MEASURE_WITH_UNIT (LENGTH_MEASURE( 1.000000000000000082E-05 ), #6152, 'distance_accuracy_value', 'NONE');
#1823 = ORIENTED_EDGE ( 'NONE', *, *, #4670, .T. ) ;
#1824 =( NAMED_UNIT ( * ) PLANE_ANGLE_UNIT ( ) SI_UNIT ( $, .RADIAN. ) );
#1825 = CARTESIAN_POINT ( 'NONE',  ( -1.699999999999999956, -1.972211458395209949, 0.8249887709224613674 ) ) ;
#1826 =( LENGTH_UNIT ( ) NAMED_UNIT ( * ) SI_UNIT ( .MILLI., .METRE. ) );
#1827 = DIRECTION ( 'NONE',  ( 0.0000000000000000000, 1.000000000000000000, -1.234386826208250825E-15 ) ) ;
#1828 = ORIENTED_EDGE ( 'NONE', *, *, #3496, .T. ) ;
#1829 = ORIENTED_EDGE ( 'NONE', *, *, #2364, .T. ) ;
#1830 = DIRECTION ( 'NONE',  ( 0.0000000000000000000, 0.0000000000000000000, -1.000000000000000000 ) ) ;
#1831 = CARTESIAN_POINT ( 'NONE',  ( 0.4300000000000000488, -3.013951294748823617, 0.1995128100519649172 ) ) ;
#1832 =( LENGTH_UNIT ( ) NAMED_UNIT ( * ) SI_UNIT ( .MILLI., .METRE. ) );
#1833 =( NAMED_UNIT ( * ) SI_UNIT ( $, .STERADIAN. ) SOLID_ANGLE_UNIT ( ) );
#1834 =( NAMED_UNIT ( * ) PLANE_ANGLE_UNIT ( ) SI_UNIT ( $, .RADIAN. ) );
#1835 = CARTESIAN_POINT ( 'NONE',  ( -0.8400000000000001910, 1.884378199852105640, 1.024988770922461212 ) ) ;
#1836 = CARTESIAN_POINT ( 'NONE',  ( 0.8400000000000001910, 2.421966591676075975, 0.2409084130571637061 ) ) ;
#1837 = ORIENTED_EDGE ( 'NONE', *, *, #5387, .F. ) ;
#1838 = ORIENTED_EDGE ( 'NONE', *, *, #3444, .T. ) ;
#1839 = ADVANCED_FACE ( 'NONE', ( #833 ), #3132, .T. ) ;
#1840 = DIRECTION ( 'NONE',  ( 1.000000000000000000, -0.0000000000000000000, -0.0000000000000000000 ) ) ;
#1841 = CARTESIAN_POINT ( 'NONE',  ( 0.8400000000000001910, -2.329878096209553551, 0.3270158033497920780 ) ) ;
#1842 = STYLED_ITEM ( 'NONE', ( #3539 ), #4921 ) ;
#1843 = CARTESIAN_POINT ( 'NONE',  ( -2.265916554534189054, -1.789265374743141290, 0.1963527423377148806 ) ) ;
#1844 = ORIENTED_EDGE ( 'NONE', *, *, #4879, .F. ) ;
#1845 = ADVANCED_FACE ( 'NONE', ( #4480 ), #3458, .T. ) ;
#1846 = CARTESIAN_POINT ( 'NONE',  ( -2.288605220630223869, -1.811610787493963315, 1.470374500966352915 ) ) ;
#1847 = VECTOR ( 'NONE', #4028, 1000.000000000000000 ) ;
#1848 = EDGE_CURVE ( 'NONE', #6446, #4904, #964, .T. ) ;
#1849 = VECTOR ( 'NONE', #4808, 1000.000000000000227 ) ;
#1850 = DIRECTION ( 'NONE',  ( 1.000000000000000000, 0.0000000000000000000, 0.0000000000000000000 ) ) ;
#1851 = CARTESIAN_POINT ( 'NONE',  ( -2.109999999999999876, 1.884379578609461259, 1.025000000000000133 ) ) ;
#1852 = VERTEX_POINT ( 'NONE', #2992 ) ;
#1853 = CARTESIAN_POINT ( 'NONE',  ( -2.109999999999999876, -2.428942239050485785, 1.024988770922461434 ) ) ;
#1854 = DIRECTION ( 'NONE',  ( -1.000000000000000000, -0.0000000000000000000, 0.0000000000000000000 ) ) ;
#1855 = ADVANCED_FACE ( 'NONE', ( #2419 ), #5037, .T. ) ;
#1856 = EDGE_CURVE ( 'NONE', #1989, #3364, #504, .T. ) ;
#1857 =( NAMED_UNIT ( * ) PLANE_ANGLE_UNIT ( ) SI_UNIT ( $, .RADIAN. ) );
#1858 = AXIS2_PLACEMENT_3D ( 'NONE', #3755, #3234, #1287 ) ;
#1859 = CARTESIAN_POINT ( 'NONE',  ( 2.109999999999999876, 1.972211458395209949, 0.7249887709224612786 ) ) ;
#1860 = STYLED_ITEM ( 'NONE', ( #3819 ), #5996 ) ;
#1861 = ORIENTED_EDGE ( 'NONE', *, *, #3661, .T. ) ;
#1862 = CARTESIAN_POINT ( 'NONE',  ( -1.699999999999999956, -2.408015296927251470, 0.04139560300519886521 ) ) ;
#1863 = LINE ( 'NONE', #233, #3366 ) ;
#1864 = DIRECTION ( 'NONE',  ( 0.0000000000000000000, 0.0000000000000000000, 1.000000000000000000 ) ) ;
#1865 = VERTEX_POINT ( 'NONE', #2553 ) ;
#1866 = ORIENTED_EDGE ( 'NONE', *, *, #5598, .T. ) ;
#1867 = LINE ( 'NONE', #4316, #5613 ) ;
#1868 = VECTOR ( 'NONE', #1886, 1000.000000000000000 ) ;
#1869 = DIRECTION ( 'NONE',  ( 0.0000000000000000000, 0.0000000000000000000, 1.000000000000000000 ) ) ;
#1870 = B_SPLINE_CURVE_WITH_KNOTS ( 'NONE', 3,
 ( #2403, #4893, #3408, #4497 ),
 .UNSPECIFIED., .F., .F.,
 ( 4, 4 ),
 ( 0.0000000000000000000, 1.000000000000000000 ),
 .UNSPECIFIED. ) ;
#1871 = DIRECTION ( 'NONE',  ( -1.000000000000000000, -0.0000000000000000000, -0.0000000000000000000 ) ) ;
#1872 = STYLED_ITEM ( 'NONE', ( #4826 ), #231 ) ;
#1873 = AXIS2_PLACEMENT_3D ( 'NONE', #5798, #1223, #5765 ) ;
#1874 = CARTESIAN_POINT ( 'NONE',  ( 0.8400000000000011902, -1.884378864888159866, 0.8249944186784347044 ) ) ;
#1875 = SURFACE_SIDE_STYLE ('',( #6417 ) ) ;
#1876 = ORIENTED_EDGE ( 'NONE', *, *, #4642, .T. ) ;
#1877 = VERTEX_POINT ( 'NONE', #3904 ) ;
#1878 = STYLED_ITEM ( 'NONE', ( #3348 ), #1263 ) ;
#1879 = AXIS2_PLACEMENT_3D ( 'NONE', #5267, #6365, #5844 ) ;
#1880 = CARTESIAN_POINT ( 'NONE',  ( 2.291477832458802766, -1.784751931142793735, 1.470210232058604571 ) ) ;
#1881 = PRESENTATION_LAYER_ASSIGNMENT (  '', '', ( #1000 ) ) ;
#1882 = FILL_AREA_STYLE_COLOUR ( '', #5734 ) ;
#1883 = SURFACE_SIDE_STYLE ('',( #6428 ) ) ;
#1884 = CARTESIAN_POINT ( 'NONE',  ( 1.700000000000000178, 2.428942239050485785, 0.3406648180831462480 ) ) ;
#1885 = LINE ( 'NONE', #5428, #5832 ) ;
#1886 = DIRECTION ( 'NONE',  ( 1.000000000000000000, 0.0000000000000000000, 0.0000000000000000000 ) ) ;
#1887 = EDGE_CURVE ( 'NONE', #2099, #1852, #4105, .T. ) ;
#1888 = ORIENTED_EDGE ( 'NONE', *, *, #3859, .F. ) ;
#1889 = LINE ( 'NONE', #5546, #886 ) ;
#1890 = DIRECTION ( 'NONE',  ( 0.0000000000000000000, 0.0000000000000000000, 1.000000000000000000 ) ) ;
#1891 = CARTESIAN_POINT ( 'NONE',  ( 2.109999999999999876, -1.884378199852105862, 0.8249887709224611454 ) ) ;
#1892 = CIRCLE ( 'NONE', #2103, 0.2999999999999998779 ) ;
#1893 = CARTESIAN_POINT ( 'NONE',  ( 0.8400000000000001910, -1.884378199852105640, 1.024988770922461212 ) ) ;
#1894 = ADVANCED_FACE ( 'NONE', ( #4449 ), #804, .T. ) ;
#1895 = ORIENTED_EDGE ( 'NONE', *, *, #1887, .F. ) ;
#1896 = SURFACE_STYLE_FILL_AREA ( #3454 ) ;
#1897 = ORIENTED_EDGE ( 'NONE', *, *, #4151, .T. ) ;
#1898 = AXIS2_PLACEMENT_3D ( 'NONE', #5005, #1421, #437 ) ;
#1899 = ORIENTED_EDGE ( 'NONE', *, *, #2927, .F. ) ;
#1900 = VECTOR ( 'NONE', #2307, 1000.000000000000000 ) ;
#1901 = CARTESIAN_POINT ( 'NONE',  ( -1.699999999999999956, -2.428942239050485785, 0.3406648180831462480 ) ) ;
#1902 = ADVANCED_FACE ( 'NONE', ( #4147 ), #3147, .T. ) ;
#1903 = DIRECTION ( 'NONE',  ( 0.0000000000000000000, -1.000000000000000000, -1.234386826208250825E-15 ) ) ;
#1904 = CARTESIAN_POINT ( 'NONE',  ( 1.700000000000000178, 3.000000000000000444, 4.495527008246129049E-18 ) ) ;
#1905 = ORIENTED_EDGE ( 'NONE', *, *, #6554, .F. ) ;
#1906 = ORIENTED_EDGE ( 'NONE', *, *, #888, .T. ) ;
#1907 = CIRCLE ( 'NONE', #6059, 0.04999999999999991257 ) ;
#1908 = DIRECTION ( 'NONE',  ( 0.0000000000000000000, 0.0000000000000000000, 1.000000000000000000 ) ) ;
#1909 = CIRCLE ( 'NONE', #6157, 0.3000000000000001554 ) ;
#1910 = DIRECTION ( 'NONE',  ( 0.0000000000000000000, 0.0000000000000000000, 1.000000000000000000 ) ) ;
#1911 =( NAMED_UNIT ( * ) SI_UNIT ( $, .STERADIAN. ) SOLID_ANGLE_UNIT ( ) );
#1912 = CARTESIAN_POINT ( 'NONE',  ( -2.219263736772202567, 0.0000000000000000000, 1.700000000000000178 ) ) ;
#1913 = DIRECTION ( 'NONE',  ( 0.0000000000000000000, -0.9975640502598247528, 0.06975647374411841906 ) ) ;
#1914 = ORIENTED_EDGE ( 'NONE', *, *, #3818, .F. ) ;
#1915 = DIRECTION ( 'NONE',  ( 0.1209742911513546210, 0.1209742911513546210, 0.9852565360152931717 ) ) ;
#1916 = SURFACE_STYLE_USAGE ( .BOTH. , #4368 ) ;
#1917 = CARTESIAN_POINT ( 'NONE',  ( 0.4300000000000000488, 1.884378199852105640, 1.024988770922461212 ) ) ;
#1918 = DIRECTION ( 'NONE',  ( -1.000000000000000000, -0.0000000000000000000, -0.0000000000000000000 ) ) ;
#1919 = ORIENTED_EDGE ( 'NONE', *, *, #216, .F. ) ;
#1920 = LINE ( 'NONE', #1379, #4017 ) ;
#1921 = LINE ( 'NONE', #2950, #3082 ) ;
#1922 = DIRECTION ( 'NONE',  ( -0.0000000000000000000, -1.000000000000000000, 0.0000000000000000000 ) ) ;
#1923 = DIRECTION ( 'NONE',  ( -2.371578025942092633E-16, 1.000000000000000000, 2.911931665622777397E-17 ) ) ;
#1924 = ORIENTED_EDGE ( 'NONE', *, *, #3360, .T. ) ;
#1925 = PRESENTATION_STYLE_ASSIGNMENT (( #4579 ) ) ;
#1926 = AXIS2_PLACEMENT_3D ( 'NONE', #4807, #232, #825 ) ;
#1927 = ORIENTED_EDGE ( 'NONE', *, *, #6080, .F. ) ;
#1928 = FACE_OUTER_BOUND ( 'NONE', #1718, .T. ) ;
#1929 = EDGE_CURVE ( 'NONE', #6484, #1170, #2100, .T. ) ;
#1930 = EDGE_CURVE ( 'NONE', #2557, #6154, #624, .T. ) ;
#1931 = DIRECTION ( 'NONE',  ( -0.0000000000000000000, 0.9906414284093247868, 0.1364901473335445592 ) ) ;
#1932 = EDGE_CURVE ( 'NONE', #1195, #489, #129, .T. ) ;
#1933 = CYLINDRICAL_SURFACE ( 'NONE', #14, 0.2999999999999998779 ) ;
#1934 = ORIENTED_EDGE ( 'NONE', *, *, #3061, .T. ) ;
#1935 = EDGE_CURVE ( 'NONE', #973, #4941, #6120, .T. ) ;
#1936 =( LENGTH_UNIT ( ) NAMED_UNIT ( * ) SI_UNIT ( .MILLI., .METRE. ) );
#1937 = CARTESIAN_POINT ( 'NONE',  ( -2.109999999999999876, 3.013951294748823617, 0.1995128100519649172 ) ) ;
#1938 = DIRECTION ( 'NONE',  ( 0.0000000000000000000, -0.1364901473335445314, 0.9906414284093246758 ) ) ;
#1939 = CARTESIAN_POINT ( 'NONE',  ( -2.265916554534189498, 1.787316369894376811, 0.1792518535744386243 ) ) ;
#1940 =( NAMED_UNIT ( * ) SI_UNIT ( $, .STERADIAN. ) SOLID_ANGLE_UNIT ( ) );
#1941 = PLANE ( 'NONE',  #3637 ) ;
#1942 = ORIENTED_EDGE ( 'NONE', *, *, #5046, .F. ) ;
#1943 = DIRECTION ( 'NONE',  ( 0.0000000000000000000, 0.0000000000000000000, 1.000000000000000000 ) ) ;
#1944 = LINE ( 'NONE', #6463, #3210 ) ;
#1945 = CARTESIAN_POINT ( 'NONE',  ( 0.8400000000000001910, -1.884378199852105862, 0.8249887709224611454 ) ) ;
#1946 = ORIENTED_EDGE ( 'NONE', *, *, #5502, .T. ) ;
#1947 = FILL_AREA_STYLE ('',( #4926 ) ) ;
#1948 = DIRECTION ( 'NONE',  ( 0.0000000000000000000, 0.0000000000000000000, 1.000000000000000000 ) ) ;
#1949 = PRESENTATION_LAYER_ASSIGNMENT (  '', '', ( #543 ) ) ;
#1950 = MECHANICAL_DESIGN_GEOMETRIC_PRESENTATION_REPRESENTATION (  '', ( #6301 ), #3295 ) ;
#1951 = UNCERTAINTY_MEASURE_WITH_UNIT (LENGTH_MEASURE( 1.000000000000000082E-05 ), #4522, 'distance_accuracy_value', 'NONE');
#1952 = VERTEX_POINT ( 'NONE', #4739 ) ;
#1953 = CARTESIAN_POINT ( 'NONE',  ( -0.4300000000000000488, -2.428942239050485785, 0.3406648180831462480 ) ) ;
#1954 = FILL_AREA_STYLE ('',( #2890 ) ) ;
#1955 = STYLED_ITEM ( 'NONE', ( #3796 ), #5754 ) ;
#1956 = CARTESIAN_POINT ( 'NONE',  ( -0.4300000000000000488, -2.071275601236143071, 0.7386377856558151711 ) ) ;
#1957 = PRESENTATION_STYLE_ASSIGNMENT (( #5928 ) ) ;
#1958 = ORIENTED_EDGE ( 'NONE', *, *, #4709, .F. ) ;
#1959 = CARTESIAN_POINT ( 'NONE',  ( -2.219263736772202567, 0.0000000000000000000, 1.650000000000000133 ) ) ;
#1960 = STYLED_ITEM ( 'NONE', ( #3881 ), #5668 ) ;
#1961 = PRESENTATION_LAYER_ASSIGNMENT (  '', '', ( #645 ) ) ;
#1962 = EDGE_CURVE ( 'NONE', #2326, #3592, #5287, .T. ) ;
#1963 = SURFACE_STYLE_FILL_AREA ( #4119 ) ;
#1964 = CARTESIAN_POINT ( 'NONE',  ( -0.8400000000000001910, 1.884379578609461037, 0.3406648180831462480 ) ) ;
#1965 = VERTEX_POINT ( 'NONE', #2577 ) ;
#1966 = EDGE_CURVE ( 'NONE', #2262, #5936, #2708, .T. ) ;
#1967 = CYLINDRICAL_SURFACE ( 'NONE', #6539, 0.3000000000000001554 ) ;
#1968 = ADVANCED_FACE ( 'NONE', ( #4641, #1569 ), #5109, .F. ) ;
#1969 = COLOUR_RGB ( '',0.8784313725490195957, 0.8784313725490195957, 0.8784313725490195957 ) ;
#1970 = CARTESIAN_POINT ( 'NONE',  ( 1.700000000000000178, -2.421966591676075087, 0.2409084130571637894 ) ) ;
#1971 = SURFACE_SIDE_STYLE ('',( #6457 ) ) ;
#1972 = PLANE ( 'NONE',  #607 ) ;
#1973 = AXIS2_PLACEMENT_3D ( 'NONE', #4694, #124, #2183 ) ;
#1974 = CARTESIAN_POINT ( 'NONE',  ( 0.4300000000000000488, -1.972211458395209949, 0.7249887709224612786 ) ) ;
#1975 =( GEOMETRIC_REPRESENTATION_CONTEXT ( 3 ) GLOBAL_UNCERTAINTY_ASSIGNED_CONTEXT ( ( #2412 ) ) GLOBAL_UNIT_ASSIGNED_CONTEXT ( ( #5703, #5610, #1586 ) ) REPRESENTATION_CONTEXT ( 'NONE', 'WORKASPACE' ) );
#1976 = DIRECTION ( 'NONE',  ( 0.0000000000000000000, 0.9975640502598247528, 0.06975647374411841906 ) ) ;
#1977 = DIRECTION ( 'NONE',  ( 0.0000000000000000000, 0.0000000000000000000, 1.000000000000000000 ) ) ;
#1978 = FILL_AREA_STYLE ('',( #3341 ) ) ;
#1979 = EDGE_CURVE ( 'NONE', #2310, #1082, #3606, .T. ) ;
#1980 = ORIENTED_EDGE ( 'NONE', *, *, #2332, .F. ) ;
#1981 = CARTESIAN_POINT ( 'NONE',  ( 0.8400000000000001910, -1.972211458395209949, 0.7249887709224612786 ) ) ;
#1982 = VECTOR ( 'NONE', #28, 1000.000000000000000 ) ;
#1983 = CARTESIAN_POINT ( 'NONE',  ( -2.109999999999999876, 1.884378199852105862, 0.8249887709224611454 ) ) ;
#1984 = MECHANICAL_DESIGN_GEOMETRIC_PRESENTATION_REPRESENTATION (  '', ( #2094 ), #258 ) ;
#1985 = CARTESIAN_POINT ( 'NONE',  ( 2.109999999999999876, -2.408015296927251470, 0.04139560300519886521 ) ) ;
#1986 = VERTEX_POINT ( 'NONE', #689 ) ;
#1987 = CARTESIAN_POINT ( 'NONE',  ( 2.109999999999999876, -1.884378199852105862, 0.8249887709224611454 ) ) ;
#1988 = DIRECTION ( 'NONE',  ( 0.0000000000000000000, -0.0000000000000000000, -1.000000000000000000 ) ) ;
#1989 = VERTEX_POINT ( 'NONE', #1728 ) ;
#1990 = CARTESIAN_POINT ( 'NONE',  ( -1.699999999999999956, 1.884378199852105640, 1.024988770922461212 ) ) ;
#1991 = CARTESIAN_POINT ( 'NONE',  ( 2.109999999999999876, 2.269403886918007984, 0.7659358151225240663 ) ) ;
#1992 = ORIENTED_EDGE ( 'NONE', *, *, #1216, .F. ) ;
#1993 = DIRECTION ( 'NONE',  ( 0.0000000000000000000, 0.0000000000000000000, 1.000000000000000000 ) ) ;
#1994 =( GEOMETRIC_REPRESENTATION_CONTEXT ( 3 ) GLOBAL_UNCERTAINTY_ASSIGNED_CONTEXT ( ( #787 ) ) GLOBAL_UNIT_ASSIGNED_CONTEXT ( ( #5415, #4279, #1803 ) ) REPRESENTATION_CONTEXT ( 'NONE', 'WORKASPACE' ) );
#1995 = DIRECTION ( 'NONE',  ( 0.0000000000000000000, -0.9975640502598247528, -0.06975647374411841906 ) ) ;
#1996 = EDGE_LOOP ( 'NONE', ( #6137, #348, #5115, #3674 ) ) ;
#1997 = ORIENTED_EDGE ( 'NONE', *, *, #1292, .F. ) ;
#1998 = LINE ( 'NONE', #378, #5937 ) ;
#1999 = ADVANCED_FACE ( 'NONE', ( #3737 ), #2737, .T. ) ;
#2000 = MECHANICAL_DESIGN_GEOMETRIC_PRESENTATION_REPRESENTATION (  '', ( #2527 ), #6350 ) ;
#2001 = SURFACE_STYLE_USAGE ( .BOTH. , #5012 ) ;
#2002 = PLANE ( 'NONE',  #1636 ) ;
#2003 =( LENGTH_UNIT ( ) NAMED_UNIT ( * ) SI_UNIT ( .MILLI., .METRE. ) );
#2004 = PRESENTATION_STYLE_ASSIGNMENT (( #5456 ) ) ;
#2005 =( GEOMETRIC_REPRESENTATION_CONTEXT ( 3 ) GLOBAL_UNCERTAINTY_ASSIGNED_CONTEXT ( ( #4673 ) ) GLOBAL_UNIT_ASSIGNED_CONTEXT ( ( #5988, #2925, #6378 ) ) REPRESENTATION_CONTEXT ( 'NONE', 'WORKASPACE' ) );
#2006 = VECTOR ( 'NONE', #4406, 1000.000000000000000 ) ;
#2007 = DIRECTION ( 'NONE',  ( -0.1209742911513548291, 0.1209742911513548291, -0.9852565360152931717 ) ) ;
#2008 = EDGE_CURVE ( 'NONE', #6149, #5359, #5174, .T. ) ;
#2009 = ADVANCED_FACE ( 'NONE', ( #4239 ), #5279, .F. ) ;
#2010 = MECHANICAL_DESIGN_GEOMETRIC_PRESENTATION_REPRESENTATION (  '', ( #3245 ), #6250 ) ;
#2011 = COLOUR_RGB ( '',0.8784313725490195957, 0.8784313725490195957, 0.8784313725490195957 ) ;
#2012 = FACE_OUTER_BOUND ( 'NONE', #1996, .T. ) ;
#2013 = EDGE_CURVE ( 'NONE', #3484, #6283, #1998, .T. ) ;
#2014 = PLANE ( 'NONE',  #1770 ) ;
#2015 = DIRECTION ( 'NONE',  ( -1.000000000000000000, 0.0000000000000000000, 0.0000000000000000000 ) ) ;
#2016 = ORIENTED_EDGE ( 'NONE', *, *, #2545, .F. ) ;
#2017 = CARTESIAN_POINT ( 'NONE',  ( 0.8400000000000001910, 2.269403886918007984, 0.7659358151225240663 ) ) ;
#2018 = CARTESIAN_POINT ( 'NONE',  ( -2.346379578609460559, 1.884379578609461259, 1.025000000000000133 ) ) ;
#2019 = DIRECTION ( 'NONE',  ( -1.000000000000000000, -0.0000000000000000000, -0.0000000000000000000 ) ) ;
#2020 = ORIENTED_EDGE ( 'NONE', *, *, #5675, .T. ) ;
#2021 = AXIS2_PLACEMENT_3D ( 'NONE', #6530, #5984, #5948 ) ;
#2022 = FILL_AREA_STYLE_COLOUR ( '', #1673 ) ;
#2023 = ORIENTED_EDGE ( 'NONE', *, *, #393, .F. ) ;
#2024 =( LENGTH_UNIT ( ) NAMED_UNIT ( * ) SI_UNIT ( .MILLI., .METRE. ) );
#2025 = CARTESIAN_POINT ( 'NONE',  ( 2.109999999999999876, 2.428942239050485785, 0.8249887709224612564 ) ) ;
#2026 = LINE ( 'NONE', #999, #6009 ) ;
#2027 = DIRECTION ( 'NONE',  ( 0.0000000000000000000, -1.000000000000000000, -1.234386826208250825E-15 ) ) ;
#2028 = DIRECTION ( 'NONE',  ( 0.0000000000000000000, -0.06975647374411883539, 0.9975640502598246417 ) ) ;
#2029 = ADVANCED_FACE ( 'NONE', ( #4015 ), #5597, .F. ) ;
#2030 = SURFACE_SIDE_STYLE ('',( #3391 ) ) ;
#2031 = UNCERTAINTY_MEASURE_WITH_UNIT (LENGTH_MEASURE( 1.000000000000000082E-05 ), #3591, 'distance_accuracy_value', 'NONE');
#2032 = ORIENTED_EDGE ( 'NONE', *, *, #931, .T. ) ;
#2033 = ORIENTED_EDGE ( 'NONE', *, *, #5044, .F. ) ;
#2034 = VERTEX_POINT ( 'NONE', #6485 ) ;
#2035 = VECTOR ( 'NONE', #5649, 1000.000000000000000 ) ;
#2036 = FILL_AREA_STYLE ('',( #3467 ) ) ;
#2037 = FACE_OUTER_BOUND ( 'NONE', #4552, .T. ) ;
#2038 = EDGE_LOOP ( 'NONE', ( #1866, #1219, #1037, #587 ) ) ;
#2039 = CARTESIAN_POINT ( 'NONE',  ( -2.242323597891390907, 1.780323597891391163, 1.462192502464348509 ) ) ;
#2040 =( NAMED_UNIT ( * ) SI_UNIT ( $, .STERADIAN. ) SOLID_ANGLE_UNIT ( ) );
#2041 = DIRECTION ( 'NONE',  ( -0.9925461516413219831, 0.0000000000000000000, 0.1218693434051477259 ) ) ;
#2042 = DIRECTION ( 'NONE',  ( -0.0000000000000000000, 0.9906414284093247868, 0.1364901473335445592 ) ) ;
#2043 = VERTEX_POINT ( 'NONE', #6067 ) ;
#2044 = CARTESIAN_POINT ( 'NONE',  ( -0.8400000000000001910, 2.131749810527688638, 0.2997177738830844596 ) ) ;
#2045 = CARTESIAN_POINT ( 'NONE',  ( 2.161869867934876677, -1.699869867934876044, -0.2674355506529252913 ) ) ;
#2046 = VERTEX_POINT ( 'NONE', #4051 ) ;
#2047 = ADVANCED_FACE ( 'NONE', ( #5968 ), #1392, .T. ) ;
#2048 = EDGE_CURVE ( 'NONE', #5925, #5831, #2102, .T. ) ;
#2049 = PLANE ( 'NONE',  #2384 ) ;
#2050 = ORIENTED_EDGE ( 'NONE', *, *, #5089, .T. ) ;
#2051 = CARTESIAN_POINT ( 'NONE',  ( 1.700000000000000178, -1.884379578609461259, 1.024988770922461434 ) ) ;
#2052 = LINE ( 'NONE', #2442, #6597 ) ;
#2053 = PRESENTATION_STYLE_ASSIGNMENT (( #4580 ) ) ;
#2054 = EDGE_CURVE ( 'NONE', #3665, #4706, #2617, .T. ) ;
#2055 = PRESENTATION_STYLE_ASSIGNMENT (( #3020 ) ) ;
#2056 = CARTESIAN_POINT ( 'NONE',  ( -0.4299999999999992717, 1.884378714326427451, 0.8249915364978968046 ) ) ;
#2057 = DIRECTION ( 'NONE',  ( -0.0000000000000000000, -1.000000000000000000, 0.0000000000000000000 ) ) ;
#2058 =( NAMED_UNIT ( * ) SI_UNIT ( $, .STERADIAN. ) SOLID_ANGLE_UNIT ( ) );
#2059 = PRESENTATION_LAYER_ASSIGNMENT (  '', '', ( #4174 ) ) ;
#2060 = EDGE_LOOP ( 'NONE', ( #6037, #3158, #4371 ) ) ;
#2061 = EDGE_CURVE ( 'NONE', #230, #5080, #1892, .T. ) ;
#2062 = CARTESIAN_POINT ( 'NONE',  ( -1.699999999999999956, -2.071275601236143071, 0.7386377856558151711 ) ) ;
#2063 = CARTESIAN_POINT ( 'NONE',  ( 0.4299999999999999933, -3.013951294748823617, 0.1995128100519648617 ) ) ;
#2064 = ORIENTED_EDGE ( 'NONE', *, *, #74, .F. ) ;
#2065 = DIRECTION ( 'NONE',  ( 1.000000000000000000, 0.0000000000000000000, 0.0000000000000000000 ) ) ;
#2066 =( GEOMETRIC_REPRESENTATION_CONTEXT ( 3 ) GLOBAL_UNCERTAINTY_ASSIGNED_CONTEXT ( ( #5559 ) ) GLOBAL_UNIT_ASSIGNED_CONTEXT ( ( #877, #1436, #1911 ) ) REPRESENTATION_CONTEXT ( 'NONE', 'WORKASPACE' ) );
#2067 = SURFACE_STYLE_FILL_AREA ( #979 ) ;
#2068 =( NAMED_UNIT ( * ) PLANE_ANGLE_UNIT ( ) SI_UNIT ( $, .RADIAN. ) );
#2069 = CARTESIAN_POINT ( 'NONE',  ( 2.265916554534185057, 1.757263736772203266, 1.682208808131911537 ) ) ;
#2070 = VERTEX_POINT ( 'NONE', #4620 ) ;
#2071 = VECTOR ( 'NONE', #6161, 1000.000000000000000 ) ;
#2072 = SURFACE_SIDE_STYLE ('',( #2563 ) ) ;
#2073 = VECTOR ( 'NONE', #3847, 1000.000000000000000 ) ;
#2074 = CARTESIAN_POINT ( 'NONE',  ( 2.245982507821992602, -1.803916554534190198, 0.1677911918680916048 ) ) ;
#2075 = CARTESIAN_POINT ( 'NONE',  ( 2.346379578609460559, -1.884379578609461259, 0.8249999999999999556 ) ) ;
#2076 = CIRCLE ( 'NONE', #1205, 0.1000000000000002554 ) ;
#2077 = VECTOR ( 'NONE', #2272, 1000.000000000000227 ) ;
#2078 = VERTEX_POINT ( 'NONE', #81 ) ;
#2079 = AXIS2_PLACEMENT_3D ( 'NONE', #6032, #1840, #3978 ) ;
#2080 =( LENGTH_UNIT ( ) NAMED_UNIT ( * ) SI_UNIT ( .MILLI., .METRE. ) );
#2081 = ORIENTED_EDGE ( 'NONE', *, *, #3231, .T. ) ;
#2082 = AXIS2_PLACEMENT_3D ( 'NONE', #2017, #1482, #6436 ) ;
#2083 = PRESENTATION_LAYER_ASSIGNMENT (  '', '', ( #3201 ) ) ;
#2084 = ADVANCED_FACE ( 'NONE', ( #5724 ), #2131, .F. ) ;
#2085 = FILL_AREA_STYLE_COLOUR ( '', #894 ) ;
#2086 = UNCERTAINTY_MEASURE_WITH_UNIT (LENGTH_MEASURE( 1.000000000000000082E-05 ), #3439, 'distance_accuracy_value', 'NONE');
#2087 = ORIENTED_EDGE ( 'NONE', *, *, #368, .F. ) ;
#2088 =( NAMED_UNIT ( * ) PLANE_ANGLE_UNIT ( ) SI_UNIT ( $, .RADIAN. ) );
#2089 = FILL_AREA_STYLE ('',( #5001 ) ) ;
#2090 = AXIS2_PLACEMENT_3D ( 'NONE', #4331, #1229, #183 ) ;
#2091 = DIRECTION ( 'NONE',  ( 0.0000000000000000000, 0.0000000000000000000, 1.000000000000000000 ) ) ;
#2092 = FILL_AREA_STYLE_COLOUR ( '', #5280 ) ;
#2093 = ADVANCED_FACE ( 'NONE', ( #1212 ), #203, .T. ) ;
#2094 = STYLED_ITEM ( 'NONE', ( #4958 ), #1485 ) ;
#2095 = ADVANCED_FACE ( 'NONE', ( #2834 ), #166, .T. ) ;
#2096 = UNCERTAINTY_MEASURE_WITH_UNIT (LENGTH_MEASURE( 1.000000000000000082E-05 ), #2024, 'distance_accuracy_value', 'NONE');
#2097 = DIRECTION ( 'NONE',  ( -0.1209742911513546626, -0.1209742911513560087, 0.9852565360152929497 ) ) ;
#2098 = CARTESIAN_POINT ( 'NONE',  ( -2.219263736772202567, -1.757263736772203044, 0.1999999999999999833 ) ) ;
#2099 = VERTEX_POINT ( 'NONE', #6411 ) ;
#2100 = CIRCLE ( 'NONE', #6550, 0.05000000000000002359 ) ;
#2101 = ORIENTED_EDGE ( 'NONE', *, *, #926, .T. ) ;
#2102 = LINE ( 'NONE', #3125, #267 ) ;
#2103 = AXIS2_PLACEMENT_3D ( 'NONE', #573, #4650, #1042 ) ;
#2104 = DIRECTION ( 'NONE',  ( 0.0000000000000000000, 0.0000000000000000000, 1.000000000000000000 ) ) ;
#2105 = DIRECTION ( 'NONE',  ( 1.000000000000000000, 0.0000000000000000000, 0.0000000000000000000 ) ) ;
#2106 = CARTESIAN_POINT ( 'NONE',  ( 2.109999999999999876, 2.428942239050485785, 0.3406648180831462480 ) ) ;
#2107 = CARTESIAN_POINT ( 'NONE',  ( 0.8400000000000001910, 3.013951294748823617, 0.1995128100519649172 ) ) ;
#2108 = CIRCLE ( 'NONE', #2828, 0.2000000000000003164 ) ;
#2109 = CARTESIAN_POINT ( 'NONE',  ( -1.699999999999999956, -1.972211458395209949, 0.7249887709224612786 ) ) ;
#2110 = FACE_OUTER_BOUND ( 'NONE', #5763, .T. ) ;
#2111 = CARTESIAN_POINT ( 'NONE',  ( -2.263500000000000956, 1.884378199852105640, 0.8249887709224611454 ) ) ;
#2112 =( NAMED_UNIT ( * ) SI_UNIT ( $, .STERADIAN. ) SOLID_ANGLE_UNIT ( ) );
#2113 = VERTEX_POINT ( 'NONE', #6314 ) ;
#2114 = STYLED_ITEM ( 'NONE', ( #5207 ), #3524 ) ;
#2115 = STYLED_ITEM ( 'NONE', ( #2004 ), #2954 ) ;
#2116 = DIRECTION ( 'NONE',  ( -1.000000000000000000, -0.0000000000000000000, -0.0000000000000000000 ) ) ;
#2117 =( NAMED_UNIT ( * ) SI_UNIT ( $, .STERADIAN. ) SOLID_ANGLE_UNIT ( ) );
#2118 = ORIENTED_EDGE ( 'NONE', *, *, #2910, .T. ) ;
#2119 =( NAMED_UNIT ( * ) PLANE_ANGLE_UNIT ( ) SI_UNIT ( $, .RADIAN. ) );
#2120 = VECTOR ( 'NONE', #2791, 1000.000000000000000 ) ;
#2121 = PRESENTATION_LAYER_ASSIGNMENT (  '', '', ( #4975 ) ) ;
#2122 = VECTOR ( 'NONE', #6095, 1000.000000000000000 ) ;
#2123 = COLOUR_RGB ( '',0.8784313725490195957, 0.8784313725490195957, 0.8784313725490195957 ) ;
#2124 = ORIENTED_EDGE ( 'NONE', *, *, #4711, .F. ) ;
#2125 = DIRECTION ( 'NONE',  ( -1.000000000000000000, 0.0000000000000000000, 0.0000000000000000000 ) ) ;
#2126 = CARTESIAN_POINT ( 'NONE',  ( 2.219263736772202567, 0.0000000000000000000, 1.650000000000000133 ) ) ;
#2127 =( LENGTH_UNIT ( ) NAMED_UNIT ( * ) SI_UNIT ( .MILLI., .METRE. ) );
#2128 = CIRCLE ( 'NONE', #3815, 0.09999999999999988065 ) ;
#2129 = ORIENTED_EDGE ( 'NONE', *, *, #4396, .F. ) ;
#2130 = EDGE_LOOP ( 'NONE', ( #5967, #6176, #6562, #77, #6192, #5004, #5153, #859, #2296, #1823, #5627, #1678 ) ) ;
#2131 = PLANE ( 'NONE',  #3573 ) ;
#2132 = SHAPE_DEFINITION_REPRESENTATION ( #2564, #4699 ) ;
#2133 = FILL_AREA_STYLE_COLOUR ( '', #3964 ) ;
#2134 = DIRECTION ( 'NONE',  ( 2.407332051036368319E-16, -1.000000000000000000, 0.0000000000000000000 ) ) ;
#2135 = EDGE_CURVE ( 'NONE', #2686, #3183, #1867, .T. ) ;
#2136 = ORIENTED_EDGE ( 'NONE', *, *, #5093, .F. ) ;
#2137 = AXIS2_PLACEMENT_3D ( 'NONE', #3344, #2825, #5272 ) ;
#2138 = CARTESIAN_POINT ( 'NONE',  ( 0.4299999999999998268, -1.884379578609461259, 1.025000000000000133 ) ) ;
#2139 = CARTESIAN_POINT ( 'NONE',  ( 2.346378889230783304, 1.834565235439750586, 0.8249943854612317162 ) ) ;
#2140 = SURFACE_STYLE_USAGE ( .BOTH. , #5158 ) ;
#2141 = CARTESIAN_POINT ( 'NONE',  ( -2.346378889230783304, -1.834565235439751030, 0.8249943854612299399 ) ) ;
#2142 = FILL_AREA_STYLE ('',( #4661 ) ) ;
#2143 = ORIENTED_EDGE ( 'NONE', *, *, #198, .F. ) ;
#2144 = CARTESIAN_POINT ( 'NONE',  ( 2.296565235439751440, 1.884378889230784004, 1.025005614538769594 ) ) ;
#2145 = CARTESIAN_POINT ( 'NONE',  ( 0.0000000000000000000, -1.757263736772203044, 0.1499999999999999944 ) ) ;
#2146 = CARTESIAN_POINT ( 'NONE',  ( -0.4300000000000000488, -3.013951294748823617, 0.1995128100519649450 ) ) ;
#2147 = UNCERTAINTY_MEASURE_WITH_UNIT (LENGTH_MEASURE( 1.000000000000000082E-05 ), #626, 'distance_accuracy_value', 'NONE');
#2148 = ORIENTED_EDGE ( 'NONE', *, *, #713, .F. ) ;
#2149 = DIRECTION ( 'NONE',  ( 1.000000000000000000, -0.0000000000000000000, -0.0000000000000000000 ) ) ;
#2150 = CARTESIAN_POINT ( 'NONE',  ( 0.0000000000000000000, -1.348042813803152162, 1.700000000000000178 ) ) ;
#2151 = CARTESIAN_POINT ( 'NONE',  ( -0.4300000000000000488, 1.884378199852105640, 1.024988770922461212 ) ) ;
#2152 = PRESENTATION_LAYER_ASSIGNMENT (  '', '', ( #434 ) ) ;
#2153 = PLANE ( 'NONE',  #6561 ) ;
#2154 = COLOUR_RGB ( '',0.8784313725490195957, 0.8784313725490195957, 0.8784313725490195957 ) ;
#2155 = ORIENTED_EDGE ( 'NONE', *, *, #4886, .T. ) ;
#2156 = SURFACE_STYLE_USAGE ( .BOTH. , #1069 ) ;
#2157 = CARTESIAN_POINT ( 'NONE',  ( -0.4300000000000000488, 2.329878096209553551, 0.3270158033497924110 ) ) ;
#2158 = CARTESIAN_POINT ( 'NONE',  ( 2.245982507821994822, -1.361458565304646484, 1.698640944312545864 ) ) ;
#2159 = VERTEX_POINT ( 'NONE', #3813 ) ;
#2160 = ORIENTED_EDGE ( 'NONE', *, *, #2295, .T. ) ;
#2161 = SURFACE_STYLE_USAGE ( .BOTH. , #5761 ) ;
#2162 = COLOUR_RGB ( '',0.8784313725490195957, 0.8784313725490195957, 0.8784313725490195957 ) ;
#2163 = EDGE_CURVE ( 'NONE', #1730, #874, #2235, .T. ) ;
#2164 = SURFACE_SIDE_STYLE ('',( #2619 ) ) ;
#2165 = VECTOR ( 'NONE', #1722, 1000.000000000000000 ) ;
#2166 =( LENGTH_UNIT ( ) NAMED_UNIT ( * ) SI_UNIT ( .MILLI., .METRE. ) );
#2167 =( NAMED_UNIT ( * ) PLANE_ANGLE_UNIT ( ) SI_UNIT ( $, .RADIAN. ) );
#2168 = EDGE_LOOP ( 'NONE', ( #6015, #3922, #141, #6479, #1146, #6228, #625, #2773, #1801, #3611, #6429, #1698 ) ) ;
#2169 = SURFACE_SIDE_STYLE ('',( #2657 ) ) ;
#2170 = ADVANCED_FACE ( 'NONE', ( #3289 ), #4986, .T. ) ;
#2171 = MECHANICAL_DESIGN_GEOMETRIC_PRESENTATION_REPRESENTATION (  '', ( #1860 ), #5787 ) ;
#2172 = FILL_AREA_STYLE_COLOUR ( '', #1209 ) ;
#2173 = CYLINDRICAL_SURFACE ( 'NONE', #3416, 0.2999999999999998779 ) ;
#2174 = DIRECTION ( 'NONE',  ( -0.0000000000000000000, -1.000000000000000000, -0.0000000000000000000 ) ) ;
#2175 = FILL_AREA_STYLE_COLOUR ( '', #2011 ) ;
#2176 = ORIENTED_EDGE ( 'NONE', *, *, #4839, .T. ) ;
#2177 = AXIS2_PLACEMENT_3D ( 'NONE', #2106, #3064, #4090 ) ;
#2178 = DIRECTION ( 'NONE',  ( -0.04792063293609302721, 0.9194473282641765222, 0.3902822356793500536 ) ) ;
#2179 = ADVANCED_FACE ( 'NONE', ( #1928 ), #2962, .T. ) ;
#2180 = CARTESIAN_POINT ( 'NONE',  ( 2.109999999999999876, -1.972211458395209061, 1.024988770922461434 ) ) ;
#2181 = LINE ( 'NONE', #4166, #4696 ) ;
#2182 = ORIENTED_EDGE ( 'NONE', *, *, #3907, .T. ) ;
#2183 = DIRECTION ( 'NONE',  ( -1.000000000000000000, 0.0000000000000000000, 0.0000000000000000000 ) ) ;
#2184 = CARTESIAN_POINT ( 'NONE',  ( 2.109999999999999876, -2.421966591676075975, 0.2409084130571637061 ) ) ;
#2185 = DIRECTION ( 'NONE',  ( 0.0000000000000000000, -1.234386826208250825E-15, 1.000000000000000000 ) ) ;
#2186 = STYLED_ITEM ( 'NONE', ( #4524 ), #1174 ) ;
#2187 = AXIS2_PLACEMENT_3D ( 'NONE', #6112, #3563, #1559 ) ;
#2188 = DIRECTION ( 'NONE',  ( 0.0000000000000000000, -1.000000000000000000, 1.234386826208250825E-15 ) ) ;
#2189 = STYLED_ITEM ( 'NONE', ( #3597 ), #1307 ) ;
#2190 = EDGE_LOOP ( 'NONE', ( #3373, #3730, #3228, #6386 ) ) ;
#2191 = SURFACE_STYLE_FILL_AREA ( #4702 ) ;
#2192 = DIRECTION ( 'NONE',  ( 0.0000000000000000000, -0.9975640502598247528, 0.06975647374411884927 ) ) ;
#2193 = DIRECTION ( 'NONE',  ( -1.000000000000000000, -0.0000000000000000000, -0.0000000000000000000 ) ) ;
#2194 = CARTESIAN_POINT ( 'NONE',  ( -2.219263736772203011, 1.801499999999999879, 0.1999999999999999833 ) ) ;
#2195 = VERTEX_POINT ( 'NONE', #935 ) ;
#2196 = ORIENTED_EDGE ( 'NONE', *, *, #5913, .F. ) ;
#2197 = MECHANICAL_DESIGN_GEOMETRIC_PRESENTATION_REPRESENTATION (  '', ( #3875 ), #4736 ) ;
#2198 =( LENGTH_UNIT ( ) NAMED_UNIT ( * ) SI_UNIT ( .MILLI., .METRE. ) );
#2199 = PRESENTATION_LAYER_ASSIGNMENT (  '', '', ( #3564 ) ) ;
#2200 = DIRECTION ( 'NONE',  ( -1.000000000000000000, 0.0000000000000000000, 0.0000000000000000000 ) ) ;
#2201 = EDGE_LOOP ( 'NONE', ( #4968, #2388, #123, #6512 ) ) ;
#2202 = ORIENTED_EDGE ( 'NONE', *, *, #6476, .T. ) ;
#2203 = ADVANCED_FACE ( 'NONE', ( #4044 ), #2515, .T. ) ;
#2204 = CARTESIAN_POINT ( 'NONE',  ( -2.109999999999999876, 1.884378199852105640, 1.024988770922461212 ) ) ;
#2205 = PRESENTATION_LAYER_ASSIGNMENT (  '', '', ( #5500 ) ) ;
#2206 = LINE ( 'NONE', #1286, #4828 ) ;
#2207 =( NAMED_UNIT ( * ) SI_UNIT ( $, .STERADIAN. ) SOLID_ANGLE_UNIT ( ) );
#2208 = DIRECTION ( 'NONE',  ( 0.0000000000000000000, 0.0000000000000000000, 1.000000000000000000 ) ) ;
#2209 =( NAMED_UNIT ( * ) PLANE_ANGLE_UNIT ( ) SI_UNIT ( $, .RADIAN. ) );
#2210 =( GEOMETRIC_REPRESENTATION_CONTEXT ( 3 ) GLOBAL_UNCERTAINTY_ASSIGNED_CONTEXT ( ( #5820 ) ) GLOBAL_UNIT_ASSIGNED_CONTEXT ( ( #5048, #5010, #3030 ) ) REPRESENTATION_CONTEXT ( 'NONE', 'WORKASPACE' ) );
#2211 = DIRECTION ( 'NONE',  ( 0.0000000000000000000, 0.0000000000000000000, 1.000000000000000000 ) ) ;
#2212 = VERTEX_POINT ( 'NONE', #1458 ) ;
#2213 = EDGE_CURVE ( 'NONE', #4329, #5218, #3425, .T. ) ;
#2214 =( GEOMETRIC_REPRESENTATION_CONTEXT ( 3 ) GLOBAL_UNCERTAINTY_ASSIGNED_CONTEXT ( ( #6474 ) ) GLOBAL_UNIT_ASSIGNED_CONTEXT ( ( #4075, #5138, #73 ) ) REPRESENTATION_CONTEXT ( 'NONE', 'WORKASPACE' ) );
#2215 = DIRECTION ( 'NONE',  ( -1.000000000000000000, -0.0000000000000000000, -0.0000000000000000000 ) ) ;
#2216 = DIRECTION ( 'NONE',  ( 0.0000000000000000000, 0.9975640502598247528, 0.06975647374411841906 ) ) ;
#2217 = UNCERTAINTY_MEASURE_WITH_UNIT (LENGTH_MEASURE( 1.000000000000000082E-05 ), #3422, 'distance_accuracy_value', 'NONE');
#2218 = ORIENTED_EDGE ( 'NONE', *, *, #4727, .F. ) ;
#2219 = CARTESIAN_POINT ( 'NONE',  ( 1.700000000000000178, -2.428942239050485785, 0.3406648180831462480 ) ) ;
#2220 = PRESENTATION_STYLE_ASSIGNMENT (( #4168 ) ) ;
#2221 =( NAMED_UNIT ( * ) PLANE_ANGLE_UNIT ( ) SI_UNIT ( $, .RADIAN. ) );
#2222 = COLOUR_RGB ( '',0.8784313725490195957, 0.8784313725490195957, 0.8784313725490195957 ) ;
#2223 = CARTESIAN_POINT ( 'NONE',  ( -2.325682208799348061, -1.884270918623761393, 1.026767660639605229 ) ) ;
#2224 = DIRECTION ( 'NONE',  ( -0.9925461516413220942, 0.0000000000000000000, 0.1218693434051463520 ) ) ;
#2225 =( GEOMETRIC_REPRESENTATION_CONTEXT ( 3 ) GLOBAL_UNCERTAINTY_ASSIGNED_CONTEXT ( ( #2857 ) ) GLOBAL_UNIT_ASSIGNED_CONTEXT ( ( #1186, #2209, #147 ) ) REPRESENTATION_CONTEXT ( 'NONE', 'WORKASPACE' ) );
#2226 = DIRECTION ( 'NONE',  ( 0.0000000000000000000, 0.0000000000000000000, 1.000000000000000000 ) ) ;
#2227 = UNCERTAINTY_MEASURE_WITH_UNIT (LENGTH_MEASURE( 1.000000000000000082E-05 ), #3574, 'distance_accuracy_value', 'NONE');
#2228 = EDGE_LOOP ( 'NONE', ( #3506, #417, #6288, #4883 ) ) ;
#2229 = SURFACE_STYLE_FILL_AREA ( #659 ) ;
#2230 = CARTESIAN_POINT ( 'NONE',  ( 2.109999999999999876, 2.269403886918007984, 0.7659358151225242883 ) ) ;
#2231 = CARTESIAN_POINT ( 'NONE',  ( 2.268942131948885610, -1.348042813803152384, 1.655661894794969724 ) ) ;
#2232 = ORIENTED_EDGE ( 'NONE', *, *, #4814, .F. ) ;
#2233 = ADVANCED_FACE ( 'NONE', ( #3457 ), #3390, .T. ) ;
#2234 = ORIENTED_EDGE ( 'NONE', *, *, #2489, .F. ) ;
#2235 = LINE ( 'NONE', #1280, #3347 ) ;
#2236 = FACE_OUTER_BOUND ( 'NONE', #4254, .T. ) ;
#2237 = DIRECTION ( 'NONE',  ( -1.000000000000000000, -0.0000000000000000000, -0.0000000000000000000 ) ) ;
#2238 = ORIENTED_EDGE ( 'NONE', *, *, #198, .T. ) ;
#2239 = VERTEX_POINT ( 'NONE', #4942 ) ;
#2240 = CARTESIAN_POINT ( 'NONE',  ( 2.291430237550577509, -1.779764626010009732, 1.472526469572472463 ) ) ;
#2241 = PLANE ( 'NONE',  #1249 ) ;
#2242 = LINE ( 'NONE', #1188, #5791 ) ;
#2243 = CARTESIAN_POINT ( 'NONE',  ( 1.700000000000000178, -2.131749810527688638, 0.2997177738830835714 ) ) ;
#2244 = ADVANCED_FACE ( 'NONE', ( #2418 ), #5483, .T. ) ;
#2245 = DIRECTION ( 'NONE',  ( -1.000000000000000000, -0.0000000000000000000, -0.0000000000000000000 ) ) ;
#2246 = ADVANCED_FACE ( 'NONE', ( #4112 ), #2153, .F. ) ;
#2247 = VERTEX_POINT ( 'NONE', #4172 ) ;
#2248 = FACE_OUTER_BOUND ( 'NONE', #5132, .T. ) ;
#2249 = PLANE ( 'NONE',  #6504 ) ;
#2250 = DIRECTION ( 'NONE',  ( 0.0000000000000000000, 0.9975640502598247528, 0.06975647374411841906 ) ) ;
#2251 = LINE ( 'NONE', #6272, #3409 ) ;
#2252 =( LENGTH_UNIT ( ) NAMED_UNIT ( * ) SI_UNIT ( .MILLI., .METRE. ) );
#2253 = EDGE_CURVE ( 'NONE', #3165, #90, #5173, .T. ) ;
#2254 = LINE ( 'NONE', #6303, #4118 ) ;
#2255 =( NAMED_UNIT ( * ) SI_UNIT ( $, .STERADIAN. ) SOLID_ANGLE_UNIT ( ) );
#2256 = EDGE_CURVE ( 'NONE', #1877, #4973, #5714, .T. ) ;
#2257 = ORIENTED_EDGE ( 'NONE', *, *, #3189, .T. ) ;
#2258 = CARTESIAN_POINT ( 'NONE',  ( -0.4300000000000000488, -2.329878096209553551, 0.3270158033497923000 ) ) ;
#2259 = CARTESIAN_POINT ( 'NONE',  ( 2.265916554534189942, -1.352408211391038506, 1.682208808131907984 ) ) ;
#2260 = ORIENTED_EDGE ( 'NONE', *, *, #5567, .F. ) ;
#2261 = EDGE_CURVE ( 'NONE', #4589, #6586, #2638, .T. ) ;
#2262 = VERTEX_POINT ( 'NONE', #3022 ) ;
#2263 = AXIS2_PLACEMENT_3D ( 'NONE', #5007, #3969, #5039 ) ;
#2264 = ORIENTED_EDGE ( 'NONE', *, *, #1217, .F. ) ;
#2265 = CARTESIAN_POINT ( 'NONE',  ( 2.296565235439751440, -1.884378889230784004, 0.8249943854612306060 ) ) ;
#2266 = CARTESIAN_POINT ( 'NONE',  ( -2.346378199852105606, -1.834750892270039513, 1.025011229077541053 ) ) ;
#2267 = CARTESIAN_POINT ( 'NONE',  ( 0.8400000000000000799, -1.884379578609461259, 1.025000000000000133 ) ) ;
#2268 = ORIENTED_EDGE ( 'NONE', *, *, #31, .F. ) ;
#2269 = CARTESIAN_POINT ( 'NONE',  ( 2.219263736772205675, 1.806891044354269171, 0.1939065328297429891 ) ) ;
#2270 = AXIS2_PLACEMENT_3D ( 'NONE', #5907, #6293, #2211 ) ;
#2271 =( LENGTH_UNIT ( ) NAMED_UNIT ( * ) SI_UNIT ( .MILLI., .METRE. ) );
#2272 = DIRECTION ( 'NONE',  ( 0.0000000000000000000, -0.1364901473335454474, -0.9906414284093245648 ) ) ;
#2273 = STYLED_ITEM ( 'NONE', ( #1184 ), #555 ) ;
#2274 = ORIENTED_EDGE ( 'NONE', *, *, #4652, .F. ) ;
#2275 = CARTESIAN_POINT ( 'NONE',  ( -2.219263736772202567, -1.348042813803152606, 1.650000000000000133 ) ) ;
#2276 = DIRECTION ( 'NONE',  ( -0.9925461516413220942, 0.0000000000000000000, 0.1218693434051463520 ) ) ;
#2277 = DIRECTION ( 'NONE',  ( 0.0000000000000000000, 0.0000000000000000000, 1.000000000000000000 ) ) ;
#2278 = LINE ( 'NONE', #4306, #6044 ) ;
#2279 = STYLED_ITEM ( 'NONE', ( #5072 ), #794 ) ;
#2280 = EDGE_CURVE ( 'NONE', #2809, #6385, #1663, .T. ) ;
#2281 =( GEOMETRIC_REPRESENTATION_CONTEXT ( 3 ) GLOBAL_UNCERTAINTY_ASSIGNED_CONTEXT ( ( #2547 ) ) GLOBAL_UNIT_ASSIGNED_CONTEXT ( ( #2166, #392, #6493 ) ) REPRESENTATION_CONTEXT ( 'NONE', 'WORKASPACE' ) );
#2282 = CARTESIAN_POINT ( 'NONE',  ( 0.8400000000000001910, 2.428942239050485785, 0.3406648180831462480 ) ) ;
#2283 = UNCERTAINTY_MEASURE_WITH_UNIT (LENGTH_MEASURE( 1.000000000000000082E-05 ), #3283, 'distance_accuracy_value', 'NONE');
#2284 = ORIENTED_EDGE ( 'NONE', *, *, #3698, .F. ) ;
#2285 = CIRCLE ( 'NONE', #1973, 0.05000000000000012768 ) ;
#2286 = DIRECTION ( 'NONE',  ( -0.0000000000000000000, 0.0000000000000000000, -1.000000000000000000 ) ) ;
#2287 = VECTOR ( 'NONE', #3696, 1000.000000000000227 ) ;
#2288 = CARTESIAN_POINT ( 'NONE',  ( 1.437500000000000000, -1.012499999999999956, 0.1399999999999999856 ) ) ;
#2289 = ORIENTED_EDGE ( 'NONE', *, *, #220, .T. ) ;
#2290 = VECTOR ( 'NONE', #774, 1000.000000000000227 ) ;
#2291 = ORIENTED_EDGE ( 'NONE', *, *, #3689, .T. ) ;
#2292 = CARTESIAN_POINT ( 'NONE',  ( 0.0000000000000000000, 1.757263736772203044, 1.650000000000000133 ) ) ;
#2293 = EDGE_CURVE ( 'NONE', #5218, #5710, #1132, .T. ) ;
#2294 = EDGE_CURVE ( 'NONE', #236, #2046, #1033, .T. ) ;
#2295 = EDGE_CURVE ( 'NONE', #4198, #4546, #5943, .T. ) ;
#2296 = ORIENTED_EDGE ( 'NONE', *, *, #2494, .T. ) ;
#2297 = VERTEX_POINT ( 'NONE', #1597 ) ;
#2298 = EDGE_CURVE ( 'NONE', #5061, #5551, #2254, .T. ) ;
#2299 = AXIS2_PLACEMENT_3D ( 'NONE', #4231, #4728, #150 ) ;
#2300 = LINE ( 'NONE', #4324, #3005 ) ;
#2301 = FILL_AREA_STYLE ('',( #5799 ) ) ;
#2302 = LINE ( 'NONE', #5767, #1527 ) ;
#2303 = DIRECTION ( 'NONE',  ( -1.000000000000000000, 0.0000000000000000000, 0.0000000000000000000 ) ) ;
#2304 = CARTESIAN_POINT ( 'NONE',  ( 1.700000000000000178, 2.421966591676075087, 0.2409084130571637894 ) ) ;
#2305 = ORIENTED_EDGE ( 'NONE', *, *, #704, .T. ) ;
#2306 = AXIS2_PLACEMENT_3D ( 'NONE', #3837, #1118, #5226 ) ;
#2307 = DIRECTION ( 'NONE',  ( 0.0000000000000000000, -1.000000000000000000, 1.234386826208250825E-15 ) ) ;
#2308 = DIRECTION ( 'NONE',  ( -1.000000000000000000, -0.0000000000000000000, -0.0000000000000000000 ) ) ;
#2309 = CARTESIAN_POINT ( 'NONE',  ( -0.4300000000000000488, -1.972211458395209949, 0.7249887709224612786 ) ) ;
#2310 = VERTEX_POINT ( 'NONE', #1200 ) ;
#2311 = PLANE ( 'NONE',  #2490 ) ;
#2312 = DIRECTION ( 'NONE',  ( 0.0000000000000000000, 1.000000000000000000, -0.0000000000000000000 ) ) ;
#2313 = DIRECTION ( 'NONE',  ( -1.000000000000000000, -0.0000000000000000000, -0.0000000000000000000 ) ) ;
#2314 = PRESENTATION_LAYER_ASSIGNMENT (  '', '', ( #2527 ) ) ;
#2315 = ORIENTED_EDGE ( 'NONE', *, *, #4848, .F. ) ;
#2316 =( LENGTH_UNIT ( ) NAMED_UNIT ( * ) SI_UNIT ( .MILLI., .METRE. ) );
#2317 = AXIS2_PLACEMENT_3D ( 'NONE', #4678, #3254, #3809 ) ;
#2318 = FILL_AREA_STYLE ('',( #2892 ) ) ;
#2319 = ORIENTED_EDGE ( 'NONE', *, *, #3356, .T. ) ;
#2320 = ORIENTED_EDGE ( 'NONE', *, *, #4358, .F. ) ;
#2321 = LINE ( 'NONE', #5732, #3876 ) ;
#2322 = COLOUR_RGB ( '',0.8784313725490195957, 0.8784313725490195957, 0.8784313725490195957 ) ;
#2323 =( GEOMETRIC_REPRESENTATION_CONTEXT ( 3 ) GLOBAL_UNCERTAINTY_ASSIGNED_CONTEXT ( ( #4866 ) ) GLOBAL_UNIT_ASSIGNED_CONTEXT ( ( #3170, #4100, #1616 ) ) REPRESENTATION_CONTEXT ( 'NONE', 'WORKASPACE' ) );
#2324 = EDGE_CURVE ( 'NONE', #2195, #4284, #2278, .T. ) ;
#2325 = DIRECTION ( 'NONE',  ( 1.000000000000000000, 0.0000000000000000000, 0.0000000000000000000 ) ) ;
#2326 = VERTEX_POINT ( 'NONE', #3280 ) ;
#2327 = EDGE_CURVE ( 'NONE', #5936, #236, #4689, .T. ) ;
#2328 = ORIENTED_EDGE ( 'NONE', *, *, #6144, .T. ) ;
#2329 = VECTOR ( 'NONE', #6122, 1000.000000000000000 ) ;
#2330 = DIRECTION ( 'NONE',  ( 0.0000000000000000000, 0.0000000000000000000, 1.000000000000000000 ) ) ;
#2331 = FILL_AREA_STYLE ('',( #4428 ) ) ;
#2332 = EDGE_CURVE ( 'NONE', #1611, #4510, #5338, .T. ) ;
#2333 = LINE ( 'NONE', #2752, #2425 ) ;
#2334 = CARTESIAN_POINT ( 'NONE',  ( -2.346378889230783749, 1.834565235439749920, 0.8249943854612282745 ) ) ;
#2335 = ORIENTED_EDGE ( 'NONE', *, *, #4155, .F. ) ;
#2336 = VECTOR ( 'NONE', #661, 1000.000000000000114 ) ;
#2337 = DIRECTION ( 'NONE',  ( 1.000000000000000000, 0.0000000000000000000, 0.0000000000000000000 ) ) ;
#2338 = PLANE ( 'NONE',  #4932 ) ;
#2339 = ADVANCED_FACE ( 'NONE', ( #259 ), #5239, .T. ) ;
#2340 = EDGE_LOOP ( 'NONE', ( #1704, #3985, #5853, #1734 ) ) ;
#2341 = DIRECTION ( 'NONE',  ( 0.0000000000000000000, -0.0000000000000000000, 1.000000000000000000 ) ) ;
#2342 = FILL_AREA_STYLE_COLOUR ( '', #3290 ) ;
#2343 = CARTESIAN_POINT ( 'NONE',  ( -2.245982507821994378, -1.348042813803150164, 1.699999999999999956 ) ) ;
#2344 = AXIS2_PLACEMENT_3D ( 'NONE', #1593, #1564, #2634 ) ;
#2345 = LINE ( 'NONE', #2918, #5361 ) ;
#2346 = FILL_AREA_STYLE_COLOUR ( '', #4170 ) ;
#2347 = UNCERTAINTY_MEASURE_WITH_UNIT (LENGTH_MEASURE( 1.000000000000000082E-05 ), #4629, 'distance_accuracy_value', 'NONE');
#2348 = VERTEX_POINT ( 'NONE', #3223 ) ;
#2349 = PLANE ( 'NONE',  #3258 ) ;
#2350 = ORIENTED_EDGE ( 'NONE', *, *, #6513, .F. ) ;
#2351 = ORIENTED_EDGE ( 'NONE', *, *, #6568, .F. ) ;
#2352 = CARTESIAN_POINT ( 'NONE',  ( 2.245982507821995711, 1.757263736772201712, 0.1499999999999999667 ) ) ;
#2353 = CARTESIAN_POINT ( 'NONE',  ( -1.699999999999999956, 1.972211458395209505, 0.8249887709224612564 ) ) ;
#2354 =( NAMED_UNIT ( * ) SI_UNIT ( $, .STERADIAN. ) SOLID_ANGLE_UNIT ( ) );
#2355 = DIRECTION ( 'NONE',  ( 1.000000000000000000, 0.0000000000000000000, 0.0000000000000000000 ) ) ;
#2356 = CARTESIAN_POINT ( 'NONE',  ( 0.8400000000000001910, -2.428942239050485785, 0.3406648180831462480 ) ) ;
#2357 = CARTESIAN_POINT ( 'NONE',  ( 2.109999999999999876, 1.972211458395209949, 0.7249887709224612786 ) ) ;
#2358 = ORIENTED_EDGE ( 'NONE', *, *, #2261, .T. ) ;
#2359 = CARTESIAN_POINT ( 'NONE',  ( -1.437500000000000444, -1.012499999999999956, 0.1399999999999999856 ) ) ;
#2360 = PRESENTATION_LAYER_ASSIGNMENT (  '', '', ( #5231 ) ) ;
#2361 =( LENGTH_UNIT ( ) NAMED_UNIT ( * ) SI_UNIT ( .MILLI., .METRE. ) );
#2362 =( NAMED_UNIT ( * ) PLANE_ANGLE_UNIT ( ) SI_UNIT ( $, .RADIAN. ) );
#2363 = ORIENTED_EDGE ( 'NONE', *, *, #5373, .F. ) ;
#2364 = EDGE_CURVE ( 'NONE', #1706, #4941, #1238, .T. ) ;
#2365 = VECTOR ( 'NONE', #5904, 1000.000000000000000 ) ;
#2366 = SURFACE_STYLE_FILL_AREA ( #1295 ) ;
#2367 = MECHANICAL_DESIGN_GEOMETRIC_PRESENTATION_REPRESENTATION (  '', ( #3951 ), #4698 ) ;
#2368 = CARTESIAN_POINT ( 'NONE',  ( -2.346379578609460559, -1.884379578609461259, 1.024988770922461212 ) ) ;
#2369 = LINE ( 'NONE', #6494, #4407 ) ;
#2370 = SURFACE_SIDE_STYLE ('',( #5465 ) ) ;
#2371 = VERTEX_POINT ( 'NONE', #3247 ) ;
#2372 = CARTESIAN_POINT ( 'NONE',  ( 2.346379578609460559, -1.884379578609461259, 1.025000000000000133 ) ) ;
#2373 = DIRECTION ( 'NONE',  ( 0.0000000000000000000, 0.0000000000000000000, 1.000000000000000000 ) ) ;
#2374 = CARTESIAN_POINT ( 'NONE',  ( -2.109999999999999876, 1.972211458395209061, 1.024988770922461434 ) ) ;
#2375 = VECTOR ( 'NONE', #4421, 1000.000000000000114 ) ;
#2376 = STYLED_ITEM ( 'NONE', ( #1681 ), #599 ) ;
#2377 = LINE ( 'NONE', #1452, #4271 ) ;
#2378 = AXIS2_PLACEMENT_3D ( 'NONE', #1065, #1782, #2208 ) ;
#2379 = EDGE_LOOP ( 'NONE', ( #4786, #3190, #1753, #3761 ) ) ;
#2380 = CARTESIAN_POINT ( 'NONE',  ( 0.8400000000000001910, 2.428942239050485785, 0.3406648180831462480 ) ) ;
#2381 = ORIENTED_EDGE ( 'NONE', *, *, #1743, .F. ) ;
#2382 = EDGE_LOOP ( 'NONE', ( #3720, #1575, #69, #6298, #287, #696, #629, #4085, #6262, #2876, #430, #953 ) ) ;
#2383 = CARTESIAN_POINT ( 'NONE',  ( -0.4300000000000000488, 1.972211458395209505, 0.8249887709224612564 ) ) ;
#2384 = AXIS2_PLACEMENT_3D ( 'NONE', #1518, #6140, #4635 ) ;
#2385 = STYLED_ITEM ( 'NONE', ( #4595 ), #6392 ) ;
#2386 = DIRECTION ( 'NONE',  ( -1.000000000000000000, -0.0000000000000000000, -0.0000000000000000000 ) ) ;
#2387 =( NAMED_UNIT ( * ) SI_UNIT ( $, .STERADIAN. ) SOLID_ANGLE_UNIT ( ) );
#2388 = ORIENTED_EDGE ( 'NONE', *, *, #4022, .F. ) ;
#2389 = ORIENTED_EDGE ( 'NONE', *, *, #6470, .F. ) ;
#2390 = VECTOR ( 'NONE', #395, 1000.000000000000000 ) ;
#2391 = AXIS2_PLACEMENT_3D ( 'NONE', #3654, #2042, #1513 ) ;
#2392 = AXIS2_PLACEMENT_3D ( 'NONE', #52, #2104, #5660 ) ;
#2393 = FILL_AREA_STYLE_COLOUR ( '', #1106 ) ;
#2394 = DIRECTION ( 'NONE',  ( -1.000000000000000000, 0.0000000000000000000, 0.0000000000000000000 ) ) ;
#2395 = DIRECTION ( 'NONE',  ( 0.04792063293609302721, 0.9194473282641765222, 0.3902822356793500536 ) ) ;
#2396 = CARTESIAN_POINT ( 'NONE',  ( -2.346270918623761581, 1.863682208799348095, 0.8232323393603984130 ) ) ;
#2397 = PRESENTATION_STYLE_ASSIGNMENT (( #5423 ) ) ;
#2398 = EDGE_CURVE ( 'NONE', #5291, #3130, #2108, .T. ) ;
#2399 = FILL_AREA_STYLE ('',( #1372 ) ) ;
#2400 = VERTEX_POINT ( 'NONE', #6439 ) ;
#2401 = ADVANCED_FACE ( 'NONE', ( #2472 ), #6498, .F. ) ;
#2402 = CARTESIAN_POINT ( 'NONE',  ( 2.346378889230783304, -1.834565235439751030, 0.8249943854612263872 ) ) ;
#2403 = CARTESIAN_POINT ( 'NONE',  ( 2.241764626010010364, -1.799301182434473567, 1.512770205782438149 ) ) ;
#2404 = LINE ( 'NONE', #3483, #6324 ) ;
#2405 = ORIENTED_EDGE ( 'NONE', *, *, #1567, .F. ) ;
#2406 = CARTESIAN_POINT ( 'NONE',  ( -2.263500000000000956, 1.801499999999999879, 0.1499999999999999944 ) ) ;
#2407 = ADVANCED_FACE ( 'NONE', ( #5922 ), #6531, .T. ) ;
#2408 = EDGE_CURVE ( 'NONE', #4941, #1621, #6468, .T. ) ;
#2409 =( NAMED_UNIT ( * ) SI_UNIT ( $, .STERADIAN. ) SOLID_ANGLE_UNIT ( ) );
#2410 = FILL_AREA_STYLE_COLOUR ( '', #4720 ) ;
#2411 = SURFACE_STYLE_FILL_AREA ( #364 ) ;
#2412 = UNCERTAINTY_MEASURE_WITH_UNIT (LENGTH_MEASURE( 1.000000000000000082E-05 ), #5703, 'distance_accuracy_value', 'NONE');
#2413 = ORIENTED_EDGE ( 'NONE', *, *, #1635, .T. ) ;
#2414 =( LENGTH_UNIT ( ) NAMED_UNIT ( * ) SI_UNIT ( .MILLI., .METRE. ) );
#2415 = EDGE_CURVE ( 'NONE', #6565, #1180, #1409, .T. ) ;
#2416 = DIRECTION ( 'NONE',  ( 1.000000000000000000, -0.0000000000000000000, 0.0000000000000000000 ) ) ;
#2417 = ORIENTED_EDGE ( 'NONE', *, *, #1929, .T. ) ;
#2418 = FACE_OUTER_BOUND ( 'NONE', #6307, .T. ) ;
#2419 = FACE_OUTER_BOUND ( 'NONE', #3178, .T. ) ;
#2420 = CIRCLE ( 'NONE', #590, 0.04999999999999991257 ) ;
#2421 =( LENGTH_UNIT ( ) NAMED_UNIT ( * ) SI_UNIT ( .MILLI., .METRE. ) );
#2422 = ORIENTED_EDGE ( 'NONE', *, *, #4848, .T. ) ;
#2423 = VECTOR ( 'NONE', #2028, 1000.000000000000227 ) ;
#2424 = DIRECTION ( 'NONE',  ( 0.0000000000000000000, -0.1364901473335445314, 0.9906414284093246758 ) ) ;
#2425 = VECTOR ( 'NONE', #4258, 1000.000000000000227 ) ;
#2426 = STYLED_ITEM ( 'NONE', ( #5602 ), #3967 ) ;
#2427 = CARTESIAN_POINT ( 'NONE',  ( -1.699999999999999956, 3.013951294748823617, 0.1995128100519649172 ) ) ;
#2428 =( NAMED_UNIT ( * ) PLANE_ANGLE_UNIT ( ) SI_UNIT ( $, .RADIAN. ) );
#2429 = CARTESIAN_POINT ( 'NONE',  ( -2.268942131948886054, 1.757263736772203044, 0.1943381052050297542 ) ) ;
#2430 = CARTESIAN_POINT ( 'NONE',  ( -2.268942131948886054, -1.762546603693349034, 0.1963527423377147696 ) ) ;
#2431 = ORIENTED_EDGE ( 'NONE', *, *, #1007, .T. ) ;
#2432 = DIRECTION ( 'NONE',  ( -0.9925461516413219831, 0.0000000000000000000, 0.1218693434051479618 ) ) ;
#2433 = PLANE ( 'NONE',  #4202 ) ;
#2434 = LINE ( 'NONE', #5544, #772 ) ;
#2435 = CARTESIAN_POINT ( 'NONE',  ( 2.148347332028390344, 1.686347332028390822, -0.3775677676600661115 ) ) ;
#2436 = CIRCLE ( 'NONE', #5637, 0.04999999999999991257 ) ;
#2437 = EDGE_CURVE ( 'NONE', #3686, #2043, #2420, .T. ) ;
#2438 = EDGE_CURVE ( 'NONE', #4554, #1989, #5471, .T. ) ;
#2439 = CARTESIAN_POINT ( 'NONE',  ( 2.109999999999999876, -2.071275601236143071, 0.7386377856558151711 ) ) ;
#2440 = EDGE_LOOP ( 'NONE', ( #2143, #4688, #3566, #3043 ) ) ;
#2441 = CARTESIAN_POINT ( 'NONE',  ( 2.109999999999999876, -3.000000000000000000, 0.0000000000000000000 ) ) ;
#2442 = CARTESIAN_POINT ( 'NONE',  ( 0.8400000000000001910, -3.000000000000000000, 0.0000000000000000000 ) ) ;
#2443 = CARTESIAN_POINT ( 'NONE',  ( 2.109999999999999876, 1.972211458395209949, 0.7249887709224612786 ) ) ;
#2444 = CARTESIAN_POINT ( 'NONE',  ( -2.263500000000000512, -1.806891044354269393, 0.1939065328297426283 ) ) ;
#2445 = STYLED_ITEM ( 'NONE', ( #1925 ), #4685 ) ;
#2446 = VERTEX_POINT ( 'NONE', #1025 ) ;
#2447 = EDGE_CURVE ( 'NONE', #2809, #4904, #4095, .T. ) ;
#2448 =( NAMED_UNIT ( * ) PLANE_ANGLE_UNIT ( ) SI_UNIT ( $, .RADIAN. ) );
#2449 =( NAMED_UNIT ( * ) SI_UNIT ( $, .STERADIAN. ) SOLID_ANGLE_UNIT ( ) );
#2450 = EDGE_CURVE ( 'NONE', #4912, #5080, #4163, .T. ) ;
#2451 = PLANE ( 'NONE',  #6472 ) ;
#2452 = DIRECTION ( 'NONE',  ( -1.000000000000000000, 0.0000000000000000000, 0.0000000000000000000 ) ) ;
#2453 = CARTESIAN_POINT ( 'NONE',  ( 1.700000000000000178, 2.269403886918007984, 0.7659358151225240663 ) ) ;
#2454 = EDGE_LOOP ( 'NONE', ( #235, #219, #5989, #1063 ) ) ;
#2455 = ORIENTED_EDGE ( 'NONE', *, *, #4226, .T. ) ;
#2456 = ADVANCED_FACE ( 'NONE', ( #617 ), #6199, .T. ) ;
#2457 =( LENGTH_UNIT ( ) NAMED_UNIT ( * ) SI_UNIT ( .MILLI., .METRE. ) );
#2458 = CARTESIAN_POINT ( 'NONE',  ( 2.291477832458802322, -1.785077855632813737, 1.467350517033988444 ) ) ;
#2459 = SURFACE_SIDE_STYLE ('',( #2492 ) ) ;
#2460 = CARTESIAN_POINT ( 'NONE',  ( 2.109999999999999876, 2.131749810527688638, 0.2997177738830844596 ) ) ;
#2461 = CARTESIAN_POINT ( 'NONE',  ( -2.265916554534189054, -1.774475332177465781, 0.1677911918680912162 ) ) ;
#2462 = CARTESIAN_POINT ( 'NONE',  ( -2.006095522657785235, -0.9190406258255605643, 1.650000000000000133 ) ) ;
#2463 = ORIENTED_EDGE ( 'NONE', *, *, #3627, .F. ) ;
#2464 = CARTESIAN_POINT ( 'NONE',  ( 2.325682208799348949, -1.884270918623760060, 0.8232323393603986350 ) ) ;
#2465 = CARTESIAN_POINT ( 'NONE',  ( 2.346378889230782860, -1.834565235439750808, 1.025005614538770482 ) ) ;
#2466 = VECTOR ( 'NONE', #3732, 1000.000000000000000 ) ;
#2467 = DIRECTION ( 'NONE',  ( -0.0000000000000000000, -0.0000000000000000000, 1.000000000000000000 ) ) ;
#2468 = VERTEX_POINT ( 'NONE', #2783 ) ;
#2469 = CARTESIAN_POINT ( 'NONE',  ( 2.109999999999999876, 3.000000000000000000, 0.0000000000000000000 ) ) ;
#2470 = CARTESIAN_POINT ( 'NONE',  ( 2.109999999999999876, 2.269403886918007984, 0.7659358151225240663 ) ) ;
#2471 = VECTOR ( 'NONE', #1923, 1000.000000000000000 ) ;
#2472 = FACE_OUTER_BOUND ( 'NONE', #3562, .T. ) ;
#2473 = CIRCLE ( 'NONE', #4282, 0.04999999999999991257 ) ;
#2474 = DIRECTION ( 'NONE',  ( 0.0000000000000000000, -1.000000000000000000, -1.234386826208250825E-15 ) ) ;
#2475 =( NAMED_UNIT ( * ) PLANE_ANGLE_UNIT ( ) SI_UNIT ( $, .RADIAN. ) );
#2476 = UNCERTAINTY_MEASURE_WITH_UNIT (LENGTH_MEASURE( 1.000000000000000082E-05 ), #4492, 'distance_accuracy_value', 'NONE');
#2477 = VERTEX_POINT ( 'NONE', #3303 ) ;
#2478 = DIRECTION ( 'NONE',  ( 0.0000000000000000000, 0.06975647374411883539, -0.9975640502598246417 ) ) ;
#2479 =( NAMED_UNIT ( * ) PLANE_ANGLE_UNIT ( ) SI_UNIT ( $, .RADIAN. ) );
#2480 = ORIENTED_EDGE ( 'NONE', *, *, #6014, .T. ) ;
#2481 = FILL_AREA_STYLE ('',( #902 ) ) ;
#2482 = MECHANICAL_DESIGN_GEOMETRIC_PRESENTATION_REPRESENTATION (  '', ( #1199 ), #978 ) ;
#2483 = DIRECTION ( 'NONE',  ( -1.000000000000000000, -0.0000000000000000000, -0.0000000000000000000 ) ) ;
#2484 = STYLED_ITEM ( 'NONE', ( #977 ), #723 ) ;
#2485 = ORIENTED_EDGE ( 'NONE', *, *, #1010, .T. ) ;
#2486 = EDGE_CURVE ( 'NONE', #4410, #1877, #6047, .T. ) ;
#2487 = VECTOR ( 'NONE', #6103, 1000.000000000000000 ) ;
#2488 = PRESENTATION_STYLE_ASSIGNMENT (( #444 ) ) ;
#2489 = EDGE_CURVE ( 'NONE', #6446, #5102, #253, .T. ) ;
#2490 = AXIS2_PLACEMENT_3D ( 'NONE', #4334, #3731, #2341 ) ;
#2491 = PRESENTATION_LAYER_ASSIGNMENT (  '', '', ( #6534 ) ) ;
#2492 = SURFACE_STYLE_FILL_AREA ( #3369 ) ;
#2493 = CIRCLE ( 'NONE', #6220, 0.1000000000000002554 ) ;
#2494 = EDGE_CURVE ( 'NONE', #2728, #2477, #3726, .T. ) ;
#2495 = STYLED_ITEM ( 'NONE', ( #850 ), #408 ) ;
#2496 = ORIENTED_EDGE ( 'NONE', *, *, #843, .T. ) ;
#2497 = DIRECTION ( 'NONE',  ( -1.000000000000000000, 0.0000000000000000000, -0.0000000000000000000 ) ) ;
#2498 = DIRECTION ( 'NONE',  ( -1.000000000000000000, 0.0000000000000000000, 0.0000000000000000000 ) ) ;
#2499 = CARTESIAN_POINT ( 'NONE',  ( 0.8400000000000001910, -1.884378199852105862, 0.8249887709224611454 ) ) ;
#2500 = ORIENTED_EDGE ( 'NONE', *, *, #402, .T. ) ;
#2501 = DIRECTION ( 'NONE',  ( 0.0000000000000000000, 0.1364901473335441706, 0.9906414284093247868 ) ) ;
#2502 =( NAMED_UNIT ( * ) PLANE_ANGLE_UNIT ( ) SI_UNIT ( $, .RADIAN. ) );
#2503 = VERTEX_POINT ( 'NONE', #3173 ) ;
#2504 = PRESENTATION_STYLE_ASSIGNMENT (( #4965 ) ) ;
#2505 = CARTESIAN_POINT ( 'NONE',  ( -2.346378199852105606, 1.834750892270043732, 1.025011229077541053 ) ) ;
#2506 = COLOUR_RGB ( '',0.8862745098039215286, 0.8862745098039215286, 0.8862745098039215286 ) ;
#2507 = LINE ( 'NONE', #5953, #4382 ) ;
#2508 = ORIENTED_EDGE ( 'NONE', *, *, #1258, .F. ) ;
#2509 = SURFACE_SIDE_STYLE ('',( #3999 ) ) ;
#2510 = FILL_AREA_STYLE_COLOUR ( '', #3925 ) ;
#2511 =( NAMED_UNIT ( * ) SI_UNIT ( $, .STERADIAN. ) SOLID_ANGLE_UNIT ( ) );
#2512 = CARTESIAN_POINT ( 'NONE',  ( 1.700000000000000178, 1.884379578609461259, 1.024988770922461212 ) ) ;
#2513 = CARTESIAN_POINT ( 'NONE',  ( -1.699999999999999956, -3.000000000000000000, 0.0000000000000000000 ) ) ;
#2514 = ORIENTED_EDGE ( 'NONE', *, *, #1124, .F. ) ;
#2515 = CYLINDRICAL_SURFACE ( 'NONE', #3455, 0.05000000000000012768 ) ;
#2516 = VECTOR ( 'NONE', #58, 1000.000000000000000 ) ;
#2517 = PRESENTATION_STYLE_ASSIGNMENT (( #4005 ) ) ;
#2518 = ADVANCED_FACE ( 'NONE', ( #1749 ), #1788, .F. ) ;
#2519 = DIRECTION ( 'NONE',  ( -1.000000000000000000, -0.0000000000000000000, -0.0000000000000000000 ) ) ;
#2520 = PLANE ( 'NONE',  #801 ) ;
#2521 = COLOUR_RGB ( '',0.8784313725490195957, 0.8784313725490195957, 0.8784313725490195957 ) ;
#2522 =( LENGTH_UNIT ( ) NAMED_UNIT ( * ) SI_UNIT ( .MILLI., .METRE. ) );
#2523 =( NAMED_UNIT ( * ) PLANE_ANGLE_UNIT ( ) SI_UNIT ( $, .RADIAN. ) );
#2524 = ORIENTED_EDGE ( 'NONE', *, *, #3159, .F. ) ;
#2525 = ORIENTED_EDGE ( 'NONE', *, *, #4312, .F. ) ;
#2526 = CARTESIAN_POINT ( 'NONE',  ( -0.4300000000000000488, -2.428942239050485785, 0.3406648180831462480 ) ) ;
#2527 = STYLED_ITEM ( 'NONE', ( #725 ), #2339 ) ;
#2528 = ADVANCED_FACE ( 'NONE', ( #4295 ), #593, .T. ) ;
#2529 = SURFACE_STYLE_USAGE ( .BOTH. , #5013 ) ;
#2530 = SURFACE_STYLE_FILL_AREA ( #1077 ) ;
#2531 = DIRECTION ( 'NONE',  ( 0.0000000000000000000, 1.734723475976802677E-14, 1.000000000000000000 ) ) ;
#2532 = EDGE_CURVE ( 'NONE', #1255, #3834, #4920, .T. ) ;
#2533 = CIRCLE ( 'NONE', #6251, 0.3000000000000001554 ) ;
#2534 = ORIENTED_EDGE ( 'NONE', *, *, #1582, .F. ) ;
#2535 = DIRECTION ( 'NONE',  ( 1.000000000000000000, 0.0000000000000000000, 0.0000000000000000000 ) ) ;
#2536 = VECTOR ( 'NONE', #3983, 1000.000000000000227 ) ;
#2537 = EDGE_CURVE ( 'NONE', #544, #3484, #849, .T. ) ;
#2538 = FACE_OUTER_BOUND ( 'NONE', #5782, .T. ) ;
#2539 = CARTESIAN_POINT ( 'NONE',  ( 2.109999999999999876, -2.428942239050485785, 0.3406648180831462480 ) ) ;
#2540 = CARTESIAN_POINT ( 'NONE',  ( -1.806095522657784835, -0.9190406258255605643, 1.650000000000000133 ) ) ;
#2541 = ORIENTED_EDGE ( 'NONE', *, *, #5186, .F. ) ;
#2542 = VERTEX_POINT ( 'NONE', #388 ) ;
#2543 = CIRCLE ( 'NONE', #6583, 0.05000000000000012768 ) ;
#2544 = VECTOR ( 'NONE', #4880, 1000.000000000000000 ) ;
#2545 = EDGE_CURVE ( 'NONE', #4597, #2468, #2533, .T. ) ;
#2546 = AXIS2_PLACEMENT_3D ( 'NONE', #535, #2613, #2645 ) ;
#2547 = UNCERTAINTY_MEASURE_WITH_UNIT (LENGTH_MEASURE( 1.000000000000000082E-05 ), #2166, 'distance_accuracy_value', 'NONE');
#2548 = EDGE_LOOP ( 'NONE', ( #3412, #4308, #6289, #4093 ) ) ;
#2549 = DIRECTION ( 'NONE',  ( 0.0000000000000000000, 1.000000000000000000, -0.0000000000000000000 ) ) ;
#2550 = FILL_AREA_STYLE ('',( #4972 ) ) ;
#2551 = CIRCLE ( 'NONE', #6068, 0.2999999999999998779 ) ;
#2552 = DIRECTION ( 'NONE',  ( -0.0000000000000000000, -0.0000000000000000000, -1.000000000000000000 ) ) ;
#2553 = CARTESIAN_POINT ( 'NONE',  ( -2.109999999999999876, -2.421966591676075087, 0.2409084130571637894 ) ) ;
#2554 = UNCERTAINTY_MEASURE_WITH_UNIT (LENGTH_MEASURE( 1.000000000000000082E-05 ), #6560, 'distance_accuracy_value', 'NONE');
#2555 = STYLED_ITEM ( 'NONE', ( #1798 ), #4633 ) ;
#2556 = CARTESIAN_POINT ( 'NONE',  ( 0.8400000000000001910, -2.408015296927252358, 0.04139560300519878888 ) ) ;
#2557 = VERTEX_POINT ( 'NONE', #3884 ) ;
#2558 = VERTEX_POINT ( 'NONE', #4892 ) ;
#2559 =( NAMED_UNIT ( * ) PLANE_ANGLE_UNIT ( ) SI_UNIT ( $, .RADIAN. ) );
#2560 = CYLINDRICAL_SURFACE ( 'NONE', #1707, 0.04999999999999998196 ) ;
#2561 = FILL_AREA_STYLE_COLOUR ( '', #1759 ) ;
#2562 = ORIENTED_EDGE ( 'NONE', *, *, #3119, .F. ) ;
#2563 = SURFACE_STYLE_FILL_AREA ( #20 ) ;
#2564 = PRODUCT_DEFINITION_SHAPE ( 'NONE', 'NONE',  #5508 ) ;
#2565 = FILL_AREA_STYLE_COLOUR ( '', #1656 ) ;
#2566 =( NAMED_UNIT ( * ) SI_UNIT ( $, .STERADIAN. ) SOLID_ANGLE_UNIT ( ) );
#2567 = EDGE_LOOP ( 'NONE', ( #2833, #8, #4979, #3856, #5641, #4148, #1447, #6079, #6410, #3240, #5160, #4981 ) ) ;
#2568 = EDGE_LOOP ( 'NONE', ( #5030, #136, #6050, #5945 ) ) ;
#2569 = DIRECTION ( 'NONE',  ( 0.0000000000000000000, -0.9975640502598247528, -0.06975647374411884927 ) ) ;
#2570 = ORIENTED_EDGE ( 'NONE', *, *, #4376, .T. ) ;
#2571 = LINE ( 'NONE', #4609, #1661 ) ;
#2572 = SURFACE_STYLE_USAGE ( .BOTH. , #3602 ) ;
#2573 =( GEOMETRIC_REPRESENTATION_CONTEXT ( 3 ) GLOBAL_UNCERTAINTY_ASSIGNED_CONTEXT ( ( #5204 ) ) GLOBAL_UNIT_ASSIGNED_CONTEXT ( ( #3862, #2763, #2255 ) ) REPRESENTATION_CONTEXT ( 'NONE', 'WORKASPACE' ) );
#2574 = CARTESIAN_POINT ( 'NONE',  ( 2.109999999999999876, 3.013951294748823617, 0.1995128100519649172 ) ) ;
#2575 = EDGE_CURVE ( 'NONE', #3998, #6385, #4957, .T. ) ;
#2576 = CARTESIAN_POINT ( 'NONE',  ( -0.4300000000000000488, -2.428942239050485785, 0.3406648180831462480 ) ) ;
#2577 = CARTESIAN_POINT ( 'NONE',  ( 2.268891044354267805, 1.757263736772203933, 1.656093467170264733 ) ) ;
#2578 = CIRCLE ( 'NONE', #3522, 0.05000000000000005135 ) ;
#2579 = AXIS2_PLACEMENT_3D ( 'NONE', #4528, #2192, #6552 ) ;
#2580 = CARTESIAN_POINT ( 'NONE',  ( 2.346378199852106050, 1.834750892270042844, 1.025011229077537278 ) ) ;
#2581 = PRESENTATION_STYLE_ASSIGNMENT (( #5043 ) ) ;
#2582 = ORIENTED_EDGE ( 'NONE', *, *, #746, .T. ) ;
#2583 = ORIENTED_EDGE ( 'NONE', *, *, #5591, .T. ) ;
#2584 =( NAMED_UNIT ( * ) SI_UNIT ( $, .STERADIAN. ) SOLID_ANGLE_UNIT ( ) );
#2585 = PRESENTATION_LAYER_ASSIGNMENT (  '', '', ( #1960 ) ) ;
#2586 =( NAMED_UNIT ( * ) SI_UNIT ( $, .STERADIAN. ) SOLID_ANGLE_UNIT ( ) );
#2587 =( GEOMETRIC_REPRESENTATION_CONTEXT ( 3 ) GLOBAL_UNCERTAINTY_ASSIGNED_CONTEXT ( ( #2217 ) ) GLOBAL_UNIT_ASSIGNED_CONTEXT ( ( #3422, #2479, #5033 ) ) REPRESENTATION_CONTEXT ( 'NONE', 'WORKASPACE' ) );
#2588 =( NAMED_UNIT ( * ) SI_UNIT ( $, .STERADIAN. ) SOLID_ANGLE_UNIT ( ) );
#2589 = CARTESIAN_POINT ( 'NONE',  ( 2.268942131948884722, 1.762546603693355696, 1.653647257662290038 ) ) ;
#2590 = CYLINDRICAL_SURFACE ( 'NONE', #6171, 0.2000000000000003164 ) ;
#2591 = ORIENTED_EDGE ( 'NONE', *, *, #4415, .F. ) ;
#2592 = COLOUR_RGB ( '',0.8784313725490195957, 0.8784313725490195957, 0.8784313725490195957 ) ;
#2593 = EDGE_CURVE ( 'NONE', #1543, #3058, #6145, .T. ) ;
#2594 = DIRECTION ( 'NONE',  ( -4.754233240122148484E-17, 0.9925461516413219831, -0.1218693434051477259 ) ) ;
#2595 = VECTOR ( 'NONE', #5617, 1000.000000000000000 ) ;
#2596 = EDGE_LOOP ( 'NONE', ( #1385, #3075, #6141, #1992 ) ) ;
#2597 = ORIENTED_EDGE ( 'NONE', *, *, #3360, .F. ) ;
#2598 = CIRCLE ( 'NONE', #5480, 0.3000000000000001554 ) ;
#2599 = EDGE_CURVE ( 'NONE', #1170, #6283, #386, .T. ) ;
#2600 = FACE_OUTER_BOUND ( 'NONE', #3276, .T. ) ;
#2601 = LINE ( 'NONE', #3598, #634 ) ;
#2602 = EDGE_CURVE ( 'NONE', #5350, #3130, #3923, .T. ) ;
#2603 = UNCERTAINTY_MEASURE_WITH_UNIT (LENGTH_MEASURE( 1.000000000000000082E-05 ), #2421, 'distance_accuracy_value', 'NONE');
#2604 = VERTEX_POINT ( 'NONE', #6008 ) ;
#2605 = CYLINDRICAL_SURFACE ( 'NONE', #6532, 0.05000000000000012768 ) ;
#2606 = SURFACE_STYLE_FILL_AREA ( #3050 ) ;
#2607 = CARTESIAN_POINT ( 'NONE',  ( -0.8400000000000000799, 1.884379578609461037, 1.024988770922461212 ) ) ;
#2608 =( NAMED_UNIT ( * ) PLANE_ANGLE_UNIT ( ) SI_UNIT ( $, .RADIAN. ) );
#2609 = EDGE_CURVE ( 'NONE', #6565, #5288, #1885, .T. ) ;
#2610 = EDGE_LOOP ( 'NONE', ( #131, #2719, #387, #2811 ) ) ;
#2611 = FACE_OUTER_BOUND ( 'NONE', #4658, .T. ) ;
#2612 = CARTESIAN_POINT ( 'NONE',  ( -0.4300000000000000488, -2.131749810527688638, 0.2997177738830835714 ) ) ;
#2613 = DIRECTION ( 'NONE',  ( -1.000000000000000000, -0.0000000000000000000, -0.0000000000000000000 ) ) ;
#2614 = EDGE_LOOP ( 'NONE', ( #2284, #44, #2948, #523 ) ) ;
#2615 = AXIS2_PLACEMENT_3D ( 'NONE', #1991, #1931, #372 ) ;
#2616 = ORIENTED_EDGE ( 'NONE', *, *, #5658, .F. ) ;
#2617 = LINE ( 'NONE', #4086, #3995 ) ;
#2618 =( GEOMETRIC_REPRESENTATION_CONTEXT ( 3 ) GLOBAL_UNCERTAINTY_ASSIGNED_CONTEXT ( ( #4206 ) ) GLOBAL_UNIT_ASSIGNED_CONTEXT ( ( #4182, #3191, #2584 ) ) REPRESENTATION_CONTEXT ( 'NONE', 'WORKASPACE' ) );
#2619 = SURFACE_STYLE_FILL_AREA ( #1777 ) ;
#2620 = FILL_AREA_STYLE ('',( #4019 ) ) ;
#2621 = CARTESIAN_POINT ( 'NONE',  ( 2.268942131948884722, 1.760289314186903376, 1.655661894794977940 ) ) ;
#2622 = ORIENTED_EDGE ( 'NONE', *, *, #3477, .T. ) ;
#2623 = VECTOR ( 'NONE', #4832, 1000.000000000000000 ) ;
#2624 = LINE ( 'NONE', #88, #5063 ) ;
#2625 = DIRECTION ( 'NONE',  ( 0.1218693434051477259, 0.0000000000000000000, 0.9925461516413219831 ) ) ;
#2626 = PRESENTATION_LAYER_ASSIGNMENT (  '', '', ( #3898 ) ) ;
#2627 = DIRECTION ( 'NONE',  ( -0.1209742911513548569, 0.1209742911513548291, -0.9852565360152931717 ) ) ;
#2628 = ORIENTED_EDGE ( 'NONE', *, *, #3982, .T. ) ;
#2629 = DIRECTION ( 'NONE',  ( 1.000000000000000000, 0.0000000000000000000, 0.0000000000000000000 ) ) ;
#2630 = CARTESIAN_POINT ( 'NONE',  ( 1.700000000000000178, 1.884378199852105640, 1.024988770922461212 ) ) ;
#2631 = CARTESIAN_POINT ( 'NONE',  ( -2.296379578609461181, 1.884379578609461259, 1.025000000000000133 ) ) ;
#2632 = EDGE_LOOP ( 'NONE', ( #4768, #788, #3541 ) ) ;
#2633 = CARTESIAN_POINT ( 'NONE',  ( -2.109999999999999876, -1.972211458395209949, 0.7249887709224612786 ) ) ;
#2634 = DIRECTION ( 'NONE',  ( 0.0000000000000000000, 0.0000000000000000000, 1.000000000000000000 ) ) ;
#2635 =( NAMED_UNIT ( * ) SI_UNIT ( $, .STERADIAN. ) SOLID_ANGLE_UNIT ( ) );
#2636 = AXIS2_PLACEMENT_3D ( 'NONE', #2759, #223, #2277 ) ;
#2637 =( GEOMETRIC_REPRESENTATION_CONTEXT ( 3 ) GLOBAL_UNCERTAINTY_ASSIGNED_CONTEXT ( ( #1412 ) ) GLOBAL_UNIT_ASSIGNED_CONTEXT ( ( #2127, #2523, #5594 ) ) REPRESENTATION_CONTEXT ( 'NONE', 'WORKASPACE' ) );
#2638 = LINE ( 'NONE', #6208, #3031 ) ;
#2639 = ADVANCED_FACE ( 'NONE', ( #3950 ), #5539, .T. ) ;
#2640 = CIRCLE ( 'NONE', #1257, 0.3000000000000001554 ) ;
#2641 = ORIENTED_EDGE ( 'NONE', *, *, #3736, .F. ) ;
#2642 = PLANE ( 'NONE',  #5316 ) ;
#2643 = SURFACE_SIDE_STYLE ('',( #2229 ) ) ;
#2644 = DIRECTION ( 'NONE',  ( 0.1209742911513548014, 0.1209742911513548291, 0.9852565360152931717 ) ) ;
#2645 = DIRECTION ( 'NONE',  ( 0.0000000000000000000, 0.0000000000000000000, 1.000000000000000000 ) ) ;
#2646 = MECHANICAL_DESIGN_GEOMETRIC_PRESENTATION_REPRESENTATION (  '', ( #4878 ), #5741 ) ;
#2647 = ORIENTED_EDGE ( 'NONE', *, *, #2959, .F. ) ;
#2648 = EDGE_LOOP ( 'NONE', ( #4157, #2628, #5114, #3502 ) ) ;
#2649 = B_SPLINE_CURVE_WITH_KNOTS ( 'NONE', 3,
 ( #2723, #2659, #2689, #3791 ),
 .UNSPECIFIED., .F., .F.,
 ( 4, 4 ),
 ( 0.0000000000000000000, 1.000000000000000000 ),
 .UNSPECIFIED. ) ;
#2650 = DIRECTION ( 'NONE',  ( -1.000000000000000000, -0.0000000000000000000, -0.0000000000000000000 ) ) ;
#2651 = CARTESIAN_POINT ( 'NONE',  ( 2.268891044354268693, 1.757263736772203044, 0.1939065328297427115 ) ) ;
#2652 = SURFACE_STYLE_USAGE ( .BOTH. , #6225 ) ;
#2653 = CARTESIAN_POINT ( 'NONE',  ( 2.265916554534185057, 1.789265374743144621, 1.653647257662285597 ) ) ;
#2654 = EDGE_LOOP ( 'NONE', ( #164, #3555, #2350 ) ) ;
#2655 = MECHANICAL_DESIGN_GEOMETRIC_PRESENTATION_REPRESENTATION (  '', ( #2445 ), #4042 ) ;
#2656 = EDGE_CURVE ( 'NONE', #3612, #3105, #320, .T. ) ;
#2657 = SURFACE_STYLE_FILL_AREA ( #1713 ) ;
#2658 =( NAMED_UNIT ( * ) SI_UNIT ( $, .STERADIAN. ) SOLID_ANGLE_UNIT ( ) );
#2659 = CARTESIAN_POINT ( 'NONE',  ( 2.291054715874310421, -1.805506555317191841, 1.475746627409227463 ) ) ;
#2660 = EDGE_LOOP ( 'NONE', ( #5795, #301, #268 ) ) ;
#2661 = SURFACE_SIDE_STYLE ('',( #5201 ) ) ;
#2662 = LINE ( 'NONE', #4691, #5485 ) ;
#2663 = UNCERTAINTY_MEASURE_WITH_UNIT (LENGTH_MEASURE( 1.000000000000000082E-05 ), #3676, 'distance_accuracy_value', 'NONE');
#2664 = VERTEX_POINT ( 'NONE', #3406 ) ;
#2665 = LINE ( 'NONE', #1163, #1764 ) ;
#2666 = CARTESIAN_POINT ( 'NONE',  ( 2.109999999999999876, -1.884378199852105862, 0.8249887709224611454 ) ) ;
#2667 = VECTOR ( 'NONE', #2312, 1000.000000000000000 ) ;
#2668 = CARTESIAN_POINT ( 'NONE',  ( 2.346379578609460559, 1.834379578609460992, 1.025000000000000133 ) ) ;
#2669 = CARTESIAN_POINT ( 'NONE',  ( -2.109999999999999876, -2.428942239050485341, 0.8249887709224618115 ) ) ;
#2670 =( GEOMETRIC_REPRESENTATION_CONTEXT ( 3 ) GLOBAL_UNCERTAINTY_ASSIGNED_CONTEXT ( ( #1062 ) ) GLOBAL_UNIT_ASSIGNED_CONTEXT ( ( #467, #1619, #5166 ) ) REPRESENTATION_CONTEXT ( 'NONE', 'WORKASPACE' ) );
#2671 = UNCERTAINTY_MEASURE_WITH_UNIT (LENGTH_MEASURE( 1.000000000000000082E-05 ), #1, 'distance_accuracy_value', 'NONE');
#2672 = ORIENTED_EDGE ( 'NONE', *, *, #2061, .T. ) ;
#2673 = FILL_AREA_STYLE_COLOUR ( '', #5419 ) ;
#2674 = CARTESIAN_POINT ( 'NONE',  ( 2.241764626010010364, -1.799301182434473567, 1.512770205782438149 ) ) ;
#2675 = DIRECTION ( 'NONE',  ( 0.1209742911513546071, -0.1209742911513546071, -0.9852565360152931717 ) ) ;
#2676 = ORIENTED_EDGE ( 'NONE', *, *, #5591, .F. ) ;
#2677 = VERTEX_POINT ( 'NONE', #289 ) ;
#2678 =( NAMED_UNIT ( * ) PLANE_ANGLE_UNIT ( ) SI_UNIT ( $, .RADIAN. ) );
#2679 = AXIS2_PLACEMENT_3D ( 'NONE', #2309, #5268, #4332 ) ;
#2680 =( NAMED_UNIT ( * ) SI_UNIT ( $, .STERADIAN. ) SOLID_ANGLE_UNIT ( ) );
#2681 = PRESENTATION_STYLE_ASSIGNMENT (( #1638 ) ) ;
#2682 = EDGE_CURVE ( 'NONE', #3172, #1588, #1368, .T. ) ;
#2683 = ADVANCED_FACE ( 'NONE', ( #5459 ), #4136, .F. ) ;
#2684 = AXIS2_PLACEMENT_3D ( 'NONE', #1428, #2808, #1322 ) ;
#2685 = ADVANCED_FACE ( 'NONE', ( #1023 ), #25, .F. ) ;
#2686 = VERTEX_POINT ( 'NONE', #1121 ) ;
#2687 = SURFACE_STYLE_USAGE ( .BOTH. , #2169 ) ;
#2688 =( GEOMETRIC_REPRESENTATION_CONTEXT ( 3 ) GLOBAL_UNCERTAINTY_ASSIGNED_CONTEXT ( ( #185 ) ) GLOBAL_UNIT_ASSIGNED_CONTEXT ( ( #3235, #6388, #4987 ) ) REPRESENTATION_CONTEXT ( 'NONE', 'WORKASPACE' ) );
#2689 = CARTESIAN_POINT ( 'NONE',  ( 2.267531725758090921, -1.829022005086248015, 1.475851256185120697 ) ) ;
#2690 = SURFACE_STYLE_FILL_AREA ( #5650 ) ;
#2691 = CARTESIAN_POINT ( 'NONE',  ( 0.4300000000000000488, -2.329878096209553551, 0.3270158033497923555 ) ) ;
#2692 = ORIENTED_EDGE ( 'NONE', *, *, #2762, .F. ) ;
#2693 = AXIS2_PLACEMENT_3D ( 'NONE', #3335, #316, #5390 ) ;
#2694 = FILL_AREA_STYLE_COLOUR ( '', #278 ) ;
#2695 = VECTOR ( 'NONE', #2733, 1000.000000000000000 ) ;
#2696 = DIRECTION ( 'NONE',  ( -1.000000000000000000, -0.0000000000000000000, -0.0000000000000000000 ) ) ;
#2697 = CIRCLE ( 'NONE', #564, 0.3000000000000001554 ) ;
#2698 = CARTESIAN_POINT ( 'NONE',  ( 2.109999999999999876, -2.131749810527688638, 0.2997177738830835714 ) ) ;
#2699 = CARTESIAN_POINT ( 'NONE',  ( -1.699999999999999956, 2.428942239050485785, 0.8249887709224612564 ) ) ;
#2700 = EDGE_CURVE ( 'NONE', #2775, #2310, #6170, .T. ) ;
#2701 = ORIENTED_EDGE ( 'NONE', *, *, #2609, .T. ) ;
#2702 = CARTESIAN_POINT ( 'NONE',  ( 1.700000000000000178, 2.421966591676075975, 0.2409084130571637061 ) ) ;
#2703 = DIRECTION ( 'NONE',  ( 0.0000000000000000000, -0.9925461516413219831, -0.1218693434051477259 ) ) ;
#2704 = PRESENTATION_STYLE_ASSIGNMENT (( #1166 ) ) ;
#2705 = MECHANICAL_DESIGN_GEOMETRIC_PRESENTATION_REPRESENTATION (  '', ( #1878 ), #4307 ) ;
#2706 = PRESENTATION_LAYER_ASSIGNMENT (  '', '', ( #2376 ) ) ;
#2707 = CARTESIAN_POINT ( 'NONE',  ( 0.4300000000000000488, 2.428942239050485785, 0.3406648180831462480 ) ) ;
#2708 = LINE ( 'NONE', #4114, #5715 ) ;
#2709 = VECTOR ( 'NONE', #4543, 1000.000000000000114 ) ;
#2710 = VERTEX_POINT ( 'NONE', #6600 ) ;
#2711 =( NAMED_UNIT ( * ) PLANE_ANGLE_UNIT ( ) SI_UNIT ( $, .RADIAN. ) );
#2712 = LINE ( 'NONE', #6215, #87 ) ;
#2713 = DIRECTION ( 'NONE',  ( 1.000000000000000000, 0.0000000000000000000, 0.0000000000000000000 ) ) ;
#2714 = ORIENTED_EDGE ( 'NONE', *, *, #4261, .F. ) ;
#2715 = ORIENTED_EDGE ( 'NONE', *, *, #2415, .F. ) ;
#2716 = AXIS2_PLACEMENT_3D ( 'NONE', #2282, #4158, #1509 ) ;
#2717 = CARTESIAN_POINT ( 'NONE',  ( -0.8400000000000001910, 1.972211458395209949, 0.7249887709224612786 ) ) ;
#2718 = AXIS2_PLACEMENT_3D ( 'NONE', #2109, #5154, #3008 ) ;
#2719 = ORIENTED_EDGE ( 'NONE', *, *, #5046, .T. ) ;
#2720 = VERTEX_POINT ( 'NONE', #3624 ) ;
#2721 = ADVANCED_FACE ( 'NONE', ( #5704 ), #580, .T. ) ;
#2722 = EDGE_CURVE ( 'NONE', #3200, #6536, #5642, .T. ) ;
#2723 = CARTESIAN_POINT ( 'NONE',  ( 2.291429770187328518, -1.779764625829685309, 1.472526412036146537 ) ) ;
#2724 = SURFACE_STYLE_USAGE ( .BOTH. , #5228 ) ;
#2725 = DIRECTION ( 'NONE',  ( 0.0000000000000000000, 0.1364901473335441706, 0.9906414284093247868 ) ) ;
#2726 = SURFACE_STYLE_FILL_AREA ( #4365 ) ;
#2727 = SURFACE_STYLE_USAGE ( .BOTH. , #251 ) ;
#2728 = VERTEX_POINT ( 'NONE', #4061 ) ;
#2729 = EDGE_CURVE ( 'NONE', #915, #972, #6109, .T. ) ;
#2730 = FILL_AREA_STYLE_COLOUR ( '', #2162 ) ;
#2731 = UNCERTAINTY_MEASURE_WITH_UNIT (LENGTH_MEASURE( 1.000000000000000082E-05 ), #5895, 'distance_accuracy_value', 'NONE');
#2732 = ORIENTED_EDGE ( 'NONE', *, *, #2656, .F. ) ;
#2733 = DIRECTION ( 'NONE',  ( -1.000000000000000000, -0.0000000000000000000, -0.0000000000000000000 ) ) ;
#2734 = CARTESIAN_POINT ( 'NONE',  ( -0.4300000000000000488, -1.972211458395209061, 1.024988770922461434 ) ) ;
#2735 =( NAMED_UNIT ( * ) SI_UNIT ( $, .STERADIAN. ) SOLID_ANGLE_UNIT ( ) );
#2736 = PRESENTATION_LAYER_ASSIGNMENT (  '', '', ( #2115 ) ) ;
#2737 = CYLINDRICAL_SURFACE ( 'NONE', #6038, 0.05000000000000005135 ) ;
#2738 = ORIENTED_EDGE ( 'NONE', *, *, #5838, .T. ) ;
#2739 = CARTESIAN_POINT ( 'NONE',  ( 0.4300000000000000488, -2.428942239050485785, 1.024988770922461434 ) ) ;
#2740 = DIRECTION ( 'NONE',  ( 0.0000000000000000000, -1.000000000000000000, -0.0000000000000000000 ) ) ;
#2741 = CARTESIAN_POINT ( 'NONE',  ( 0.8400000000000001910, 2.131749810527688638, 0.2997177738830835159 ) ) ;
#2742 = EDGE_LOOP ( 'NONE', ( #6581, #2961, #5556, #847 ) ) ;
#2743 = ORIENTED_EDGE ( 'NONE', *, *, #1729, .T. ) ;
#2744 =( GEOMETRIC_REPRESENTATION_CONTEXT ( 3 ) GLOBAL_UNCERTAINTY_ASSIGNED_CONTEXT ( ( #3739 ) ) GLOBAL_UNIT_ASSIGNED_CONTEXT ( ( #2522, #4482, #1038 ) ) REPRESENTATION_CONTEXT ( 'NONE', 'WORKASPACE' ) );
#2745 = COLOUR_RGB ( '',0.8784313725490195957, 0.8784313725490195957, 0.8784313725490195957 ) ;
#2746 = CARTESIAN_POINT ( 'NONE',  ( -0.4300000000000000488, 1.972211458395209949, 0.7249887709224612786 ) ) ;
#2747 = FACE_OUTER_BOUND ( 'NONE', #3914, .T. ) ;
#2748 = ORIENTED_EDGE ( 'NONE', *, *, #3792, .T. ) ;
#2749 = EDGE_LOOP ( 'NONE', ( #6110, #674, #4444, #1352 ) ) ;
#2750 = CARTESIAN_POINT ( 'NONE',  ( 2.296565234295494307, 1.884378819264056926, 0.8249919442212398923 ) ) ;
#2751 =( LENGTH_UNIT ( ) NAMED_UNIT ( * ) SI_UNIT ( .MILLI., .METRE. ) );
#2752 = CARTESIAN_POINT ( 'NONE',  ( 1.700000000000000178, -2.071275601236143071, 0.7386377856558151711 ) ) ;
#2753 = ADVANCED_FACE ( 'NONE', ( #1553 ), #1587, .F. ) ;
#2754 = LINE ( 'NONE', #2267, #3533 ) ;
#2755 = ORIENTED_EDGE ( 'NONE', *, *, #1129, .F. ) ;
#2756 = DIRECTION ( 'NONE',  ( 1.000000000000000000, 0.0000000000000000000, 0.0000000000000000000 ) ) ;
#2757 =( LENGTH_UNIT ( ) NAMED_UNIT ( * ) SI_UNIT ( .MILLI., .METRE. ) );
#2758 = EDGE_LOOP ( 'NONE', ( #1924, #5958, #436, #3262 ) ) ;
#2759 = CARTESIAN_POINT ( 'NONE',  ( 0.8400000000000001910, -1.972211458395209949, 0.7249887709224612786 ) ) ;
#2760 = PLANE ( 'NONE',  #18 ) ;
#2761 = FILL_AREA_STYLE_COLOUR ( '', #3137 ) ;
#2762 = EDGE_CURVE ( 'NONE', #5352, #4546, #2815, .T. ) ;
#2763 =( NAMED_UNIT ( * ) PLANE_ANGLE_UNIT ( ) SI_UNIT ( $, .RADIAN. ) );
#2764 = ORIENTED_EDGE ( 'NONE', *, *, #888, .F. ) ;
#2765 = CARTESIAN_POINT ( 'NONE',  ( 2.219263736772202567, -1.367579370227607560, 1.696025242672625888 ) ) ;
#2766 = CARTESIAN_POINT ( 'NONE',  ( 2.245982507821994822, -1.354819527753585495, 1.700000000000000178 ) ) ;
#2767 = ORIENTED_EDGE ( 'NONE', *, *, #1358, .T. ) ;
#2768 = ORIENTED_EDGE ( 'NONE', *, *, #2870, .F. ) ;
#2769 = DIRECTION ( 'NONE',  ( 0.0000000000000000000, 0.1364901473335445314, 0.9906414284093246758 ) ) ;
#2770 = LINE ( 'NONE', #5790, #5460 ) ;
#2771 = CARTESIAN_POINT ( 'NONE',  ( -0.4300000000000000488, -3.000000000000000000, 0.0000000000000000000 ) ) ;
#2772 = SURFACE_STYLE_FILL_AREA ( #3329 ) ;
#2773 = ORIENTED_EDGE ( 'NONE', *, *, #6080, .T. ) ;
#2774 = AXIS2_PLACEMENT_3D ( 'NONE', #193, #786, #2226 ) ;
#2775 = VERTEX_POINT ( 'NONE', #4852 ) ;
#2776 = CIRCLE ( 'NONE', #3748, 0.3000000000000001554 ) ;
#2777 = VECTOR ( 'NONE', #6175, 1000.000000000000227 ) ;
#2778 = DIRECTION ( 'NONE',  ( 1.000000000000000000, 0.0000000000000000000, -0.0000000000000000000 ) ) ;
#2779 = FILL_AREA_STYLE_COLOUR ( '', #3222 ) ;
#2780 = AXIS2_PLACEMENT_3D ( 'NONE', #2781, #148, #1187 ) ;
#2781 = CARTESIAN_POINT ( 'NONE',  ( 0.8400000000000001910, -1.884378199852105640, 1.024988770922461212 ) ) ;
#2782 = ORIENTED_EDGE ( 'NONE', *, *, #2324, .F. ) ;
#2783 = CARTESIAN_POINT ( 'NONE',  ( 0.4300000000000000488, -1.972211458395209505, 1.024988770922461434 ) ) ;
#2784 = VECTOR ( 'NONE', #1871, 1000.000000000000000 ) ;
#2785 = EDGE_CURVE ( 'NONE', #2247, #1621, #1810, .T. ) ;
#2786 = SURFACE_STYLE_USAGE ( .BOTH. , #5808 ) ;
#2787 = DIRECTION ( 'NONE',  ( 0.0000000000000000000, 0.0000000000000000000, 1.000000000000000000 ) ) ;
#2788 = CIRCLE ( 'NONE', #5578, 0.04999999999999991257 ) ;
#2789 = VERTEX_POINT ( 'NONE', #1715 ) ;
#2790 = CARTESIAN_POINT ( 'NONE',  ( 0.8400000000000001910, -2.421966591676075087, 0.2409084130571637894 ) ) ;
#2791 = DIRECTION ( 'NONE',  ( -1.000000000000000000, -0.0000000000000000000, -0.0000000000000000000 ) ) ;
#2792 = AXIS2_PLACEMENT_3D ( 'NONE', #1215, #2837, #5931 ) ;
#2793 = CARTESIAN_POINT ( 'NONE',  ( -2.346379578609460559, 1.884379578609461259, 1.024988770922461212 ) ) ;
#2794 = EDGE_CURVE ( 'NONE', #1534, #3600, #1226, .T. ) ;
#2795 = VECTOR ( 'NONE', #1850, 1000.000000000000000 ) ;
#2796 = UNCERTAINTY_MEASURE_WITH_UNIT (LENGTH_MEASURE( 1.000000000000000082E-05 ), #3237, 'distance_accuracy_value', 'NONE');
#2797 = ORIENTED_EDGE ( 'NONE', *, *, #5868, .F. ) ;
#2798 = EDGE_CURVE ( 'NONE', #2400, #1349, #2333, .T. ) ;
#2799 = DIRECTION ( 'NONE',  ( 0.0000000000000000000, 0.0000000000000000000, 1.000000000000000000 ) ) ;
#2800 = CIRCLE ( 'NONE', #6017, 0.1000000000000002554 ) ;
#2801 = VECTOR ( 'NONE', #4995, 1000.000000000000000 ) ;
#2802 = ORIENTED_EDGE ( 'NONE', *, *, #1736, .F. ) ;
#2803 = PRESENTATION_LAYER_ASSIGNMENT (  '', '', ( #2385 ) ) ;
#2804 = EDGE_LOOP ( 'NONE', ( #1942, #755, #2463, #2389, #4003, #252, #4241, #824, #1401, #4478, #890, #474 ) ) ;
#2805 = CARTESIAN_POINT ( 'NONE',  ( 2.268942131948885610, 1.757263736772203044, 0.1943381052050298097 ) ) ;
#2806 = CARTESIAN_POINT ( 'NONE',  ( -0.4300000000000000488, -2.421966591676075087, 0.2409084130571637894 ) ) ;
#2807 = EDGE_CURVE ( 'NONE', #5936, #4925, #6389, .T. ) ;
#2808 = DIRECTION ( 'NONE',  ( 0.0000000000000000000, 0.06975647374411841906, -0.9975640502598247528 ) ) ;
#2809 = VERTEX_POINT ( 'NONE', #3336 ) ;
#2810 = VECTOR ( 'NONE', #1061, 1000.000000000000114 ) ;
#2811 = ORIENTED_EDGE ( 'NONE', *, *, #4226, .F. ) ;
#2812 = MECHANICAL_DESIGN_GEOMETRIC_PRESENTATION_REPRESENTATION (  '', ( #3014 ), #4631 ) ;
#2813 = CARTESIAN_POINT ( 'NONE',  ( -2.346379578609460559, -1.884379578609461259, 1.025000000000000133 ) ) ;
#2814 = CARTESIAN_POINT ( 'NONE',  ( 0.4300000000000000488, 3.000000000000000444, 4.495527008246129049E-18 ) ) ;
#2815 = LINE ( 'NONE', #6292, #4757 ) ;
#2816 = ORIENTED_EDGE ( 'NONE', *, *, #4536, .F. ) ;
#2817 = MECHANICAL_DESIGN_GEOMETRIC_PRESENTATION_REPRESENTATION (  '', ( #4843 ), #6132 ) ;
#2818 =( BOUNDED_SURFACE ( )  B_SPLINE_SURFACE ( 3, 3, ( 
 ( #5420, #841, #1880, #2458 ),
 ( #2871, #5451, #4359, #3437 ),
 ( #2842, #3877, #910, #5903 ),
 ( #5972, #4426, #1393, #381 ) ),
 .UNSPECIFIED., .F., .F., .T. ) 
 B_SPLINE_SURFACE_WITH_KNOTS ( ( 4, 4 ),
 ( 4, 4 ),
 ( 0.0000000000000000000, 1.000000000000000000 ),
 ( 0.0000000000000000000, 1.000000000000000000 ),
 .UNSPECIFIED. ) 
 GEOMETRIC_REPRESENTATION_ITEM ( )  RATIONAL_B_SPLINE_SURFACE ( (
 ( 1.000000000000000000, 0.8287787880593686651, 0.8287787880593686651, 1.000000000000000000),
 ( 0.8293065676897832805, 0.6873116920996134027, 0.6873116920996134027, 0.8293065676897832805),
 ( 0.8293065676897832805, 0.6873116920996134027, 0.6873116920996134027, 0.8293065676897832805),
 ( 1.000000000000000000, 0.8287787880593686651, 0.8287787880593686651, 1.000000000000000000) ) ) 
 REPRESENTATION_ITEM ( '' )  SURFACE ( )  );
#2819 = CARTESIAN_POINT ( 'NONE',  ( -2.263500000000000512, -1.884379578609461037, 0.8250000000000000666 ) ) ;
#2820 =( NAMED_UNIT ( * ) PLANE_ANGLE_UNIT ( ) SI_UNIT ( $, .RADIAN. ) );
#2821 = FILL_AREA_STYLE_COLOUR ( '', #4825 ) ;
#2822 = MECHANICAL_DESIGN_GEOMETRIC_PRESENTATION_REPRESENTATION (  '', ( #4542 ), #2917 ) ;
#2823 = DIRECTION ( 'NONE',  ( -1.000000000000000000, -0.0000000000000000000, -0.0000000000000000000 ) ) ;
#2824 = ORIENTED_EDGE ( 'NONE', *, *, #2913, .F. ) ;
#2825 = DIRECTION ( 'NONE',  ( 0.0000000000000000000, 0.0000000000000000000, -1.000000000000000000 ) ) ;
#2826 = CARTESIAN_POINT ( 'NONE',  ( -2.265916554534189498, -1.356684921124295728, 1.681333336854352600 ) ) ;
#2827 =( NAMED_UNIT ( * ) SI_UNIT ( $, .STERADIAN. ) SOLID_ANGLE_UNIT ( ) );
#2828 = AXIS2_PLACEMENT_3D ( 'NONE', #4999, #1948, #5027 ) ;
#2829 = VERTEX_POINT ( 'NONE', #1783 ) ;
#2830 = FILL_AREA_STYLE_COLOUR ( '', #2850 ) ;
#2831 = CARTESIAN_POINT ( 'NONE',  ( 2.110000000000002096, 1.884379060004136797, 0.8249933390121475529 ) ) ;
#2832 = ORIENTED_EDGE ( 'NONE', *, *, #1433, .T. ) ;
#2833 = ORIENTED_EDGE ( 'NONE', *, *, #2253, .F. ) ;
#2834 = FACE_OUTER_BOUND ( 'NONE', #4346, .T. ) ;
#2835 = MECHANICAL_DESIGN_GEOMETRIC_PRESENTATION_REPRESENTATION (  '', ( #4656 ), #805 ) ;
#2836 = PRESENTATION_STYLE_ASSIGNMENT (( #5862 ) ) ;
#2837 = DIRECTION ( 'NONE',  ( 0.0000000000000000000, 0.0000000000000000000, 1.000000000000000000 ) ) ;
#2838 = FILL_AREA_STYLE ('',( #798 ) ) ;
#2839 = VERTEX_POINT ( 'NONE', #5871 ) ;
#2840 = VECTOR ( 'NONE', #6425, 1000.000000000000114 ) ;
#2841 = EDGE_LOOP ( 'NONE', ( #5121, #5410, #3071, #5737, #1278, #3002, #3424, #3595, #4834, #1050, #3960, #3699 ) ) ;
#2842 = CARTESIAN_POINT ( 'NONE',  ( 2.268623383440116381, -1.779330044498151464, 1.516743074463241969 ) ) ;
#2843 = DIRECTION ( 'NONE',  ( 0.0000000000000000000, 0.0000000000000000000, 1.000000000000000000 ) ) ;
#2844 = CARTESIAN_POINT ( 'NONE',  ( 2.109999999999999876, -1.972211458395208616, 1.024988770922461212 ) ) ;
#2845 = LINE ( 'NONE', #2460, #2536 ) ;
#2846 = EDGE_LOOP ( 'NONE', ( #5398, #1141, #1897, #1802 ) ) ;
#2847 = CIRCLE ( 'NONE', #1604, 0.05000000000000014155 ) ;
#2848 = CARTESIAN_POINT ( 'NONE',  ( -2.268623383440116381, -1.829443021186692775, 1.472406857904786426 ) ) ;
#2849 = CARTESIAN_POINT ( 'NONE',  ( -2.288833094013711378, -1.789322026126163090, 1.494828958735890501 ) ) ;
#2850 = COLOUR_RGB ( '',0.8784313725490195957, 0.8784313725490195957, 0.8784313725490195957 ) ;
#2851 = CARTESIAN_POINT ( 'NONE',  ( -0.4300000000000000488, -2.071275601236143071, 0.7386377856558151711 ) ) ;
#2852 = VERTEX_POINT ( 'NONE', #639 ) ;
#2853 = CARTESIAN_POINT ( 'NONE',  ( -0.4300000000000000488, 2.408015296927251470, 0.04139560300519887909 ) ) ;
#2854 = LINE ( 'NONE', #5368, #4221 ) ;
#2855 = MECHANICAL_DESIGN_GEOMETRIC_PRESENTATION_REPRESENTATION (  '', ( #5644 ), #4783 ) ;
#2856 = DIRECTION ( 'NONE',  ( 0.0000000000000000000, 0.0000000000000000000, 1.000000000000000000 ) ) ;
#2857 = UNCERTAINTY_MEASURE_WITH_UNIT (LENGTH_MEASURE( 1.000000000000000082E-05 ), #1186, 'distance_accuracy_value', 'NONE');
#2858 = EDGE_LOOP ( 'NONE', ( #1111, #4176, #3581, #3263 ) ) ;
#2859 = FILL_AREA_STYLE ('',( #6375 ) ) ;
#2860 = DIRECTION ( 'NONE',  ( 0.04798956935377898109, 0.9192052114728448409, 0.3908436777464892598 ) ) ;
#2861 = ORIENTED_EDGE ( 'NONE', *, *, #4760, .T. ) ;
#2862 = EDGE_LOOP ( 'NONE', ( #3293, #2496, #2155, #5427 ) ) ;
#2863 = DIRECTION ( 'NONE',  ( 0.0000000000000000000, 0.0000000000000000000, -1.000000000000000000 ) ) ;
#2864 = DIRECTION ( 'NONE',  ( -1.000000000000000000, -0.0000000000000000000, -0.0000000000000000000 ) ) ;
#2865 = EDGE_CURVE ( 'NONE', #4797, #2839, #4763, .T. ) ;
#2866 = DIRECTION ( 'NONE',  ( 0.0000000000000000000, 0.0000000000000000000, 1.000000000000000000 ) ) ;
#2867 = ORIENTED_EDGE ( 'NONE', *, *, #5049, .F. ) ;
#2868 = ORIENTED_EDGE ( 'NONE', *, *, #6481, .F. ) ;
#2869 = EDGE_CURVE ( 'NONE', #1221, #4597, #3300, .T. ) ;
#2870 = EDGE_CURVE ( 'NONE', #5045, #2078, #4723, .T. ) ;
#2871 = CARTESIAN_POINT ( 'NONE',  ( 2.288605220630223869, -1.779486039051728419, 1.498796077530702542 ) ) ;
#2872 = CARTESIAN_POINT ( 'NONE',  ( -2.219263736772203011, 1.803916554534189753, 0.1677911918680917713 ) ) ;
#2873 =( GEOMETRIC_REPRESENTATION_CONTEXT ( 3 ) GLOBAL_UNCERTAINTY_ASSIGNED_CONTEXT ( ( #3729 ) ) GLOBAL_UNIT_ASSIGNED_CONTEXT ( ( #3908, #5443, #4514 ) ) REPRESENTATION_CONTEXT ( 'NONE', 'WORKASPACE' ) );
#2874 = DIRECTION ( 'NONE',  ( 0.0000000000000000000, -0.06975647374411883539, -0.9975640502598246417 ) ) ;
#2875 = EDGE_CURVE ( 'NONE', #6183, #4054, #3266, .T. ) ;
#2876 = ORIENTED_EDGE ( 'NONE', *, *, #3707, .F. ) ;
#2877 = CARTESIAN_POINT ( 'NONE',  ( -2.291477832458802766, -1.784751931142793735, 1.470210232058604571 ) ) ;
#2878 = CIRCLE ( 'NONE', #4813, 0.05000000000000005135 ) ;
#2879 = ADVANCED_FACE ( 'NONE', ( #741 ), #4820, .T. ) ;
#2880 = FACE_OUTER_BOUND ( 'NONE', #4214, .T. ) ;
#2881 = AXIS2_PLACEMENT_3D ( 'NONE', #315, #6423, #1369 ) ;
#2882 = LINE ( 'NONE', #5504, #1868 ) ;
#2883 = CARTESIAN_POINT ( 'NONE',  ( -2.296379578609461181, -1.884379578609461259, 1.025000000000000133 ) ) ;
#2884 = ORIENTED_EDGE ( 'NONE', *, *, #6481, .T. ) ;
#2885 = CARTESIAN_POINT ( 'NONE',  ( 2.109999999999999876, 2.408015296927251470, 0.04139560300519887909 ) ) ;
#2886 = AXIS2_PLACEMENT_3D ( 'NONE', #1055, #6195, #1020 ) ;
#2887 = EDGE_CURVE ( 'NONE', #3198, #4198, #5263, .T. ) ;
#2888 = DIRECTION ( 'NONE',  ( 0.0000000000000000000, -0.9975640502598247528, 0.06975647374411841906 ) ) ;
#2889 = EDGE_LOOP ( 'NONE', ( #2534, #153 ) ) ;
#2890 = FILL_AREA_STYLE_COLOUR ( '', #5861 ) ;
#2891 = DIRECTION ( 'NONE',  ( 0.0000000000000000000, 0.0000000000000000000, 1.000000000000000000 ) ) ;
#2892 = FILL_AREA_STYLE_COLOUR ( '', #400 ) ;
#2893 =( GEOMETRIC_REPRESENTATION_CONTEXT ( 3 ) GLOBAL_UNCERTAINTY_ASSIGNED_CONTEXT ( ( #4613 ) ) GLOBAL_UNIT_ASSIGNED_CONTEXT ( ( #4216, #929, #500 ) ) REPRESENTATION_CONTEXT ( 'NONE', 'WORKASPACE' ) );
#2894 = EDGE_LOOP ( 'NONE', ( #1125, #3292 ) ) ;
#2895 = CARTESIAN_POINT ( 'NONE',  ( 2.296379578609461181, -1.834379578609460992, 1.025000000000000133 ) ) ;
#2896 = DIRECTION ( 'NONE',  ( 0.0000000000000000000, 0.0000000000000000000, 1.000000000000000000 ) ) ;
#2897 = CIRCLE ( 'NONE', #1766, 0.2999999999999998779 ) ;
#2898 =( GEOMETRIC_REPRESENTATION_CONTEXT ( 3 ) GLOBAL_UNCERTAINTY_ASSIGNED_CONTEXT ( ( #2 ) ) GLOBAL_UNIT_ASSIGNED_CONTEXT ( ( #5429, #3410, #1646 ) ) REPRESENTATION_CONTEXT ( 'NONE', 'WORKASPACE' ) );
#2899 = ORIENTED_EDGE ( 'NONE', *, *, #3792, .F. ) ;
#2900 =( GEOMETRIC_REPRESENTATION_CONTEXT ( 3 ) GLOBAL_UNCERTAINTY_ASSIGNED_CONTEXT ( ( #5340 ) ) GLOBAL_UNIT_ASSIGNED_CONTEXT ( ( #1936, #2902, #4558 ) ) REPRESENTATION_CONTEXT ( 'NONE', 'WORKASPACE' ) );
#2901 = COLOUR_RGB ( '',0.8784313725490195957, 0.8784313725490195957, 0.8784313725490195957 ) ;
#2902 =( NAMED_UNIT ( * ) PLANE_ANGLE_UNIT ( ) SI_UNIT ( $, .RADIAN. ) );
#2903 = AXIS2_PLACEMENT_3D ( 'NONE', #6332, #121, #4824 ) ;
#2904 = CARTESIAN_POINT ( 'NONE',  ( -2.296565235439750996, 1.884378889230783560, 0.8249943854612323824 ) ) ;
#2905 = CARTESIAN_POINT ( 'NONE',  ( -1.699999999999999956, -2.269403886918007984, 0.7659358151225240663 ) ) ;
#2906 = LINE ( 'NONE', #1397, #2840 ) ;
#2907 = SURFACE_STYLE_USAGE ( .BOTH. , #810 ) ;
#2908 = ORIENTED_EDGE ( 'NONE', *, *, #2415, .T. ) ;
#2909 = ADVANCED_FACE ( 'NONE', ( #4327 ), #2241, .T. ) ;
#2910 = EDGE_CURVE ( 'NONE', #4706, #5431, #4954, .T. ) ;
#2911 = SURFACE_SIDE_STYLE ('',( #6393 ) ) ;
#2912 = STYLED_ITEM ( 'NONE', ( #4593 ), #1601 ) ;
#2913 = EDGE_CURVE ( 'NONE', #1952, #4468, #2845, .T. ) ;
#2914 = ORIENTED_EDGE ( 'NONE', *, *, #5011, .F. ) ;
#2915 = FACE_OUTER_BOUND ( 'NONE', #2862, .T. ) ;
#2916 = MECHANICAL_DESIGN_GEOMETRIC_PRESENTATION_REPRESENTATION (  '', ( #1009 ), #1787 ) ;
#2917 =( GEOMETRIC_REPRESENTATION_CONTEXT ( 3 ) GLOBAL_UNCERTAINTY_ASSIGNED_CONTEXT ( ( #1697 ) ) GLOBAL_UNIT_ASSIGNED_CONTEXT ( ( #5183, #2678, #793 ) ) REPRESENTATION_CONTEXT ( 'NONE', 'WORKASPACE' ) );
#2918 = CARTESIAN_POINT ( 'NONE',  ( -2.109999999999999876, -3.013951294748823617, 0.1995128100519649172 ) ) ;
#2919 = CARTESIAN_POINT ( 'NONE',  ( 2.268891044354269138, 1.801500000000000101, 0.1939065328297426560 ) ) ;
#2920 = UNCERTAINTY_MEASURE_WITH_UNIT (LENGTH_MEASURE( 1.000000000000000082E-05 ), #651, 'distance_accuracy_value', 'NONE');
#2921 = ORIENTED_EDGE ( 'NONE', *, *, #5550, .T. ) ;
#2922 = CARTESIAN_POINT ( 'NONE',  ( 0.4300000000000000488, -2.421966591676075087, 0.2409084130571637894 ) ) ;
#2923 = DIRECTION ( 'NONE',  ( 1.000000000000000000, 0.0000000000000000000, 0.0000000000000000000 ) ) ;
#2924 = FACE_OUTER_BOUND ( 'NONE', #3681, .T. ) ;
#2925 =( NAMED_UNIT ( * ) PLANE_ANGLE_UNIT ( ) SI_UNIT ( $, .RADIAN. ) );
#2926 = STYLED_ITEM ( 'NONE', ( #2504 ), #2401 ) ;
#2927 = EDGE_CURVE ( 'NONE', #3887, #5593, #4970, .T. ) ;
#2928 = ORIENTED_EDGE ( 'NONE', *, *, #3231, .F. ) ;
#2929 = DIRECTION ( 'NONE',  ( 0.0000000000000000000, 0.0000000000000000000, 1.000000000000000000 ) ) ;
#2930 = VECTOR ( 'NONE', #895, 1000.000000000000000 ) ;
#2931 = DIRECTION ( 'NONE',  ( 0.0000000000000000000, 0.0000000000000000000, 1.000000000000000000 ) ) ;
#2932 = DIRECTION ( 'NONE',  ( -0.0000000000000000000, 1.000000000000000000, -0.0000000000000000000 ) ) ;
#2933 = CYLINDRICAL_SURFACE ( 'NONE', #2270, 0.2999999999999998779 ) ;
#2934 = ORIENTED_EDGE ( 'NONE', *, *, #1567, .T. ) ;
#2935 = CIRCLE ( 'NONE', #1031, 0.3000000000000001554 ) ;
#2936 = LINE ( 'NONE', #3917, #3313 ) ;
#2937 =( NAMED_UNIT ( * ) PLANE_ANGLE_UNIT ( ) SI_UNIT ( $, .RADIAN. ) );
#2938 = LINE ( 'NONE', #2970, #2073 ) ;
#2939 = FACE_OUTER_BOUND ( 'NONE', #5125, .T. ) ;
#2940 =( NAMED_UNIT ( * ) SI_UNIT ( $, .STERADIAN. ) SOLID_ANGLE_UNIT ( ) );
#2941 = AXIS2_PLACEMENT_3D ( 'NONE', #2356, #5321, #5897 ) ;
#2942 = DIRECTION ( 'NONE',  ( -0.9925461516413219831, 0.0000000000000000000, -0.1218693434051479618 ) ) ;
#2943 = CARTESIAN_POINT ( 'NONE',  ( 1.437500000000000000, -1.012499999999999956, 0.1499999999999999944 ) ) ;
#2944 = LINE ( 'NONE', #2368, #6420 ) ;
#2945 = EDGE_CURVE ( 'NONE', #738, #3164, #3438, .T. ) ;
#2946 = DIRECTION ( 'NONE',  ( -0.0000000000000000000, -1.000000000000000000, 1.234386826208250825E-15 ) ) ;
#2947 = CARTESIAN_POINT ( 'NONE',  ( -2.006095522657785235, -0.9190406258255605643, 1.700000000000000178 ) ) ;
#2948 = ORIENTED_EDGE ( 'NONE', *, *, #1051, .T. ) ;
#2949 = MECHANICAL_DESIGN_GEOMETRIC_PRESENTATION_REPRESENTATION (  '', ( #6166 ), #4032 ) ;
#2950 = CARTESIAN_POINT ( 'NONE',  ( -0.8400000000000000799, -1.884379578609461259, 1.025000000000000133 ) ) ;
#2951 =( NAMED_UNIT ( * ) SI_UNIT ( $, .STERADIAN. ) SOLID_ANGLE_UNIT ( ) );
#2952 = AXIS2_PLACEMENT_3D ( 'NONE', #1956, #3963, #6022 ) ;
#2953 = CARTESIAN_POINT ( 'NONE',  ( -1.699999999999999956, 2.131749810527688638, 0.2997177738830835159 ) ) ;
#2954 = ADVANCED_FACE ( 'NONE', ( #3947 ), #1972, .F. ) ;
#2955 = EDGE_LOOP ( 'NONE', ( #2525, #1946, #4013, #4600 ) ) ;
#2956 = PRESENTATION_STYLE_ASSIGNMENT (( #6089 ) ) ;
#2957 = CYLINDRICAL_SURFACE ( 'NONE', #4922, 0.1000000000000002554 ) ;
#2958 =( NAMED_UNIT ( * ) PLANE_ANGLE_UNIT ( ) SI_UNIT ( $, .RADIAN. ) );
#2959 = EDGE_CURVE ( 'NONE', #516, #5061, #2906, .T. ) ;
#2960 = CIRCLE ( 'NONE', #4256, 0.05000000000000005829 ) ;
#2961 = ORIENTED_EDGE ( 'NONE', *, *, #1643, .T. ) ;
#2962 = PLANE ( 'NONE',  #1898 ) ;
#2963 = CYLINDRICAL_SURFACE ( 'NONE', #2263, 0.2000000000000003164 ) ;
#2964 = MANIFOLD_SOLID_BREP ( 'Boss-Extrude4', #5678 ) ;
#2965 = ORIENTED_EDGE ( 'NONE', *, *, #6233, .F. ) ;
#2966 = ORIENTED_EDGE ( 'NONE', *, *, #5834, .F. ) ;
#2967 = FILL_AREA_STYLE_COLOUR ( '', #6347 ) ;
#2968 = FILL_AREA_STYLE ('',( #2393 ) ) ;
#2969 = LINE ( 'NONE', #5634, #6579 ) ;
#2970 = CARTESIAN_POINT ( 'NONE',  ( -2.346379578609460559, -1.884379578609461259, 1.024988770922461212 ) ) ;
#2971 = SURFACE_SIDE_STYLE ('',( #3757 ) ) ;
#2972 = EDGE_LOOP ( 'NONE', ( #4617, #553, #6435, #928, #1339, #852, #499, #5722, #262, #872, #3281, #6019, #1980, #6442, #6074, #3353, #4643, #6232, #1284, #521 ) ) ;
#2973 = FILL_AREA_STYLE_COLOUR ( '', #4205 ) ;
#2974 = AXIS2_PLACEMENT_3D ( 'NONE', #3930, #897, #401 ) ;
#2975 = LINE ( 'NONE', #2851, #1662 ) ;
#2976 = ORIENTED_EDGE ( 'NONE', *, *, #4670, .F. ) ;
#2977 = SURFACE_STYLE_USAGE ( .BOTH. , #396 ) ;
#2978 = DIRECTION ( 'NONE',  ( 0.0000000000000000000, 0.1364901473335441706, -0.9906414284093247868 ) ) ;
#2979 = ORIENTED_EDGE ( 'NONE', *, *, #1572, .F. ) ;
#2980 = EDGE_CURVE ( 'NONE', #5249, #2348, #1507, .T. ) ;
#2981 = FILL_AREA_STYLE ('',( #2410 ) ) ;
#2982 = SURFACE_STYLE_USAGE ( .BOTH. , #958 ) ;
#2983 = UNCERTAINTY_MEASURE_WITH_UNIT (LENGTH_MEASURE( 1.000000000000000082E-05 ), #3317, 'distance_accuracy_value', 'NONE');
#2984 = ORIENTED_EDGE ( 'NONE', *, *, #3849, .T. ) ;
#2985 =( NAMED_UNIT ( * ) SI_UNIT ( $, .STERADIAN. ) SOLID_ANGLE_UNIT ( ) );
#2986 = DIRECTION ( 'NONE',  ( 0.0000000000000000000, 0.0000000000000000000, 1.000000000000000000 ) ) ;
#2987 =( NAMED_UNIT ( * ) SI_UNIT ( $, .STERADIAN. ) SOLID_ANGLE_UNIT ( ) );
#2988 = LINE ( 'NONE', #4638, #5078 ) ;
#2989 = ORIENTED_EDGE ( 'NONE', *, *, #349, .T. ) ;
#2990 =( LENGTH_UNIT ( ) NAMED_UNIT ( * ) SI_UNIT ( .MILLI., .METRE. ) );
#2991 = EDGE_CURVE ( 'NONE', #3935, #3440, #6190, .T. ) ;
#2992 = CARTESIAN_POINT ( 'NONE',  ( 1.700000000000000178, 2.269403886918007984, 0.7659358151225242883 ) ) ;
#2993 = CIRCLE ( 'NONE', #2378, 0.3000000000000001554 ) ;
#2994 = ADVANCED_FACE ( 'NONE', ( #5054 ), #5899, .T. ) ;
#2995 = PRESENTATION_STYLE_ASSIGNMENT (( #686 ) ) ;
#2996 = UNCERTAINTY_MEASURE_WITH_UNIT (LENGTH_MEASURE( 1.000000000000000082E-05 ), #5452, 'distance_accuracy_value', 'NONE');
#2997 = SURFACE_STYLE_USAGE ( .BOTH. , #4735 ) ;
#2998 = COLOUR_RGB ( '',0.8784313725490195957, 0.8784313725490195957, 0.8784313725490195957 ) ;
#2999 = LINE ( 'NONE', #6510, #4664 ) ;
#3000 = VERTEX_POINT ( 'NONE', #6129 ) ;
#3001 = PRESENTATION_LAYER_ASSIGNMENT (  '', '', ( #4084 ) ) ;
#3002 = ORIENTED_EDGE ( 'NONE', *, *, #5095, .T. ) ;
#3003 = EDGE_CURVE ( 'NONE', #5551, #5084, #1595, .T. ) ;
#3004 = VECTOR ( 'NONE', #783, 1000.000000000000000 ) ;
#3005 = VECTOR ( 'NONE', #6488, 1000.000000000000000 ) ;
#3006 =( NAMED_UNIT ( * ) PLANE_ANGLE_UNIT ( ) SI_UNIT ( $, .RADIAN. ) );
#3007 = EDGE_LOOP ( 'NONE', ( #549, #4873, #6060, #6096 ) ) ;
#3008 = DIRECTION ( 'NONE',  ( 0.0000000000000000000, 0.0000000000000000000, 1.000000000000000000 ) ) ;
#3009 = SURFACE_SIDE_STYLE ('',( #985 ) ) ;
#3010 = CARTESIAN_POINT ( 'NONE',  ( 2.268942131948885610, -1.762889213713676906, 0.1993588589466128713 ) ) ;
#3011 = FILL_AREA_STYLE ('',( #1087 ) ) ;
#3012 = ORIENTED_EDGE ( 'NONE', *, *, #139, .F. ) ;
#3013 = ORIENTED_EDGE ( 'NONE', *, *, #2537, .T. ) ;
#3014 = STYLED_ITEM ( 'NONE', ( #6395 ), #1494 ) ;
#3015 = SURFACE_STYLE_USAGE ( .BOTH. , #1590 ) ;
#3016 = DIRECTION ( 'NONE',  ( 0.0000000000000000000, -1.000000000000000000, -1.234386826208250825E-15 ) ) ;
#3017 = CIRCLE ( 'NONE', #2306, 0.1000000000000002554 ) ;
#3018 = ORIENTED_EDGE ( 'NONE', *, *, #4574, .T. ) ;
#3019 = SURFACE_STYLE_FILL_AREA ( #6538 ) ;
#3020 = SURFACE_STYLE_USAGE ( .BOTH. , #1001 ) ;
#3021 = LINE ( 'NONE', #37, #1363 ) ;
#3022 = CARTESIAN_POINT ( 'NONE',  ( -2.346378889230782860, 1.834565235439751474, 1.025005614538770704 ) ) ;
#3023 = COLOUR_RGB ( '',0.8784313725490195957, 0.8784313725490195957, 0.8784313725490195957 ) ;
#3024 = CARTESIAN_POINT ( 'NONE',  ( 2.296379578609462069, 1.884379578609461259, 1.025000000000000133 ) ) ;
#3025 = CARTESIAN_POINT ( 'NONE',  ( -2.346379578609460559, 1.884379578609461259, 1.025000000000000133 ) ) ;
#3026 = EDGE_LOOP ( 'NONE', ( #3949, #1140, #5499, #6465 ) ) ;
#3027 = COLOUR_RGB ( '',0.8784313725490195957, 0.8784313725490195957, 0.8784313725490195957 ) ;
#3028 = ORIENTED_EDGE ( 'NONE', *, *, #3270, .F. ) ;
#3029 = ORIENTED_EDGE ( 'NONE', *, *, #594, .F. ) ;
#3030 =( NAMED_UNIT ( * ) SI_UNIT ( $, .STERADIAN. ) SOLID_ANGLE_UNIT ( ) );
#3031 = VECTOR ( 'NONE', #5621, 1000.000000000000114 ) ;
#3032 = EDGE_CURVE ( 'NONE', #3592, #4067, #488, .T. ) ;
#3033 =( NAMED_UNIT ( * ) PLANE_ANGLE_UNIT ( ) SI_UNIT ( $, .RADIAN. ) );
#3034 = COLOUR_RGB ( '',0.8784313725490195957, 0.8784313725490195957, 0.8784313725490195957 ) ;
#3035 = AXIS2_PLACEMENT_3D ( 'NONE', #5510, #855, #4471 ) ;
#3036 = ORIENTED_EDGE ( 'NONE', *, *, #6554, .T. ) ;
#3037 = FACE_OUTER_BOUND ( 'NONE', #3007, .T. ) ;
#3038 = VECTOR ( 'NONE', #2313, 1000.000000000000000 ) ;
#3039 = STYLED_ITEM ( 'NONE', ( #4161 ), #2685 ) ;
#3040 = CARTESIAN_POINT ( 'NONE',  ( -2.346379578609460559, -1.884379578609461259, 0.8249999999999999556 ) ) ;
#3041 = CARTESIAN_POINT ( 'NONE',  ( -2.263500000000000956, 1.801499999999999879, 0.1499999999999999944 ) ) ;
#3042 = ORIENTED_EDGE ( 'NONE', *, *, #5969, .T. ) ;
#3043 = ORIENTED_EDGE ( 'NONE', *, *, #2785, .F. ) ;
#3044 = MECHANICAL_DESIGN_GEOMETRIC_PRESENTATION_REPRESENTATION (  '', ( #2115 ), #3470 ) ;
#3045 = DIRECTION ( 'NONE',  ( 0.0000000000000000000, 0.06975647374411841906, -0.9975640502598247528 ) ) ;
#3046 = COLOUR_RGB ( '',0.8784313725490195957, 0.8784313725490195957, 0.8784313725490195957 ) ;
#3047 = PRODUCT_DEFINITION_CONTEXT ( 'detailed design', #128, 'design' ) ;
#3048 = ORIENTED_EDGE ( 'NONE', *, *, #5892, .T. ) ;
#3049 = CARTESIAN_POINT ( 'NONE',  ( -2.296379578609461181, 1.834379578609461214, 1.025000000000000133 ) ) ;
#3050 = FILL_AREA_STYLE ('',( #5104 ) ) ;
#3051 = SURFACE_STYLE_USAGE ( .BOTH. , #4508 ) ;
#3052 = CARTESIAN_POINT ( 'NONE',  ( -2.346379578609460559, -1.884379578609461259, 1.025000000000000133 ) ) ;
#3053 = DIRECTION ( 'NONE',  ( 0.0000000000000000000, -0.1364901473335445314, 0.9906414284093246758 ) ) ;
#3054 = UNCERTAINTY_MEASURE_WITH_UNIT (LENGTH_MEASURE( 1.000000000000000082E-05 ), #4784, 'distance_accuracy_value', 'NONE');
#3055 = ORIENTED_EDGE ( 'NONE', *, *, #4288, .F. ) ;
#3056 = VECTOR ( 'NONE', #99, 1000.000000000000114 ) ;
#3057 = CARTESIAN_POINT ( 'NONE',  ( 2.268891044354268693, 0.0000000000000000000, 1.656093467170257849 ) ) ;
#3058 = VERTEX_POINT ( 'NONE', #375 ) ;
#3059 = VERTEX_POINT ( 'NONE', #838 ) ;
#3060 = FILL_AREA_STYLE ('',( #1576 ) ) ;
#3061 = EDGE_CURVE ( 'NONE', #6283, #6484, #4340, .T. ) ;
#3062 =( NAMED_UNIT ( * ) SI_UNIT ( $, .STERADIAN. ) SOLID_ANGLE_UNIT ( ) );
#3063 = DIRECTION ( 'NONE',  ( 0.0000000000000000000, 0.0000000000000000000, 1.000000000000000000 ) ) ;
#3064 = DIRECTION ( 'NONE',  ( -1.000000000000000000, 0.0000000000000000000, 0.0000000000000000000 ) ) ;
#3065 = ORIENTED_EDGE ( 'NONE', *, *, #1083, .F. ) ;
#3066 = CARTESIAN_POINT ( 'NONE',  ( 1.700000000000000178, 1.884378544541444933, 0.8249915781918463198 ) ) ;
#3067 = EDGE_CURVE ( 'NONE', #19, #3464, #4455, .T. ) ;
#3068 = CARTESIAN_POINT ( 'NONE',  ( -2.346379578609460559, 1.884379578609461259, 1.024988770922461212 ) ) ;
#3069 = DIRECTION ( 'NONE',  ( 0.0000000000000000000, 0.0000000000000000000, 1.000000000000000000 ) ) ;
#3070 = VERTEX_POINT ( 'NONE', #870 ) ;
#3071 = ORIENTED_EDGE ( 'NONE', *, *, #4711, .T. ) ;
#3072 = EDGE_CURVE ( 'NONE', #255, #3200, #3910, .T. ) ;
#3073 =( NAMED_UNIT ( * ) PLANE_ANGLE_UNIT ( ) SI_UNIT ( $, .RADIAN. ) );
#3074 = DIRECTION ( 'NONE',  ( 0.0000000000000000000, 0.1364901473335441706, 0.9906414284093247868 ) ) ;
#3075 = ORIENTED_EDGE ( 'NONE', *, *, #5176, .T. ) ;
#3076 = SURFACE_SIDE_STYLE ('',( #4199 ) ) ;
#3077 = FILL_AREA_STYLE_COLOUR ( '', #4583 ) ;
#3078 = VECTOR ( 'NONE', #4452, 1000.000000000000000 ) ;
#3079 = DIRECTION ( 'NONE',  ( 0.0000000000000000000, -0.9975640502598247528, -0.06975647374411884927 ) ) ;
#3080 = SURFACE_STYLE_USAGE ( .BOTH. , #4639 ) ;
#3081 = EDGE_CURVE ( 'NONE', #64, #5045, #3431, .T. ) ;
#3082 = VECTOR ( 'NONE', #3488, 1000.000000000000000 ) ;
#3083 = ORIENTED_EDGE ( 'NONE', *, *, #5875, .F. ) ;
#3084 =( NAMED_UNIT ( * ) SI_UNIT ( $, .STERADIAN. ) SOLID_ANGLE_UNIT ( ) );
#3085 = DIRECTION ( 'NONE',  ( 0.0000000000000000000, 0.0000000000000000000, 1.000000000000000000 ) ) ;
#3086 = CARTESIAN_POINT ( 'NONE',  ( -0.4300000000000000488, 3.013951294748823617, 0.1995128100519649172 ) ) ;
#3087 = DIRECTION ( 'NONE',  ( 0.0000000000000000000, 1.000000000000000000, 0.0000000000000000000 ) ) ;
#3088 = EDGE_LOOP ( 'NONE', ( #3349, #4679, #3330, #2768 ) ) ;
#3089 = ORIENTED_EDGE ( 'NONE', *, *, #1272, .F. ) ;
#3090 = DIRECTION ( 'NONE',  ( 0.0000000000000000000, 0.0000000000000000000, 1.000000000000000000 ) ) ;
#3091 = CARTESIAN_POINT ( 'NONE',  ( -0.4300000000000000488, 1.972211458395208616, 1.024988770922461212 ) ) ;
#3092 = PRESENTATION_LAYER_ASSIGNMENT (  '', '', ( #1199 ) ) ;
#3093 = CARTESIAN_POINT ( 'NONE',  ( -0.4300000000000000488, -1.884378199852105862, 0.8249887709224611454 ) ) ;
#3094 = ORIENTED_EDGE ( 'NONE', *, *, #5834, .T. ) ;
#3095 = MECHANICAL_DESIGN_GEOMETRIC_PRESENTATION_REPRESENTATION (  '', ( #2484 ), #3650 ) ;
#3096 = STYLED_ITEM ( 'NONE', ( #1228 ), #38 ) ;
#3097 = DIRECTION ( 'NONE',  ( -0.9925461516413220942, 0.0000000000000000000, 0.1218693434051463520 ) ) ;
#3098 = LINE ( 'NONE', #5156, #4518 ) ;
#3099 = CIRCLE ( 'NONE', #1653, 0.04999999999999991257 ) ;
#3100 = VECTOR ( 'NONE', #715, 1000.000000000000114 ) ;
#3101 = DIRECTION ( 'NONE',  ( 0.0000000000000000000, -1.234386826208250825E-15, 1.000000000000000000 ) ) ;
#3102 = EDGE_CURVE ( 'NONE', #3164, #1551, #3462, .T. ) ;
#3103 = VECTOR ( 'NONE', #520, 1000.000000000000000 ) ;
#3104 =( NAMED_UNIT ( * ) PLANE_ANGLE_UNIT ( ) SI_UNIT ( $, .RADIAN. ) );
#3105 = VERTEX_POINT ( 'NONE', #1874 ) ;
#3106 = EDGE_CURVE ( 'NONE', #3665, #3786, #3872, .T. ) ;
#3107 = STYLED_ITEM ( 'NONE', ( #4016 ), #1210 ) ;
#3108 = EDGE_CURVE ( 'NONE', #1041, #2468, #6511, .T. ) ;
#3109 = LINE ( 'NONE', #2631, #1306 ) ;
#3110 = UNCERTAINTY_MEASURE_WITH_UNIT (LENGTH_MEASURE( 1.000000000000000082E-05 ), #4460, 'distance_accuracy_value', 'NONE');
#3111 = EDGE_LOOP ( 'NONE', ( #5824, #3094, #4122, #1592 ) ) ;
#3112 = FILL_AREA_STYLE_COLOUR ( '', #5796 ) ;
#3113 = DIRECTION ( 'NONE',  ( 0.0000000000000000000, -1.000000000000000000, 1.234386826208250825E-15 ) ) ;
#3114 = SURFACE_SIDE_STYLE ('',( #6061 ) ) ;
#3115 = EDGE_CURVE ( 'NONE', #4816, #3464, #4483, .T. ) ;
#3116 = SURFACE_STYLE_USAGE ( .BOTH. , #592 ) ;
#3117 = UNCERTAINTY_MEASURE_WITH_UNIT (LENGTH_MEASURE( 1.000000000000000082E-05 ), #1486, 'distance_accuracy_value', 'NONE');
#3118 = CARTESIAN_POINT ( 'NONE',  ( 1.437500000000000222, 1.012499999999999956, 0.1399999999999999856 ) ) ;
#3119 = EDGE_CURVE ( 'NONE', #544, #6565, #5526, .T. ) ;
#3120 = CARTESIAN_POINT ( 'NONE',  ( 2.109999999999999876, 3.013951294748823617, 0.1995128100519649450 ) ) ;
#3121 = PRESENTATION_STYLE_ASSIGNMENT (( #5688 ) ) ;
#3122 = ORIENTED_EDGE ( 'NONE', *, *, #5675, .F. ) ;
#3123 = AXIS2_PLACEMENT_3D ( 'NONE', #143, #4909, #1869 ) ;
#3124 = ORIENTED_EDGE ( 'NONE', *, *, #51, .T. ) ;
#3125 = CARTESIAN_POINT ( 'NONE',  ( -1.699999999999999956, -2.269403886918007540, 0.7659358151225239553 ) ) ;
#3126 = PRESENTATION_STYLE_ASSIGNMENT (( #3749 ) ) ;
#3127 =( NAMED_UNIT ( * ) PLANE_ANGLE_UNIT ( ) SI_UNIT ( $, .RADIAN. ) );
#3128 = LINE ( 'NONE', #55, #5253 ) ;
#3129 = DIRECTION ( 'NONE',  ( -1.000000000000000000, -0.0000000000000000000, -0.0000000000000000000 ) ) ;
#3130 = VERTEX_POINT ( 'NONE', #4420 ) ;
#3131 = STYLED_ITEM ( 'NONE', ( #5557 ), #2233 ) ;
#3132 = PLANE ( 'NONE',  #5605 ) ;
#3133 = CIRCLE ( 'NONE', #3367, 0.2999999999999998779 ) ;
#3134 = PLANE ( 'NONE',  #773 ) ;
#3135 = DIRECTION ( 'NONE',  ( 0.0000000000000000000, 0.9975640502598247528, 0.06975647374411841906 ) ) ;
#3136 = ORIENTED_EDGE ( 'NONE', *, *, #5509, .F. ) ;
#3137 = COLOUR_RGB ( '',0.8784313725490195957, 0.8784313725490195957, 0.8784313725490195957 ) ;
#3138 = FILL_AREA_STYLE ('',( #1652 ) ) ;
#3139 = VECTOR ( 'NONE', #2725, 1000.000000000000227 ) ;
#3140 = ADVANCED_FACE ( 'NONE', ( #1532 ), #6123, .F. ) ;
#3141 = CARTESIAN_POINT ( 'NONE',  ( 0.4300000000000000488, -2.071275601236143071, 0.7386377856558155042 ) ) ;
#3142 = ORIENTED_EDGE ( 'NONE', *, *, #552, .F. ) ;
#3143 = LINE ( 'NONE', #620, #6322 ) ;
#3144 = DIRECTION ( 'NONE',  ( 1.000000000000000000, 4.789936701946122186E-17, 5.912634763253690904E-32 ) ) ;
#3145 = PRESENTATION_LAYER_ASSIGNMENT (  '', '', ( #398 ) ) ;
#3146 = DIRECTION ( 'NONE',  ( 0.0000000000000000000, 0.0000000000000000000, 1.000000000000000000 ) ) ;
#3147 = PLANE ( 'NONE',  #4951 ) ;
#3148 = VECTOR ( 'NONE', #6188, 1000.000000000000227 ) ;
#3149 = VECTOR ( 'NONE', #4810, 1000.000000000000000 ) ;
#3150 = EDGE_CURVE ( 'NONE', #3660, #3059, #3589, .T. ) ;
#3151 = ORIENTED_EDGE ( 'NONE', *, *, #4681, .F. ) ;
#3152 = EDGE_CURVE ( 'NONE', #3364, #6446, #3577, .T. ) ;
#3153 = SURFACE_STYLE_FILL_AREA ( #9 ) ;
#3154 = CARTESIAN_POINT ( 'NONE',  ( 2.109999999999999876, -2.071275601236143071, 0.7386377856558151711 ) ) ;
#3155 = LINE ( 'NONE', #1703, #3149 ) ;
#3156 = COLOUR_RGB ( '',0.8784313725490195957, 0.8784313725490195957, 0.8784313725490195957 ) ;
#3157 = ORIENTED_EDGE ( 'NONE', *, *, #2438, .T. ) ;
#3158 = ORIENTED_EDGE ( 'NONE', *, *, #2865, .F. ) ;
#3159 = EDGE_CURVE ( 'NONE', #2239, #5205, #6182, .T. ) ;
#3160 = COLOUR_RGB ( '',1.000000000000000000, 1.000000000000000000, 1.000000000000000000 ) ;
#3161 = PRESENTATION_STYLE_ASSIGNMENT (( #5727 ) ) ;
#3162 = DIRECTION ( 'NONE',  ( 0.0000000000000000000, 0.0000000000000000000, 1.000000000000000000 ) ) ;
#3163 = SURFACE_STYLE_FILL_AREA ( #5729 ) ;
#3164 = VERTEX_POINT ( 'NONE', #4120 ) ;
#3165 = VERTEX_POINT ( 'NONE', #5144 ) ;
#3166 = VECTOR ( 'NONE', #1275, 1000.000000000000000 ) ;
#3167 = DIRECTION ( 'NONE',  ( 0.0000000000000000000, -0.1364901473335454474, -0.9906414284093245648 ) ) ;
#3168 = EDGE_CURVE ( 'NONE', #2839, #3660, #6063, .T. ) ;
#3169 = FILL_AREA_STYLE ('',( #2779 ) ) ;
#3170 =( LENGTH_UNIT ( ) NAMED_UNIT ( * ) SI_UNIT ( .MILLI., .METRE. ) );
#3171 = LINE ( 'NONE', #4724, #4603 ) ;
#3172 = VERTEX_POINT ( 'NONE', #1603 ) ;
#3173 = CARTESIAN_POINT ( 'NONE',  ( 0.8400000000000001910, -3.000000000000000444, 0.0000000000000000000 ) ) ;
#3174 = LINE ( 'NONE', #643, #5816 ) ;
#3175 = CARTESIAN_POINT ( 'NONE',  ( 0.0000000000000000000, -1.012499999999999956, 0.1499999999999999944 ) ) ;
#3176 = DIRECTION ( 'NONE',  ( -0.1209742911513548430, 0.1209742911513548291, 0.9852565360152931717 ) ) ;
#3177 = UNCERTAINTY_MEASURE_WITH_UNIT (LENGTH_MEASURE( 1.000000000000000082E-05 ), #6460, 'distance_accuracy_value', 'NONE');
#3178 = EDGE_LOOP ( 'NONE', ( #4440, #4266, #3874, #1246 ) ) ;
#3179 = DIRECTION ( 'NONE',  ( 0.1209742911513563002, 0.1209742911513546071, -0.9852565360152929497 ) ) ;
#3180 = AXIS2_PLACEMENT_3D ( 'NONE', #4373, #1301, #222 ) ;
#3181 = AXIS2_PLACEMENT_3D ( 'NONE', #1560, #122, #558 ) ;
#3182 = UNCERTAINTY_MEASURE_WITH_UNIT (LENGTH_MEASURE( 1.000000000000000082E-05 ), #338, 'distance_accuracy_value', 'NONE');
#3183 = VERTEX_POINT ( 'NONE', #2063 ) ;
#3184 = SURFACE_STYLE_USAGE ( .BOTH. , #5213 ) ;
#3185 = DIRECTION ( 'NONE',  ( 0.0000000000000000000, 0.0000000000000000000, -1.000000000000000000 ) ) ;
#3186 = CARTESIAN_POINT ( 'NONE',  ( 2.268942131948885610, -1.350267638824381500, 1.655206458133339442 ) ) ;
#3187 = ADVANCED_FACE ( 'NONE', ( #1072 ), #5113, .T. ) ;
#3188 = ORIENTED_EDGE ( 'NONE', *, *, #518, .F. ) ;
#3189 = EDGE_CURVE ( 'NONE', #6256, #443, #4139, .T. ) ;
#3190 = ORIENTED_EDGE ( 'NONE', *, *, #2980, .T. ) ;
#3191 =( NAMED_UNIT ( * ) PLANE_ANGLE_UNIT ( ) SI_UNIT ( $, .RADIAN. ) );
#3192 = COLOUR_RGB ( '',0.8784313725490195957, 0.8784313725490195957, 0.8784313725490195957 ) ;
#3193 =( GEOMETRIC_REPRESENTATION_CONTEXT ( 3 ) GLOBAL_UNCERTAINTY_ASSIGNED_CONTEXT ( ( #5270 ) ) GLOBAL_UNIT_ASSIGNED_CONTEXT ( ( #3758, #3301, #5356 ) ) REPRESENTATION_CONTEXT ( 'NONE', 'WORKASPACE' ) );
#3194 = CARTESIAN_POINT ( 'NONE',  ( -1.699999999999999956, -3.000000000000000444, 0.0000000000000000000 ) ) ;
#3195 = EDGE_CURVE ( 'NONE', #2070, #3685, #3155, .T. ) ;
#3196 =( LENGTH_UNIT ( ) NAMED_UNIT ( * ) SI_UNIT ( .MILLI., .METRE. ) );
#3197 = SURFACE_SIDE_STYLE ('',( #4785 ) ) ;
#3198 = VERTEX_POINT ( 'NONE', #1732 ) ;
#3199 = CIRCLE ( 'NONE', #5676, 0.3000000000000001554 ) ;
#3200 = VERTEX_POINT ( 'NONE', #1139 ) ;
#3201 = STYLED_ITEM ( 'NONE', ( #4160 ), #428 ) ;
#3202 = PRESENTATION_LAYER_ASSIGNMENT (  '', '', ( #447 ) ) ;
#3203 = LINE ( 'NONE', #2240, #3554 ) ;
#3204 = SURFACE_STYLE_FILL_AREA ( #740 ) ;
#3205 = DIRECTION ( 'NONE',  ( -1.000000000000000000, 0.0000000000000000000, 0.0000000000000000000 ) ) ;
#3206 = PRESENTATION_STYLE_ASSIGNMENT (( #1291 ) ) ;
#3207 = VECTOR ( 'NONE', #5632, 1000.000000000000227 ) ;
#3208 = EDGE_CURVE ( 'NONE', #6238, #3779, #6345, .T. ) ;
#3209 = DIRECTION ( 'NONE',  ( 1.000000000000000000, 0.0000000000000000000, 0.0000000000000000000 ) ) ;
#3210 = VECTOR ( 'NONE', #3990, 1000.000000000000000 ) ;
#3211 =( GEOMETRIC_REPRESENTATION_CONTEXT ( 3 ) GLOBAL_UNCERTAINTY_ASSIGNED_CONTEXT ( ( #3383 ) ) GLOBAL_UNIT_ASSIGNED_CONTEXT ( ( #4354, #1834, #6572 ) ) REPRESENTATION_CONTEXT ( 'NONE', 'WORKASPACE' ) );
#3212 = CIRCLE ( 'NONE', #1879, 0.2999999999999998779 ) ;
#3213 = SURFACE_STYLE_USAGE ( .BOTH. , #1790 ) ;
#3214 = CIRCLE ( 'NONE', #6325, 0.2999999999999998779 ) ;
#3215 = VERTEX_POINT ( 'NONE', #2288 ) ;
#3216 = CARTESIAN_POINT ( 'NONE',  ( -1.699999999999999956, 1.972211458395208616, 1.024988770922461212 ) ) ;
#3217 = SURFACE_SIDE_STYLE ('',( #3827 ) ) ;
#3218 = CARTESIAN_POINT ( 'NONE',  ( -1.699999999999999956, 1.972211458395209949, 0.7249887709224612786 ) ) ;
#3219 = SURFACE_SIDE_STYLE ('',( #1757 ) ) ;
#3220 = FILL_AREA_STYLE_COLOUR ( '', #2222 ) ;
#3221 = VECTOR ( 'NONE', #4060, 1000.000000000000227 ) ;
#3222 = COLOUR_RGB ( '',0.8784313725490195957, 0.8784313725490195957, 0.8784313725490195957 ) ;
#3223 = CARTESIAN_POINT ( 'NONE',  ( 0.4300000000000000488, 3.013951294748823617, 0.1995128100519649172 ) ) ;
#3224 = DIRECTION ( 'NONE',  ( 0.0000000000000000000, 0.0000000000000000000, 1.000000000000000000 ) ) ;
#3225 =( GEOMETRIC_REPRESENTATION_CONTEXT ( 3 ) GLOBAL_UNCERTAINTY_ASSIGNED_CONTEXT ( ( #2671 ) ) GLOBAL_UNIT_ASSIGNED_CONTEXT ( ( #1, #217, #1264 ) ) REPRESENTATION_CONTEXT ( 'NONE', 'WORKASPACE' ) );
#3226 = ORIENTED_EDGE ( 'NONE', *, *, #3102, .F. ) ;
#3227 = CARTESIAN_POINT ( 'NONE',  ( -0.4300000000000000488, 2.428942239050485785, 0.3406648180831462480 ) ) ;
#3228 = ORIENTED_EDGE ( 'NONE', *, *, #6305, .F. ) ;
#3229 = COLOUR_RGB ( '',0.8784313725490195957, 0.8784313725490195957, 0.8784313725490195957 ) ;
#3230 = LINE ( 'NONE', #5290, #608 ) ;
#3231 = EDGE_CURVE ( 'NONE', #1323, #2046, #4745, .T. ) ;
#3232 = EDGE_CURVE ( 'NONE', #6238, #5102, #1173, .T. ) ;
#3233 = DIRECTION ( 'NONE',  ( 0.0000000000000000000, 1.000000000000000000, -0.0000000000000000000 ) ) ;
#3234 = DIRECTION ( 'NONE',  ( -1.000000000000000000, 0.0000000000000000000, 0.0000000000000000000 ) ) ;
#3235 =( LENGTH_UNIT ( ) NAMED_UNIT ( * ) SI_UNIT ( .MILLI., .METRE. ) );
#3236 = CARTESIAN_POINT ( 'NONE',  ( -2.219263736772203011, 1.757263736772203044, 0.1999999999999999833 ) ) ;
#3237 =( LENGTH_UNIT ( ) NAMED_UNIT ( * ) SI_UNIT ( .MILLI., .METRE. ) );
#3238 = AXIS2_PLACEMENT_3D ( 'NONE', #3479, #1374, #5910 ) ;
#3239 = UNCERTAINTY_MEASURE_WITH_UNIT (LENGTH_MEASURE( 1.000000000000000082E-05 ), #280, 'distance_accuracy_value', 'NONE');
#3240 = ORIENTED_EDGE ( 'NONE', *, *, #5502, .F. ) ;
#3241 = DIRECTION ( 'NONE',  ( 1.000000000000000000, 0.0000000000000000000, 0.0000000000000000000 ) ) ;
#3242 = CARTESIAN_POINT ( 'NONE',  ( -2.219263736772201678, -1.354819527753587272, 1.700000000000000400 ) ) ;
#3243 = CARTESIAN_POINT ( 'NONE',  ( 2.109999999999999876, -2.428942239050485785, 0.3406648180831462480 ) ) ;
#3244 = FILL_AREA_STYLE_COLOUR ( '', #4337 ) ;
#3245 = STYLED_ITEM ( 'NONE', ( #2704 ), #3503 ) ;
#3246 = AXIS2_PLACEMENT_3D ( 'NONE', #4992, #2337, #422 ) ;
#3247 = CARTESIAN_POINT ( 'NONE',  ( 0.4299999999999998823, -1.884379578609461259, 1.024988770922461434 ) ) ;
#3248 = VECTOR ( 'NONE', #4862, 1000.000000000000227 ) ;
#3249 = VECTOR ( 'NONE', #4616, 1000.000000000000000 ) ;
#3250 = UNCERTAINTY_MEASURE_WITH_UNIT (LENGTH_MEASURE( 1.000000000000000082E-05 ), #2271, 'distance_accuracy_value', 'NONE');
#3251 = VERTEX_POINT ( 'NONE', #3285 ) ;
#3252 = FACE_OUTER_BOUND ( 'NONE', #2758, .T. ) ;
#3253 = PRESENTATION_STYLE_ASSIGNMENT (( #6344 ) ) ;
#3254 = DIRECTION ( 'NONE',  ( 0.0000000000000000000, -0.9925461516413219831, 0.1218693434051477259 ) ) ;
#3255 = ORIENTED_EDGE ( 'NONE', *, *, #3616, .T. ) ;
#3256 = ORIENTED_EDGE ( 'NONE', *, *, #4312, .T. ) ;
#3257 = MECHANICAL_DESIGN_GEOMETRIC_PRESENTATION_REPRESENTATION (  '', ( #3363 ), #2744 ) ;
#3258 = AXIS2_PLACEMENT_3D ( 'NONE', #4041, #3079, #6055 ) ;
#3259 = LINE ( 'NONE', #4352, #2784 ) ;
#3260 = VECTOR ( 'NONE', #5720, 1000.000000000000000 ) ;
#3261 =( NAMED_UNIT ( * ) SI_UNIT ( $, .STERADIAN. ) SOLID_ANGLE_UNIT ( ) );
#3262 = ORIENTED_EDGE ( 'NONE', *, *, #2048, .T. ) ;
#3263 = ORIENTED_EDGE ( 'NONE', *, *, #5337, .F. ) ;
#3264 =( LENGTH_UNIT ( ) NAMED_UNIT ( * ) SI_UNIT ( .MILLI., .METRE. ) );
#3265 = DIRECTION ( 'NONE',  ( 0.0000000000000000000, 0.0000000000000000000, 1.000000000000000000 ) ) ;
#3266 = LINE ( 'NONE', #4758, #1696 ) ;
#3267 = PRESENTATION_LAYER_ASSIGNMENT (  '', '', ( #306 ) ) ;
#3268 =( NAMED_UNIT ( * ) PLANE_ANGLE_UNIT ( ) SI_UNIT ( $, .RADIAN. ) );
#3269 = ORIENTED_EDGE ( 'NONE', *, *, #4261, .T. ) ;
#3270 = EDGE_CURVE ( 'NONE', #2297, #4212, #3133, .T. ) ;
#3271 = EDGE_CURVE ( 'NONE', #1180, #1059, #6585, .T. ) ;
#3272 = CARTESIAN_POINT ( 'NONE',  ( -2.268623383440116381, -1.806240296903990350, 1.516976977261936810 ) ) ;
#3273 = EDGE_CURVE ( 'NONE', #4706, #3198, #589, .T. ) ;
#3274 = PLANE ( 'NONE',  #4088 ) ;
#3275 = CARTESIAN_POINT ( 'NONE',  ( 1.700000000000000178, 2.428942239050485785, 0.3406648180831462480 ) ) ;
#3276 = EDGE_LOOP ( 'NONE', ( #6452, #86, #4038, #6269 ) ) ;
#3277 = CARTESIAN_POINT ( 'NONE',  ( -1.699999999999999956, -2.408015296927252358, 0.04139560300519878888 ) ) ;
#3278 = LINE ( 'NONE', #5400, #5663 ) ;
#3279 = CARTESIAN_POINT ( 'NONE',  ( -2.265916554534189498, -1.352408211391040282, 1.682208808131909539 ) ) ;
#3280 = CARTESIAN_POINT ( 'NONE',  ( -2.268891044354268693, -1.348042813803152162, 1.656093467170258293 ) ) ;
#3281 = ORIENTED_EDGE ( 'NONE', *, *, #2408, .F. ) ;
#3282 = DIRECTION ( 'NONE',  ( 0.0000000000000000000, 0.9906414284093247868, -0.1364901473335445592 ) ) ;
#3283 =( LENGTH_UNIT ( ) NAMED_UNIT ( * ) SI_UNIT ( .MILLI., .METRE. ) );
#3284 = CIRCLE ( 'NONE', #3180, 0.2999999999999998779 ) ;
#3285 = CARTESIAN_POINT ( 'NONE',  ( -2.109999999999999876, 1.884379578609461037, 0.8249943854612306060 ) ) ;
#3286 = EDGE_LOOP ( 'NONE', ( #3512, #1283, #6361, #23 ) ) ;
#3287 = EDGE_CURVE ( 'NONE', #1791, #816, #5856, .T. ) ;
#3288 = ORIENTED_EDGE ( 'NONE', *, *, #3108, .T. ) ;
#3289 = FACE_OUTER_BOUND ( 'NONE', #2632, .T. ) ;
#3290 = COLOUR_RGB ( '',0.8784313725490195957, 0.8784313725490195957, 0.8784313725490195957 ) ;
#3291 = CARTESIAN_POINT ( 'NONE',  ( 0.8400000000000001910, 1.972211458395209949, 0.7249887709224612786 ) ) ;
#3292 = ORIENTED_EDGE ( 'NONE', *, *, #5336, .T. ) ;
#3293 = ORIENTED_EDGE ( 'NONE', *, *, #5256, .F. ) ;
#3294 = COLOUR_RGB ( '',0.8784313725490195957, 0.8784313725490195957, 0.8784313725490195957 ) ;
#3295 =( GEOMETRIC_REPRESENTATION_CONTEXT ( 3 ) GLOBAL_UNCERTAINTY_ASSIGNED_CONTEXT ( ( #1194 ) ) GLOBAL_UNIT_ASSIGNED_CONTEXT ( ( #3855, #5430, #3559 ) ) REPRESENTATION_CONTEXT ( 'NONE', 'WORKASPACE' ) );
#3296 = DIRECTION ( 'NONE',  ( 0.0000000000000000000, 0.0000000000000000000, -1.000000000000000000 ) ) ;
#3297 = FACE_OUTER_BOUND ( 'NONE', #1122, .T. ) ;
#3298 =( GEOMETRIC_REPRESENTATION_CONTEXT ( 3 ) GLOBAL_UNCERTAINTY_ASSIGNED_CONTEXT ( ( #995 ) ) GLOBAL_UNIT_ASSIGNED_CONTEXT ( ( #2080, #3104, #4662 ) ) REPRESENTATION_CONTEXT ( 'NONE', 'WORKASPACE' ) );
#3299 =( NAMED_UNIT ( * ) PLANE_ANGLE_UNIT ( ) SI_UNIT ( $, .RADIAN. ) );
#3300 = LINE ( 'NONE', #2691, #3139 ) ;
#3301 =( NAMED_UNIT ( * ) PLANE_ANGLE_UNIT ( ) SI_UNIT ( $, .RADIAN. ) );
#3302 = EDGE_LOOP ( 'NONE', ( #2928, #571, #3055, #1499 ) ) ;
#3303 = CARTESIAN_POINT ( 'NONE',  ( 0.4300000000000000488, -1.972211458395209949, 0.8249887709224613674 ) ) ;
#3304 = AXIS2_PLACEMENT_3D ( 'NONE', #3291, #1250, #6382 ) ;
#3305 = CARTESIAN_POINT ( 'NONE',  ( -0.8400000000000001910, -3.013951294748823617, 0.1995128100519649172 ) ) ;
#3306 = CARTESIAN_POINT ( 'NONE',  ( 0.4300000000000000488, 2.269403886918007984, 0.7659358151225240663 ) ) ;
#3307 = MECHANICAL_DESIGN_GEOMETRIC_PRESENTATION_REPRESENTATION (  '', ( #4287 ), #6419 ) ;
#3308 = CARTESIAN_POINT ( 'NONE',  ( -0.8400000000000001910, 3.013951294748823617, 0.1995128100519649172 ) ) ;
#3309 = ADVANCED_FACE ( 'NONE', ( #5343 ), #1285, .T. ) ;
#3310 = ORIENTED_EDGE ( 'NONE', *, *, #3102, .T. ) ;
#3311 = CARTESIAN_POINT ( 'NONE',  ( -0.4300000000000000488, -2.421966591676075975, 0.2409084130571637894 ) ) ;
#3312 = DIRECTION ( 'NONE',  ( -1.000000000000000000, -0.0000000000000000000, -0.0000000000000000000 ) ) ;
#3313 = VECTOR ( 'NONE', #1367, 1000.000000000000000 ) ;
#3314 = ADVANCED_FACE ( 'NONE', ( #1244 ), #663, .T. ) ;
#3315 = UNCERTAINTY_MEASURE_WITH_UNIT (LENGTH_MEASURE( 1.000000000000000082E-05 ), #412, 'distance_accuracy_value', 'NONE');
#3316 = ORIENTED_EDGE ( 'NONE', *, *, #2437, .T. ) ;
#3317 =( LENGTH_UNIT ( ) NAMED_UNIT ( * ) SI_UNIT ( .MILLI., .METRE. ) );
#3318 = LINE ( 'NONE', #5375, #6302 ) ;
#3319 = AXIS2_PLACEMENT_3D ( 'NONE', #459, #4538, #3888 ) ;
#3320 = DIRECTION ( 'NONE',  ( 0.0000000000000000000, -0.06975647374411883539, -0.9975640502598246417 ) ) ;
#3321 = CARTESIAN_POINT ( 'NONE',  ( 0.4300000000000000488, 1.884378889230783338, 0.3406648180831462480 ) ) ;
#3322 = VERTEX_POINT ( 'NONE', #4179 ) ;
#3323 = EDGE_LOOP ( 'NONE', ( #5867, #5286, #1779, #6475 ) ) ;
#3324 = CARTESIAN_POINT ( 'NONE',  ( 2.265916554534189498, 1.774475332177461340, 0.1677911918680912995 ) ) ;
#3325 = CARTESIAN_POINT ( 'NONE',  ( -0.4300000000000000488, 2.421966591676075975, 0.2409084130571637061 ) ) ;
#3326 = MECHANICAL_DESIGN_GEOMETRIC_PRESENTATION_REPRESENTATION (  '', ( #3331 ), #3225 ) ;
#3327 =( NAMED_UNIT ( * ) PLANE_ANGLE_UNIT ( ) SI_UNIT ( $, .RADIAN. ) );
#3328 = EDGE_CURVE ( 'NONE', #5830, #4797, #6216, .T. ) ;
#3329 = FILL_AREA_STYLE ('',( #308 ) ) ;
#3330 = ORIENTED_EDGE ( 'NONE', *, *, #4839, .F. ) ;
#3331 = STYLED_ITEM ( 'NONE', ( #498 ), #1340 ) ;
#3332 = ORIENTED_EDGE ( 'NONE', *, *, #3627, .T. ) ;
#3333 = CARTESIAN_POINT ( 'NONE',  ( 1.437500000000000222, 1.012499999999999956, 0.1499999999999999944 ) ) ;
#3334 = CARTESIAN_POINT ( 'NONE',  ( -2.219263736772203011, 1.757263736772203044, 0.1499999999999999944 ) ) ;
#3335 = CARTESIAN_POINT ( 'NONE',  ( 2.346379578609460559, -1.884379578609461259, 1.025000000000000133 ) ) ;
#3336 = CARTESIAN_POINT ( 'NONE',  ( 2.346378889230783304, 1.834565235439751252, 1.025005614538768706 ) ) ;
#3337 = SURFACE_STYLE_FILL_AREA ( #1333 ) ;
#3338 = CARTESIAN_POINT ( 'NONE',  ( 2.268891044354269138, 1.757263736772203044, 0.1939065328297425450 ) ) ;
#3339 = PLANE ( 'NONE',  #482 ) ;
#3340 = LINE ( 'NONE', #3952, #2795 ) ;
#3341 = FILL_AREA_STYLE_COLOUR ( '', #5363 ) ;
#3342 = ORIENTED_EDGE ( 'NONE', *, *, #1051, .F. ) ;
#3343 = LINE ( 'NONE', #3216, #6214 ) ;
#3344 = CARTESIAN_POINT ( 'NONE',  ( 0.0000000000000000000, 0.0000000000000000000, 0.1399999999999999856 ) ) ;
#3345 = CARTESIAN_POINT ( 'NONE',  ( -2.265916554534189054, -1.348042813803151274, 1.682208808131908873 ) ) ;
#3346 = PRESENTATION_STYLE_ASSIGNMENT (( #3958 ) ) ;
#3347 = VECTOR ( 'NONE', #1247, 1000.000000000000000 ) ;
#3348 = PRESENTATION_STYLE_ASSIGNMENT (( #5434 ) ) ;
#3349 = ORIENTED_EDGE ( 'NONE', *, *, #3081, .F. ) ;
#3350 = VECTOR ( 'NONE', #189, 1000.000000000000000 ) ;
#3351 = LINE ( 'NONE', #1765, #3916 ) ;
#3352 = ORIENTED_EDGE ( 'NONE', *, *, #4196, .T. ) ;
#3353 = ORIENTED_EDGE ( 'NONE', *, *, #840, .F. ) ;
#3354 = DIRECTION ( 'NONE',  ( 0.0000000000000000000, 0.9906414284093247868, -0.1364901473335445592 ) ) ;
#3355 = ADVANCED_FACE ( 'NONE', ( #4705 ), #135, .T. ) ;
#3356 = EDGE_CURVE ( 'NONE', #4925, #2326, #302, .T. ) ;
#3357 = DIRECTION ( 'NONE',  ( 0.0000000000000000000, -1.000000000000000000, -1.234386826208250825E-15 ) ) ;
#3358 = AXIS2_PLACEMENT_3D ( 'NONE', #3093, #3551, #6070 ) ;
#3359 = COLOUR_RGB ( '',0.8784313725490195957, 0.8784313725490195957, 0.8784313725490195957 ) ;
#3360 = EDGE_CURVE ( 'NONE', #5831, #2775, #2640, .T. ) ;
#3361 = DIRECTION ( 'NONE',  ( 1.000000000000000000, 0.0000000000000000000, 0.0000000000000000000 ) ) ;
#3362 = CARTESIAN_POINT ( 'NONE',  ( -2.263500000000000512, -1.884379578609461037, 0.8250000000000000666 ) ) ;
#3363 = STYLED_ITEM ( 'NONE', ( #3504 ), #4115 ) ;
#3364 = VERTEX_POINT ( 'NONE', #2831 ) ;
#3365 = ADVANCED_FACE ( 'NONE', ( #3934 ), #4413, .F. ) ;
#3366 = VECTOR ( 'NONE', #3320, 1000.000000000000227 ) ;
#3367 = AXIS2_PLACEMENT_3D ( 'NONE', #5785, #1207, #106 ) ;
#3368 = FACE_OUTER_BOUND ( 'NONE', #5026, .T. ) ;
#3369 = FILL_AREA_STYLE ('',( #4887 ) ) ;
#3370 = SURFACE_SIDE_STYLE ('',( #384 ) ) ;
#3371 = CARTESIAN_POINT ( 'NONE',  ( -2.219263736772202567, -1.806942131948886532, 0.1943381052050295599 ) ) ;
#3372 = DIRECTION ( 'NONE',  ( 0.0000000000000000000, -1.234386826208250825E-15, 1.000000000000000000 ) ) ;
#3373 = ORIENTED_EDGE ( 'NONE', *, *, #1736, .T. ) ;
#3374 = AXIS2_PLACEMENT_3D ( 'NONE', #2126, #4744, #3185 ) ;
#3375 = EDGE_CURVE ( 'NONE', #1170, #3059, #1419, .T. ) ;
#3376 = DIRECTION ( 'NONE',  ( 0.0000000000000000000, 0.0000000000000000000, 1.000000000000000000 ) ) ;
#3377 = PRESENTATION_LAYER_ASSIGNMENT (  '', '', ( #2555 ) ) ;
#3378 = DIRECTION ( 'NONE',  ( 1.000000000000000000, -0.0000000000000000000, 0.0000000000000000000 ) ) ;
#3379 = EDGE_LOOP ( 'NONE', ( #3768, #1314, #4144, #5145 ) ) ;
#3380 = DIRECTION ( 'NONE',  ( -0.9925461516413219831, -1.194694081489478990E-16, -0.1218693434051477259 ) ) ;
#3381 = VECTOR ( 'NONE', #3494, 1000.000000000000227 ) ;
#3382 = DIRECTION ( 'NONE',  ( 1.000000000000000000, 0.0000000000000000000, 0.0000000000000000000 ) ) ;
#3383 = UNCERTAINTY_MEASURE_WITH_UNIT (LENGTH_MEASURE( 1.000000000000000082E-05 ), #4354, 'distance_accuracy_value', 'NONE');
#3384 = ORIENTED_EDGE ( 'NONE', *, *, #5875, .T. ) ;
#3385 =( LENGTH_UNIT ( ) NAMED_UNIT ( * ) SI_UNIT ( .MILLI., .METRE. ) );
#3386 = CARTESIAN_POINT ( 'NONE',  ( -2.241764626010010364, -1.779764626010009732, 1.466744963109816169 ) ) ;
#3387 = SURFACE_STYLE_USAGE ( .BOTH. , #1384 ) ;
#3388 = ORIENTED_EDGE ( 'NONE', *, *, #1336, .F. ) ;
#3389 = EDGE_LOOP ( 'NONE', ( #4708, #761, #4854, #2234 ) ) ;
#3390 = PLANE ( 'NONE',  #3886 ) ;
#3391 = SURFACE_STYLE_FILL_AREA ( #6026 ) ;
#3392 = DIRECTION ( 'NONE',  ( 0.0000000000000000000, -0.9975640502598247528, 0.06975647374411841906 ) ) ;
#3393 = ORIENTED_EDGE ( 'NONE', *, *, #517, .T. ) ;
#3394 = EDGE_CURVE ( 'NONE', #1706, #1611, #4871, .T. ) ;
#3395 = STYLED_ITEM ( 'NONE', ( #1268 ), #4804 ) ;
#3396 = EDGE_CURVE ( 'NONE', #4510, #4941, #790, .T. ) ;
#3397 = FACE_OUTER_BOUND ( 'NONE', #5628, .T. ) ;
#3398 = FACE_OUTER_BOUND ( 'NONE', #908, .T. ) ;
#3399 = ADVANCED_FACE ( 'NONE', ( #1456 ), #2349, .T. ) ;
#3400 = VECTOR ( 'NONE', #3418, 1000.000000000000000 ) ;
#3401 = DIRECTION ( 'NONE',  ( -1.000000000000000000, -0.0000000000000000000, -0.0000000000000000000 ) ) ;
#3402 = DIRECTION ( 'NONE',  ( 1.000000000000000000, 0.0000000000000000000, 0.0000000000000000000 ) ) ;
#3403 = CARTESIAN_POINT ( 'NONE',  ( -2.268942131948885610, -1.762889213713670244, 0.1993588589466136485 ) ) ;
#3404 = FACE_OUTER_BOUND ( 'NONE', #4321, .T. ) ;
#3405 = ORIENTED_EDGE ( 'NONE', *, *, #6513, .T. ) ;
#3406 = CARTESIAN_POINT ( 'NONE',  ( 2.109999999999999876, 2.421966591676075087, 0.2409084130571637894 ) ) ;
#3407 = PRESENTATION_LAYER_ASSIGNMENT (  '', '', ( #6301 ) ) ;
#3408 = CARTESIAN_POINT ( 'NONE',  ( 2.288833094653678568, -1.789322025824162887, 1.494828958099679417 ) ) ;
#3409 = VECTOR ( 'NONE', #5815, 1000.000000000000000 ) ;
#3410 =( NAMED_UNIT ( * ) PLANE_ANGLE_UNIT ( ) SI_UNIT ( $, .RADIAN. ) );
#3411 = SURFACE_STYLE_FILL_AREA ( #1978 ) ;
#3412 = ORIENTED_EDGE ( 'NONE', *, *, #914, .T. ) ;
#3413 = LINE ( 'NONE', #4031, #3905 ) ;
#3414 = MECHANICAL_DESIGN_GEOMETRIC_PRESENTATION_REPRESENTATION (  '', ( #4389 ), #4175 ) ;
#3415 = CARTESIAN_POINT ( 'NONE',  ( -2.346379578609460559, 1.884379578609461259, 1.024988770922461212 ) ) ;
#3416 = AXIS2_PLACEMENT_3D ( 'NONE', #178, #5836, #1781 ) ;
#3417 = CARTESIAN_POINT ( 'NONE',  ( 0.4300000000000000488, -2.329878096209553551, 0.3270158033497920780 ) ) ;
#3418 = DIRECTION ( 'NONE',  ( -0.0000000000000000000, -1.000000000000000000, 1.234386826208250825E-15 ) ) ;
#3419 = CIRCLE ( 'NONE', #4078, 0.3000000000000001554 ) ;
#3420 = ORIENTED_EDGE ( 'NONE', *, *, #5932, .T. ) ;
#3421 = LINE ( 'NONE', #5479, #3821 ) ;
#3422 =( LENGTH_UNIT ( ) NAMED_UNIT ( * ) SI_UNIT ( .MILLI., .METRE. ) );
#3423 = CARTESIAN_POINT ( 'NONE',  ( 0.8400000000000000799, 1.884379578609461259, 1.025000000000000133 ) ) ;
#3424 = ORIENTED_EDGE ( 'NONE', *, *, #3375, .F. ) ;
#3425 = LINE ( 'NONE', #5960, #1795 ) ;
#3426 = STYLED_ITEM ( 'NONE', ( #6162 ), #6155 ) ;
#3427 = CIRCLE ( 'NONE', #1438, 0.2999999999999998779 ) ;
#3428 = VECTOR ( 'NONE', #94, 1000.000000000000227 ) ;
#3429 = VECTOR ( 'NONE', #4567, 1000.000000000000000 ) ;
#3430 = LINE ( 'NONE', #5487, #5203 ) ;
#3431 = LINE ( 'NONE', #6416, #4134 ) ;
#3432 = PLANE ( 'NONE',  #5781 ) ;
#3433 = ORIENTED_EDGE ( 'NONE', *, *, #6014, .F. ) ;
#3434 = ORIENTED_EDGE ( 'NONE', *, *, #3150, .T. ) ;
#3435 = FILL_AREA_STYLE_COLOUR ( '', #905 ) ;
#3436 =( GEOMETRIC_REPRESENTATION_CONTEXT ( 3 ) GLOBAL_UNCERTAINTY_ASSIGNED_CONTEXT ( ( #3863 ) ) GLOBAL_UNIT_ASSIGNED_CONTEXT ( ( #954, #3485, #923 ) ) REPRESENTATION_CONTEXT ( 'NONE', 'WORKASPACE' ) );
#3437 = CARTESIAN_POINT ( 'NONE',  ( 2.288605220630223869, -1.811610787493963315, 1.470374500966352915 ) ) ;
#3438 = LINE ( 'NONE', #1371, #5623 ) ;
#3439 =( LENGTH_UNIT ( ) NAMED_UNIT ( * ) SI_UNIT ( .MILLI., .METRE. ) );
#3440 = VERTEX_POINT ( 'NONE', #5003 ) ;
#3441 = ADVANCED_FACE ( 'NONE', ( #5619 ), #1596, .T. ) ;
#3442 = PRESENTATION_LAYER_ASSIGNMENT (  '', '', ( #3014 ) ) ;
#3443 =( LENGTH_UNIT ( ) NAMED_UNIT ( * ) SI_UNIT ( .MILLI., .METRE. ) );
#3444 = EDGE_CURVE ( 'NONE', #4329, #1797, #5587, .T. ) ;
#3445 = DIRECTION ( 'NONE',  ( 0.0000000000000000000, -1.000000000000000000, -1.234386826208250825E-15 ) ) ;
#3446 = CARTESIAN_POINT ( 'NONE',  ( 0.8400000000000001910, -2.269403886918007540, 0.7659358151225242883 ) ) ;
#3447 = EDGE_LOOP ( 'NONE', ( #5417, #5365, #2196, #5438 ) ) ;
#3448 =( LENGTH_UNIT ( ) NAMED_UNIT ( * ) SI_UNIT ( .MILLI., .METRE. ) );
#3449 = EDGE_CURVE ( 'NONE', #2159, #3543, #1066, .T. ) ;
#3450 = DIRECTION ( 'NONE',  ( 0.0000000000000000000, -1.234386826208250825E-15, -1.000000000000000000 ) ) ;
#3451 = ORIENTED_EDGE ( 'NONE', *, *, #1474, .F. ) ;
#3452 = CARTESIAN_POINT ( 'NONE',  ( 0.8400000000000001910, -3.000000000000000000, 0.0000000000000000000 ) ) ;
#3453 =( LENGTH_UNIT ( ) NAMED_UNIT ( * ) SI_UNIT ( .MILLI., .METRE. ) );
#3454 = FILL_AREA_STYLE ('',( #4477 ) ) ;
#3455 = AXIS2_PLACEMENT_3D ( 'NONE', #2895, #2863, #6025 ) ;
#3456 = EDGE_LOOP ( 'NONE', ( #4625, #3498, #294, #165 ) ) ;
#3457 = FACE_OUTER_BOUND ( 'NONE', #107, .T. ) ;
#3458 = PLANE ( 'NONE',  #2615 ) ;
#3459 =( GEOMETRIC_REPRESENTATION_CONTEXT ( 3 ) GLOBAL_UNCERTAINTY_ASSIGNED_CONTEXT ( ( #3117 ) ) GLOBAL_UNIT_ASSIGNED_CONTEXT ( ( #1486, #3860, #2409 ) ) REPRESENTATION_CONTEXT ( 'NONE', 'WORKASPACE' ) );
#3460 = PLANE ( 'NONE',  #2774 ) ;
#3461 = CARTESIAN_POINT ( 'NONE',  ( -1.699999999999999956, 2.269403886918007984, 0.7659358151225240663 ) ) ;
#3462 = LINE ( 'NONE', #797, #2544 ) ;
#3463 = VERTEX_POINT ( 'NONE', #4001 ) ;
#3464 = VERTEX_POINT ( 'NONE', #2607 ) ;
#3465 = STYLED_ITEM ( 'NONE', ( #4201 ), #3537 ) ;
#3466 = VECTOR ( 'NONE', #614, 1000.000000000000000 ) ;
#3467 = FILL_AREA_STYLE_COLOUR ( '', #667 ) ;
#3468 = APPLICATION_PROTOCOL_DEFINITION ( 'draft international standard', 'automotive_design', 1998, #128 ) ;
#3469 = LINE ( 'NONE', #6590, #3644 ) ;
#3470 =( GEOMETRIC_REPRESENTATION_CONTEXT ( 3 ) GLOBAL_UNCERTAINTY_ASSIGNED_CONTEXT ( ( #597 ) ) GLOBAL_UNIT_ASSIGNED_CONTEXT ( ( #5498, #5976, #4530 ) ) REPRESENTATION_CONTEXT ( 'NONE', 'WORKASPACE' ) );
#3471 = PLANE ( 'NONE',  #1745 ) ;
#3472 = FACE_OUTER_BOUND ( 'NONE', #3447, .T. ) ;
#3473 = PRESENTATION_STYLE_ASSIGNMENT (( #1469 ) ) ;
#3474 = CARTESIAN_POINT ( 'NONE',  ( -2.245982507821994822, -1.757263736772203044, 0.1499999999999995226 ) ) ;
#3475 = EDGE_CURVE ( 'NONE', #6529, #5477, #3021, .T. ) ;
#3476 = VERTEX_POINT ( 'NONE', #2056 ) ;
#3477 = EDGE_CURVE ( 'NONE', #4546, #3165, #3497, .T. ) ;
#3478 = COLOUR_RGB ( '',0.8784313725490195957, 0.8784313725490195957, 0.8784313725490195957 ) ;
#3479 = CARTESIAN_POINT ( 'NONE',  ( 0.4300000000000000488, 2.428942239050485785, 0.3406648180831462480 ) ) ;
#3480 = PRESENTATION_LAYER_ASSIGNMENT (  '', '', ( #5529 ) ) ;
#3481 = DIRECTION ( 'NONE',  ( 0.0000000000000000000, 0.0000000000000000000, 1.000000000000000000 ) ) ;
#3482 = FACE_OUTER_BOUND ( 'NONE', #5167, .T. ) ;
#3483 = CARTESIAN_POINT ( 'NONE',  ( -2.263500000000000512, -1.884379578609461037, 0.8250000000000000666 ) ) ;
#3484 = VERTEX_POINT ( 'NONE', #5554 ) ;
#3485 =( NAMED_UNIT ( * ) PLANE_ANGLE_UNIT ( ) SI_UNIT ( $, .RADIAN. ) );
#3486 = LINE ( 'NONE', #5547, #1253 ) ;
#3487 = AXIS2_PLACEMENT_3D ( 'NONE', #5180, #4275, #1172 ) ;
#3488 = DIRECTION ( 'NONE',  ( -0.0000000000000000000, 0.0000000000000000000, -1.000000000000000000 ) ) ;
#3489 = EDGE_CURVE ( 'NONE', #5830, #2262, #2988, .T. ) ;
#3490 = DIRECTION ( 'NONE',  ( -1.000000000000000000, -0.0000000000000000000, -0.0000000000000000000 ) ) ;
#3491 =( NAMED_UNIT ( * ) SI_UNIT ( $, .STERADIAN. ) SOLID_ANGLE_UNIT ( ) );
#3492 = ORIENTED_EDGE ( 'NONE', *, *, #3594, .F. ) ;
#3493 =( NAMED_UNIT ( * ) SI_UNIT ( $, .STERADIAN. ) SOLID_ANGLE_UNIT ( ) );
#3494 = DIRECTION ( 'NONE',  ( 0.0000000000000000000, -0.06975647374411883539, 0.9975640502598246417 ) ) ;
#3495 = DIRECTION ( 'NONE',  ( -1.000000000000000000, -0.0000000000000000000, -0.0000000000000000000 ) ) ;
#3496 = EDGE_CURVE ( 'NONE', #1551, #3935, #4111, .T. ) ;
#3497 = LINE ( 'NONE', #4073, #4863 ) ;
#3498 = ORIENTED_EDGE ( 'NONE', *, *, #5055, .F. ) ;
#3499 = DIRECTION ( 'NONE',  ( -1.000000000000000000, -0.0000000000000000000, -0.0000000000000000000 ) ) ;
#3500 =( NAMED_UNIT ( * ) SI_UNIT ( $, .STERADIAN. ) SOLID_ANGLE_UNIT ( ) );
#3501 = SURFACE_STYLE_USAGE ( .BOTH. , #4481 ) ;
#3502 = ORIENTED_EDGE ( 'NONE', *, *, #76, .F. ) ;
#3503 = ADVANCED_FACE ( 'NONE', ( #5 ), #6117, .T. ) ;
#3504 = PRESENTATION_STYLE_ASSIGNMENT (( #970 ) ) ;
#3505 = FILL_AREA_STYLE_COLOUR ( '', #505 ) ;
#3506 = ORIENTED_EDGE ( 'NONE', *, *, #2280, .T. ) ;
#3507 = ORIENTED_EDGE ( 'NONE', *, *, #4716, .T. ) ;
#3508 = DIRECTION ( 'NONE',  ( 0.0000000000000000000, 0.9975640502598247528, 0.06975647374411841906 ) ) ;
#3509 = PRESENTATION_STYLE_ASSIGNMENT (( #6035 ) ) ;
#3510 = FILL_AREA_STYLE ('',( #2561 ) ) ;
#3511 = CARTESIAN_POINT ( 'NONE',  ( 2.219263736772202567, 1.783982507821995300, 1.700000000000000178 ) ) ;
#3512 = ORIENTED_EDGE ( 'NONE', *, *, #5666, .F. ) ;
#3513 = DIRECTION ( 'NONE',  ( -0.0000000000000000000, 0.0000000000000000000, -1.000000000000000000 ) ) ;
#3514 =( NAMED_UNIT ( * ) PLANE_ANGLE_UNIT ( ) SI_UNIT ( $, .RADIAN. ) );
#3515 = VECTOR ( 'NONE', #4106, 1000.000000000000114 ) ;
#3516 = FACE_OUTER_BOUND ( 'NONE', #1440, .T. ) ;
#3517 = CARTESIAN_POINT ( 'NONE',  ( -2.109999999999999876, -2.329878096209553551, 0.3270158033497920780 ) ) ;
#3518 = ORIENTED_EDGE ( 'NONE', *, *, #1336, .T. ) ;
#3519 = DIRECTION ( 'NONE',  ( 0.0000000000000000000, 0.9925461516413219831, -0.1218693434051474067 ) ) ;
#3520 = DIRECTION ( 'NONE',  ( 0.0000000000000000000, 0.0000000000000000000, 1.000000000000000000 ) ) ;
#3521 = ORIENTED_EDGE ( 'NONE', *, *, #5360, .F. ) ;
#3522 = AXIS2_PLACEMENT_3D ( 'NONE', #3728, #1193, #6434 ) ;
#3523 = ADVANCED_FACE ( 'NONE', ( #191 ), #1237, .T. ) ;
#3524 = ADVANCED_FACE ( 'NONE', ( #722 ), #6207, .F. ) ;
#3525 = CARTESIAN_POINT ( 'NONE',  ( 0.4300000000000000488, 1.972211458395209949, 0.7249887709224612786 ) ) ;
#3526 = CARTESIAN_POINT ( 'NONE',  ( 2.109999999999999876, -3.000000000000000444, 0.0000000000000000000 ) ) ;
#3527 = PRESENTATION_STYLE_ASSIGNMENT (( #525 ) ) ;
#3528 = UNCERTAINTY_MEASURE_WITH_UNIT (LENGTH_MEASURE( 1.000000000000000082E-05 ), #4304, 'distance_accuracy_value', 'NONE');
#3529 = VERTEX_POINT ( 'NONE', #1165 ) ;
#3530 = PLANE ( 'NONE',  #3545 ) ;
#3531 = DIRECTION ( 'NONE',  ( -0.0000000000000000000, -1.000000000000000000, 0.0000000000000000000 ) ) ;
#3532 = FACE_OUTER_BOUND ( 'NONE', #3587, .T. ) ;
#3533 = VECTOR ( 'NONE', #1811, 1000.000000000000000 ) ;
#3534 = ADVANCED_FACE ( 'NONE', ( #100 ), #2520, .T. ) ;
#3535 = PRESENTATION_LAYER_ASSIGNMENT (  '', '', ( #2273 ) ) ;
#3536 =( LENGTH_UNIT ( ) NAMED_UNIT ( * ) SI_UNIT ( .MILLI., .METRE. ) );
#3537 = ADVANCED_FACE ( 'NONE', ( #3540 ), #5041, .F. ) ;
#3538 = PRESENTATION_LAYER_ASSIGNMENT (  '', '', ( #1860 ) ) ;
#3539 = PRESENTATION_STYLE_ASSIGNMENT (( #3501 ) ) ;
#3540 = FACE_OUTER_BOUND ( 'NONE', #2804, .T. ) ;
#3541 = ORIENTED_EDGE ( 'NONE', *, *, #5788, .F. ) ;
#3542 =( GEOMETRIC_REPRESENTATION_CONTEXT ( 3 ) GLOBAL_UNCERTAINTY_ASSIGNED_CONTEXT ( ( #4265 ) ) GLOBAL_UNIT_ASSIGNED_CONTEXT ( ( #878, #844, #5975 ) ) REPRESENTATION_CONTEXT ( 'NONE', 'WORKASPACE' ) );
#3543 = VERTEX_POINT ( 'NONE', #4169 ) ;
#3544 = SURFACE_STYLE_FILL_AREA ( #5998 ) ;
#3545 = AXIS2_PLACEMENT_3D ( 'NONE', #6383, #5864, #2478 ) ;
#3546 = ADVANCED_FACE ( 'NONE', ( #5170 ), #206, .T. ) ;
#3547 = CARTESIAN_POINT ( 'NONE',  ( 0.8400000000000001910, -1.884378199852105862, 0.8249887709224611454 ) ) ;
#3548 = VECTOR ( 'NONE', #1191, 1000.000000000000227 ) ;
#3549 = VECTOR ( 'NONE', #3233, 1000.000000000000000 ) ;
#3550 =( LENGTH_UNIT ( ) NAMED_UNIT ( * ) SI_UNIT ( .MILLI., .METRE. ) );
#3551 = DIRECTION ( 'NONE',  ( 0.0000000000000000000, -1.234386826208250825E-15, -1.000000000000000000 ) ) ;
#3552 = DIRECTION ( 'NONE',  ( 0.0000000000000000000, 0.0000000000000000000, 1.000000000000000000 ) ) ;
#3553 = AXIS2_PLACEMENT_3D ( 'NONE', #6587, #6000, #4914 ) ;
#3554 = VECTOR ( 'NONE', #4257, 999.9999999999998863 ) ;
#3555 = ORIENTED_EDGE ( 'NONE', *, *, #1962, .T. ) ;
#3556 = CARTESIAN_POINT ( 'NONE',  ( -1.699999999999999956, 2.269403886918007984, 0.7659358151225240663 ) ) ;
#3557 = SURFACE_STYLE_USAGE ( .BOTH. , #1547 ) ;
#3558 = PLANE ( 'NONE',  #2886 ) ;
#3559 =( NAMED_UNIT ( * ) SI_UNIT ( $, .STERADIAN. ) SOLID_ANGLE_UNIT ( ) );
#3560 = EDGE_LOOP ( 'NONE', ( #4867, #6447, #6555, #962 ) ) ;
#3561 = DIRECTION ( 'NONE',  ( 0.0000000000000000000, 1.000000000000000000, -0.0000000000000000000 ) ) ;
#3562 = EDGE_LOOP ( 'NONE', ( #483, #4286, #6254, #1073 ) ) ;
#3563 = DIRECTION ( 'NONE',  ( -1.000000000000000000, 0.0000000000000000000, 0.0000000000000000000 ) ) ;
#3564 = STYLED_ITEM ( 'NONE', ( #2517 ), #1845 ) ;
#3565 = SURFACE_STYLE_FILL_AREA ( #1096 ) ;
#3566 = ORIENTED_EDGE ( 'NONE', *, *, #5335, .F. ) ;
#3567 = LINE ( 'NONE', #3700, #133 ) ;
#3568 = SURFACE_STYLE_FILL_AREA ( #4734 ) ;
#3569 = FILL_AREA_STYLE ('',( #5586 ) ) ;
#3570 =( LENGTH_UNIT ( ) NAMED_UNIT ( * ) SI_UNIT ( .MILLI., .METRE. ) );
#3571 =( NAMED_UNIT ( * ) SI_UNIT ( $, .STERADIAN. ) SOLID_ANGLE_UNIT ( ) );
#3572 = DIRECTION ( 'NONE',  ( 0.0000000000000000000, 0.0000000000000000000, 1.000000000000000000 ) ) ;
#3573 = AXIS2_PLACEMENT_3D ( 'NONE', #6349, #3354, #2769 ) ;
#3574 =( LENGTH_UNIT ( ) NAMED_UNIT ( * ) SI_UNIT ( .MILLI., .METRE. ) );
#3575 = MECHANICAL_DESIGN_GEOMETRIC_PRESENTATION_REPRESENTATION (  '', ( #3131 ), #4439 ) ;
#3576 = DIRECTION ( 'NONE',  ( 1.000000000000000000, -0.0000000000000000000, 0.0000000000000000000 ) ) ;
#3577 = LINE ( 'NONE', #10, #4451 ) ;
#3578 = EDGE_CURVE ( 'NONE', #2043, #2239, #6300, .T. ) ;
#3579 = VERTEX_POINT ( 'NONE', #1343 ) ;
#3580 = EDGE_CURVE ( 'NONE', #3172, #1543, #2854, .T. ) ;
#3581 = ORIENTED_EDGE ( 'NONE', *, *, #2494, .F. ) ;
#3582 = EDGE_CURVE ( 'NONE', #1965, #2239, #1907, .T. ) ;
#3583 = LINE ( 'NONE', #3091, #2071 ) ;
#3584 =( LENGTH_UNIT ( ) NAMED_UNIT ( * ) SI_UNIT ( .MILLI., .METRE. ) );
#3585 =( LENGTH_UNIT ( ) NAMED_UNIT ( * ) SI_UNIT ( .MILLI., .METRE. ) );
#3586 = MECHANICAL_DESIGN_GEOMETRIC_PRESENTATION_REPRESENTATION (  '', ( #5297 ), #2225 ) ;
#3587 = EDGE_LOOP ( 'NONE', ( #732, #6409, #2238, #1927 ) ) ;
#3588 = PRESENTATION_LAYER_ASSIGNMENT (  '', '', ( #5402 ) ) ;
#3589 = CIRCLE ( 'NONE', #5523, 0.04999999999999999584 ) ;
#3590 = DIRECTION ( 'NONE',  ( 0.0000000000000000000, 0.0000000000000000000, 1.000000000000000000 ) ) ;
#3591 =( LENGTH_UNIT ( ) NAMED_UNIT ( * ) SI_UNIT ( .MILLI., .METRE. ) );
#3592 = VERTEX_POINT ( 'NONE', #4771 ) ;
#3593 = SURFACE_SIDE_STYLE ('',( #6231 ) ) ;
#3594 = EDGE_CURVE ( 'NONE', #3215, #1011, #4900, .T. ) ;
#3595 = ORIENTED_EDGE ( 'NONE', *, *, #4124, .T. ) ;
#3596 = MECHANICAL_DESIGN_GEOMETRIC_PRESENTATION_REPRESENTATION (  '', ( #2426 ), #3812 ) ;
#3597 = PRESENTATION_STYLE_ASSIGNMENT (( #3015 ) ) ;
#3598 = CARTESIAN_POINT ( 'NONE',  ( -2.296750892270040367, -1.884378199852105862, 0.8249887709224614785 ) ) ;
#3599 = UNCERTAINTY_MEASURE_WITH_UNIT (LENGTH_MEASURE( 1.000000000000000082E-05 ), #2414, 'distance_accuracy_value', 'NONE');
#3600 = VERTEX_POINT ( 'NONE', #6401 ) ;
#3601 = DIRECTION ( 'NONE',  ( 0.0000000000000000000, -0.06975647374411883539, 0.9975640502598246417 ) ) ;
#3602 = SURFACE_SIDE_STYLE ('',( #2606 ) ) ;
#3603 = FILL_AREA_STYLE ('',( #1032 ) ) ;
#3604 = AXIS2_PLACEMENT_3D ( 'NONE', #1762, #3282, #5374 ) ;
#3605 = FILL_AREA_STYLE ('',( #102 ) ) ;
#3606 = LINE ( 'NONE', #5651, #5933 ) ;
#3607 = EDGE_LOOP ( 'NONE', ( #1627, #2914, #1156, #5146 ) ) ;
#3608 = AXIS2_PLACEMENT_3D ( 'NONE', #930, #5073, #1415 ) ;
#3609 = FILL_AREA_STYLE_COLOUR ( '', #6196 ) ;
#3610 = LINE ( 'NONE', #4210, #3713 ) ;
#3611 = ORIENTED_EDGE ( 'NONE', *, *, #6304, .T. ) ;
#3612 = VERTEX_POINT ( 'NONE', #749 ) ;
#3613 = EDGE_CURVE ( 'NONE', #5954, #1057, #4831, .T. ) ;
#3614 = CARTESIAN_POINT ( 'NONE',  ( 2.254876016206206479, -2.031331267498219351, 1.359961259199640615 ) ) ;
#3615 =( LENGTH_UNIT ( ) NAMED_UNIT ( * ) SI_UNIT ( .MILLI., .METRE. ) );
#3616 = EDGE_CURVE ( 'NONE', #3708, #5551, #3804, .T. ) ;
#3617 = CARTESIAN_POINT ( 'NONE',  ( 2.219263736772202567, 1.803916554534189309, 1.682208808131908206 ) ) ;
#3618 = EDGE_LOOP ( 'NONE', ( #5219, #4818, #619, #117 ) ) ;
#3619 = PRODUCT_RELATED_PRODUCT_CATEGORY ( 'part', '', ( #1577 ) ) ;
#3620 =( NAMED_UNIT ( * ) SI_UNIT ( $, .STERADIAN. ) SOLID_ANGLE_UNIT ( ) );
#3621 = CARTESIAN_POINT ( 'NONE',  ( 2.219263736772203455, -1.806942131948886532, 0.1943381052050295599 ) ) ;
#3622 =( NAMED_UNIT ( * ) SI_UNIT ( $, .STERADIAN. ) SOLID_ANGLE_UNIT ( ) );
#3623 = CARTESIAN_POINT ( 'NONE',  ( 2.219263736772204343, -1.806891044354269171, 0.1939065328297426005 ) ) ;
#3624 = CARTESIAN_POINT ( 'NONE',  ( 2.109999999999999876, 1.972211458395209505, 0.8249887709224612564 ) ) ;
#3625 = EDGE_LOOP ( 'NONE', ( #495, #4663, #3124, #3157 ) ) ;
#3626 = VECTOR ( 'NONE', #3241, 1000.000000000000000 ) ;
#3627 = EDGE_CURVE ( 'NONE', #759, #1354, #1909, .T. ) ;
#3628 = DIRECTION ( 'NONE',  ( 0.0000000000000000000, 0.9975640502598247528, 0.06975647374411841906 ) ) ;
#3629 = ORIENTED_EDGE ( 'NONE', *, *, #3159, .T. ) ;
#3630 = FILL_AREA_STYLE ('',( #3112 ) ) ;
#3631 = STYLED_ITEM ( 'NONE', ( #1821 ), #5006 ) ;
#3632 = DIRECTION ( 'NONE',  ( -1.000000000000000000, -0.0000000000000000000, -0.0000000000000000000 ) ) ;
#3633 = VECTOR ( 'NONE', #1600, 1000.000000000000000 ) ;
#3634 = DIRECTION ( 'NONE',  ( 0.0000000000000000000, -0.9975640502598247528, 0.06975647374411841906 ) ) ;
#3635 = PRESENTATION_STYLE_ASSIGNMENT (( #3116 ) ) ;
#3636 = VECTOR ( 'NONE', #2823, 1000.000000000000000 ) ;
#3637 = AXIS2_PLACEMENT_3D ( 'NONE', #6522, #3372, #4432 ) ;
#3638 = ORIENTED_EDGE ( 'NONE', *, *, #5751, .T. ) ;
#3639 =( NAMED_UNIT ( * ) SI_UNIT ( $, .STERADIAN. ) SOLID_ANGLE_UNIT ( ) );
#3640 = LINE ( 'NONE', #5687, #1261 ) ;
#3641 = VERTEX_POINT ( 'NONE', #2374 ) ;
#3642 = SURFACE_STYLE_USAGE ( .BOTH. , #1634 ) ;
#3643 = CIRCLE ( 'NONE', #554, 0.1000000000000002554 ) ;
#3644 = VECTOR ( 'NONE', #539, 1000.000000000000000 ) ;
#3645 = DIRECTION ( 'NONE',  ( 0.0000000000000000000, 0.0000000000000000000, 1.000000000000000000 ) ) ;
#3646 = AXIS2_PLACEMENT_3D ( 'NONE', #3981, #4917, #2874 ) ;
#3647 = PLANE ( 'NONE',  #4347 ) ;
#3648 = CARTESIAN_POINT ( 'NONE',  ( -1.699999999999999956, -2.071275601236143071, 0.7386377856558151711 ) ) ;
#3649 = ORIENTED_EDGE ( 'NONE', *, *, #220, .F. ) ;
#3650 =( GEOMETRIC_REPRESENTATION_CONTEXT ( 3 ) GLOBAL_UNCERTAINTY_ASSIGNED_CONTEXT ( ( #5624 ) ) GLOBAL_UNIT_ASSIGNED_CONTEXT ( ( #3550, #2559, #5600 ) ) REPRESENTATION_CONTEXT ( 'NONE', 'WORKASPACE' ) );
#3651 = CARTESIAN_POINT ( 'NONE',  ( 2.346378889230782860, -1.834565235439750808, 1.025005614538770482 ) ) ;
#3652 = VECTOR ( 'NONE', #4894, 1000.000000000000227 ) ;
#3653 = DIRECTION ( 'NONE',  ( 0.0000000000000000000, -0.1364901473335454474, -0.9906414284093245648 ) ) ;
#3654 = CARTESIAN_POINT ( 'NONE',  ( -0.4300000000000000488, 2.071275601236143071, 0.7386377856558151711 ) ) ;
#3655 =( GEOMETRIC_REPRESENTATION_CONTEXT ( 3 ) GLOBAL_UNCERTAINTY_ASSIGNED_CONTEXT ( ( #2096 ) ) GLOBAL_UNIT_ASSIGNED_CONTEXT ( ( #2024, #6537, #3493 ) ) REPRESENTATION_CONTEXT ( 'NONE', 'WORKASPACE' ) );
#3656 = CARTESIAN_POINT ( 'NONE',  ( 0.8400000000000000799, -1.884379578609461259, 1.024988770922461212 ) ) ;
#3657 = VECTOR ( 'NONE', #5233, 1000.000000000000000 ) ;
#3658 = CARTESIAN_POINT ( 'NONE',  ( -1.699999999999999956, -2.428942239050485785, 1.024988770922461434 ) ) ;
#3659 = AXIS2_PLACEMENT_3D ( 'NONE', #2813, #6001, #3296 ) ;
#3660 = VERTEX_POINT ( 'NONE', #5814 ) ;
#3661 = EDGE_CURVE ( 'NONE', #1797, #5710, #1235, .T. ) ;
#3662 = DIRECTION ( 'NONE',  ( 1.000000000000000000, -0.0000000000000000000, 0.0000000000000000000 ) ) ;
#3663 = MECHANICAL_DESIGN_GEOMETRIC_PRESENTATION_REPRESENTATION (  '', ( #3107 ), #1557 ) ;
#3664 = UNCERTAINTY_MEASURE_WITH_UNIT (LENGTH_MEASURE( 1.000000000000000082E-05 ), #5244, 'distance_accuracy_value', 'NONE');
#3665 = VERTEX_POINT ( 'NONE', #687 ) ;
#3666 =( NAMED_UNIT ( * ) SI_UNIT ( $, .STERADIAN. ) SOLID_ANGLE_UNIT ( ) );
#3667 = DIRECTION ( 'NONE',  ( 0.0000000000000000000, 0.06975647374411841906, -0.9975640502598247528 ) ) ;
#3668 =( NAMED_UNIT ( * ) SI_UNIT ( $, .STERADIAN. ) SOLID_ANGLE_UNIT ( ) );
#3669 = SURFACE_STYLE_FILL_AREA ( #1660 ) ;
#3670 = EDGE_CURVE ( 'NONE', #3322, #3172, #257, .T. ) ;
#3671 = DIRECTION ( 'NONE',  ( -1.000000000000000000, 0.0000000000000000000, 0.0000000000000000000 ) ) ;
#3672 = STYLED_ITEM ( 'NONE', ( #5058 ), #1525 ) ;
#3673 = UNCERTAINTY_MEASURE_WITH_UNIT (LENGTH_MEASURE( 1.000000000000000082E-05 ), #1832, 'distance_accuracy_value', 'NONE');
#3674 = ORIENTED_EDGE ( 'NONE', *, *, #2593, .F. ) ;
#3675 = FILL_AREA_STYLE_COLOUR ( '', #1716 ) ;
#3676 =( LENGTH_UNIT ( ) NAMED_UNIT ( * ) SI_UNIT ( .MILLI., .METRE. ) );
#3677 = LINE ( 'NONE', #3086, #3260 ) ;
#3678 = CARTESIAN_POINT ( 'NONE',  ( 2.245982507821995267, -1.348042813803152162, 1.699999999999999956 ) ) ;
#3679 = ORIENTED_EDGE ( 'NONE', *, *, #4487, .F. ) ;
#3680 = VECTOR ( 'NONE', #2188, 1000.000000000000000 ) ;
#3681 = EDGE_LOOP ( 'NONE', ( #2908, #2989, #4782, #2218 ) ) ;
#3682 = AXIS2_PLACEMENT_3D ( 'NONE', #4749, #5860, #5346 ) ;
#3683 = SURFACE_SIDE_STYLE ('',( #1675 ) ) ;
#3684 = CYLINDRICAL_SURFACE ( 'NONE', #5690, 0.1000000000000002554 ) ;
#3685 = VERTEX_POINT ( 'NONE', #2734 ) ;
#3686 = VERTEX_POINT ( 'NONE', #721 ) ;
#3687 = PRESENTATION_LAYER_ASSIGNMENT (  '', '', ( #3131 ) ) ;
#3688 = VECTOR ( 'NONE', #265, 1000.000000000000000 ) ;
#3689 = EDGE_CURVE ( 'NONE', #1733, #666, #288, .T. ) ;
#3690 = VECTOR ( 'NONE', #5328, 1000.000000000000227 ) ;
#3691 = DIRECTION ( 'NONE',  ( 0.0000000000000000000, -1.234386826208250825E-15, -1.000000000000000000 ) ) ;
#3692 = VERTEX_POINT ( 'NONE', #1794 ) ;
#3693 = CARTESIAN_POINT ( 'NONE',  ( -0.8400000000000001910, -2.428942239050485785, 0.3406648180831462480 ) ) ;
#3694 = VECTOR ( 'NONE', #3723, 1000.000000000000114 ) ;
#3695 = LINE ( 'NONE', #5202, #1778 ) ;
#3696 = DIRECTION ( 'NONE',  ( 0.0000000000000000000, 0.1364901473335441706, -0.9906414284093247868 ) ) ;
#3697 = LINE ( 'NONE', #5743, #5446 ) ;
#3698 = EDGE_CURVE ( 'NONE', #3529, #3200, #5848, .T. ) ;
#3699 = ORIENTED_EDGE ( 'NONE', *, *, #5337, .T. ) ;
#3700 = CARTESIAN_POINT ( 'NONE',  ( 2.219263736772203899, 1.806891044354269393, 1.656093467170257849 ) ) ;
#3701 = AXIS2_PLACEMENT_3D ( 'NONE', #4622, #5119, #3063 ) ;
#3702 = AXIS2_PLACEMENT_3D ( 'NONE', #6226, #5572, #980 ) ;
#3703 = ADVANCED_FACE ( 'NONE', ( #4336 ), #3993, .T. ) ;
#3704 = CARTESIAN_POINT ( 'NONE',  ( -2.268942131948885610, 1.757263736772203044, 1.655661894794970612 ) ) ;
#3705 = MECHANICAL_DESIGN_GEOMETRIC_PRESENTATION_REPRESENTATION (  '', ( #6263 ), #1256 ) ;
#3706 = VECTOR ( 'NONE', #2675, 1000.000000000000114 ) ;
#3707 = EDGE_CURVE ( 'NONE', #64, #4806, #1920, .T. ) ;
#3708 = VERTEX_POINT ( 'NONE', #5062 ) ;
#3709 = SURFACE_STYLE_USAGE ( .BOTH. , #6243 ) ;
#3710 = CARTESIAN_POINT ( 'NONE',  ( -0.4300000000000000488, -2.329878096209553551, 0.3270158033497923555 ) ) ;
#3711 = DIRECTION ( 'NONE',  ( 0.0000000000000000000, -0.1364901473335454474, -0.9906414284093245648 ) ) ;
#3712 = DIRECTION ( 'NONE',  ( 0.1209742911513548153, -0.1209742911513548153, -0.9852565360152930607 ) ) ;
#3713 = VECTOR ( 'NONE', #4178, 1000.000000000000114 ) ;
#3714 = ORIENTED_EDGE ( 'NONE', *, *, #5269, .T. ) ;
#3715 = VERTEX_POINT ( 'NONE', #3889 ) ;
#3716 = CARTESIAN_POINT ( 'NONE',  ( 2.109999999999999876, -1.972211458395209949, 0.7249887709224612786 ) ) ;
#3717 = AXIS2_PLACEMENT_3D ( 'NONE', #5136, #6273, #5276 ) ;
#3718 = ADVANCED_FACE ( 'NONE', ( #4501 ), #3956, .T. ) ;
#3719 = FILL_AREA_STYLE ('',( #1252 ) ) ;
#3720 = ORIENTED_EDGE ( 'NONE', *, *, #112, .F. ) ;
#3721 = ORIENTED_EDGE ( 'NONE', *, *, #238, .T. ) ;
#3722 = PRESENTATION_STYLE_ASSIGNMENT (( #210 ) ) ;
#3723 = DIRECTION ( 'NONE',  ( 0.0000000000000000000, 0.9975640502598247528, -0.06975647374411841906 ) ) ;
#3724 = LINE ( 'NONE', #1227, #3846 ) ;
#3725 = ORIENTED_EDGE ( 'NONE', *, *, #5089, .F. ) ;
#3726 = LINE ( 'NONE', #214, #1900 ) ;
#3727 = DIRECTION ( 'NONE',  ( -1.000000000000000000, -0.0000000000000000000, -0.0000000000000000000 ) ) ;
#3728 = CARTESIAN_POINT ( 'NONE',  ( 2.219263736772202567, 1.757263736772203044, 1.650000000000000355 ) ) ;
#3729 = UNCERTAINTY_MEASURE_WITH_UNIT (LENGTH_MEASURE( 1.000000000000000082E-05 ), #3908, 'distance_accuracy_value', 'NONE');
#3730 = ORIENTED_EDGE ( 'NONE', *, *, #6121, .F. ) ;
#3731 = DIRECTION ( 'NONE',  ( 0.0000000000000000000, 1.000000000000000000, 0.0000000000000000000 ) ) ;
#3732 = DIRECTION ( 'NONE',  ( 1.000000000000000000, 0.0000000000000000000, 0.0000000000000000000 ) ) ;
#3733 = CARTESIAN_POINT ( 'NONE',  ( -2.245982507821994378, -1.361458565304651813, 1.698640944312544976 ) ) ;
#3734 = FILL_AREA_STYLE_COLOUR ( '', #1416 ) ;
#3735 = ADVANCED_FACE ( 'NONE', ( #2915 ), #4963, .T. ) ;
#3736 = EDGE_CURVE ( 'NONE', #2664, #4329, #955, .T. ) ;
#3737 = FACE_OUTER_BOUND ( 'NONE', #1294, .T. ) ;
#3738 = COLOUR_RGB ( '',0.8784313725490195957, 0.8784313725490195957, 0.8784313725490195957 ) ;
#3739 = UNCERTAINTY_MEASURE_WITH_UNIT (LENGTH_MEASURE( 1.000000000000000082E-05 ), #2522, 'distance_accuracy_value', 'NONE');
#3740 = ORIENTED_EDGE ( 'NONE', *, *, #1134, .T. ) ;
#3741 = CARTESIAN_POINT ( 'NONE',  ( 0.4300000000000000488, 2.428942239050485785, 0.8249887709224612564 ) ) ;
#3742 = DIRECTION ( 'NONE',  ( 0.0000000000000000000, 0.0000000000000000000, 1.000000000000000000 ) ) ;
#3743 = ORIENTED_EDGE ( 'NONE', *, *, #5302, .T. ) ;
#3744 = EDGE_LOOP ( 'NONE', ( #3042, #2455, #2358, #811, #404, #2289, #5317, #450, #149, #3894, #4384, #5330 ) ) ;
#3745 = B_SPLINE_CURVE_WITH_KNOTS ( 'NONE', 3,
 ( #1337, #2849, #168, #6596 ),
 .UNSPECIFIED., .F., .F.,
 ( 4, 4 ),
 ( 1.573245363819235877E-08, 1.000000000000000000 ),
 .UNSPECIFIED. ) ;
#3746 = EDGE_CURVE ( 'NONE', #6484, #243, #4539, .T. ) ;
#3747 = VECTOR ( 'NONE', #1298, 1000.000000000000000 ) ;
#3748 = AXIS2_PLACEMENT_3D ( 'NONE', #461, #2019, #3520 ) ;
#3749 = SURFACE_STYLE_USAGE ( .BOTH. , #4815 ) ;
#3750 = CARTESIAN_POINT ( 'NONE',  ( -0.4300000000000000488, 2.421966591676075975, 0.2409084130571637061 ) ) ;
#3751 = EDGE_LOOP ( 'NONE', ( #831, #4162, #2832, #5648, #2570, #242, #6204, #2583, #4393, #718, #5372, #1481 ) ) ;
#3752 = ORIENTED_EDGE ( 'NONE', *, *, #518, .T. ) ;
#3753 = COLOUR_RGB ( '',1.000000000000000000, 1.000000000000000000, 1.000000000000000000 ) ;
#3754 = FILL_AREA_STYLE ('',( #2172 ) ) ;
#3755 = CARTESIAN_POINT ( 'NONE',  ( 2.219263736772202567, -1.348042813803152162, 1.650000000000000133 ) ) ;
#3756 = CYLINDRICAL_SURFACE ( 'NONE', #754, 0.3000000000000001554 ) ;
#3757 = SURFACE_STYLE_FILL_AREA ( #1290 ) ;
#3758 =( LENGTH_UNIT ( ) NAMED_UNIT ( * ) SI_UNIT ( .MILLI., .METRE. ) );
#3759 = VECTOR ( 'NONE', #1739, 1000.000000000000000 ) ;
#3760 = DIRECTION ( 'NONE',  ( -1.000000000000000000, -4.789936701946120954E-17, -0.0000000000000000000 ) ) ;
#3761 = ORIENTED_EDGE ( 'NONE', *, *, #4270, .T. ) ;
#3762 = AXIS2_PLACEMENT_3D ( 'NONE', #2905, #946, #1396 ) ;
#3763 = DIRECTION ( 'NONE',  ( 0.0000000000000000000, 0.3907311284892747705, -0.9205048534524399306 ) ) ;
#3764 = VECTOR ( 'NONE', #5680, 1000.000000000000000 ) ;
#3765 = SURFACE_STYLE_FILL_AREA ( #3824 ) ;
#3766 = FACE_OUTER_BOUND ( 'NONE', #4649, .T. ) ;
#3767 = VECTOR ( 'NONE', #4983, 1000.000000000000000 ) ;
#3768 = ORIENTED_EDGE ( 'NONE', *, *, #4479, .T. ) ;
#3769 = PLANE ( 'NONE',  #2082 ) ;
#3770 = DIRECTION ( 'NONE',  ( 0.0000000000000000000, 0.0000000000000000000, 1.000000000000000000 ) ) ;
#3771 = CARTESIAN_POINT ( 'NONE',  ( -2.263500000000000512, -1.801500000000000101, 0.1499999999999999944 ) ) ;
#3772 = CARTESIAN_POINT ( 'NONE',  ( -0.4300000000000000488, -2.428942239050485785, 0.3406648180831462480 ) ) ;
#3773 = CARTESIAN_POINT ( 'NONE',  ( -2.346270918623761137, -1.863682208799348539, 1.026767660639605229 ) ) ;
#3774 = VECTOR ( 'NONE', #2215, 1000.000000000000000 ) ;
#3775 = SURFACE_STYLE_USAGE ( .BOTH. , #6277 ) ;
#3776 = EDGE_LOOP ( 'NONE', ( #1919, #4484, #3714 ) ) ;
#3777 = CARTESIAN_POINT ( 'NONE',  ( -2.263500000000000956, 1.884378199852105640, 0.8249887709224611454 ) ) ;
#3778 = DIRECTION ( 'NONE',  ( 0.0000000000000000000, 0.0000000000000000000, 1.000000000000000000 ) ) ;
#3779 = VERTEX_POINT ( 'NONE', #5432 ) ;
#3780 = VERTEX_POINT ( 'NONE', #2885 ) ;
#3781 = CARTESIAN_POINT ( 'NONE',  ( 2.265916554534189942, 1.757263736772202156, 0.1677911918680919379 ) ) ;
#3782 = PRESENTATION_LAYER_ASSIGNMENT (  '', '', ( #2912 ) ) ;
#3783 = LINE ( 'NONE', #1360, #6206 ) ;
#3784 = COLOUR_RGB ( '',0.8784313725490195957, 0.8784313725490195957, 0.8784313725490195957 ) ;
#3785 = ADVANCED_FACE ( 'NONE', ( #496 ), #4997, .T. ) ;
#3786 = VERTEX_POINT ( 'NONE', #426 ) ;
#3787 = EDGE_CURVE ( 'NONE', #1797, #3780, #358, .T. ) ;
#3788 = ORIENTED_EDGE ( 'NONE', *, *, #1935, .T. ) ;
#3789 =( GEOMETRIC_REPRESENTATION_CONTEXT ( 3 ) GLOBAL_UNCERTAINTY_ASSIGNED_CONTEXT ( ( #1951 ) ) GLOBAL_UNIT_ASSIGNED_CONTEXT ( ( #4522, #1535, #6548 ) ) REPRESENTATION_CONTEXT ( 'NONE', 'WORKASPACE' ) );
#3790 = DIRECTION ( 'NONE',  ( 0.0000000000000000000, 0.0000000000000000000, 1.000000000000000000 ) ) ;
#3791 = CARTESIAN_POINT ( 'NONE',  ( 2.241764626010010364, -1.829391933592075858, 1.472838430280073441 ) ) ;
#3792 = EDGE_CURVE ( 'NONE', #304, #1041, #2935, .T. ) ;
#3793 = DIRECTION ( 'NONE',  ( 0.0000000000000000000, 0.0000000000000000000, 1.000000000000000000 ) ) ;
#3794 = CARTESIAN_POINT ( 'NONE',  ( -0.8400000000000001910, 3.000000000000000000, 0.0000000000000000000 ) ) ;
#3795 = MECHANICAL_DESIGN_GEOMETRIC_PRESENTATION_REPRESENTATION (  '', ( #4545 ), #6138 ) ;
#3796 = PRESENTATION_STYLE_ASSIGNMENT (( #2727 ) ) ;
#3797 = CARTESIAN_POINT ( 'NONE',  ( -2.241764626010009920, -1.826395645717829197, 1.499145030950396196 ) ) ;
#3798 =( NAMED_UNIT ( * ) PLANE_ANGLE_UNIT ( ) SI_UNIT ( $, .RADIAN. ) );
#3799 = CARTESIAN_POINT ( 'NONE',  ( -0.8400000000000001910, 2.428942239050485785, 0.3406648180831462480 ) ) ;
#3800 =( NAMED_UNIT ( * ) PLANE_ANGLE_UNIT ( ) SI_UNIT ( $, .RADIAN. ) );
#3801 = ORIENTED_EDGE ( 'NONE', *, *, #1962, .F. ) ;
#3802 = DIRECTION ( 'NONE',  ( 0.0000000000000000000, 0.0000000000000000000, 1.000000000000000000 ) ) ;
#3803 = DIRECTION ( 'NONE',  ( -1.000000000000000000, 0.0000000000000000000, 0.0000000000000000000 ) ) ;
#3804 = LINE ( 'NONE', #3858, #4133 ) ;
#3805 =( GEOMETRIC_REPRESENTATION_CONTEXT ( 3 ) GLOBAL_UNCERTAINTY_ASSIGNED_CONTEXT ( ( #5211 ) ) GLOBAL_UNIT_ASSIGNED_CONTEXT ( ( #4697, #4517, #3668 ) ) REPRESENTATION_CONTEXT ( 'NONE', 'WORKASPACE' ) );
#3806 = CARTESIAN_POINT ( 'NONE',  ( -2.346378889230783749, -1.834565235439750364, 1.025005614538770704 ) ) ;
#3807 = UNCERTAINTY_MEASURE_WITH_UNIT (LENGTH_MEASURE( 1.000000000000000082E-05 ), #2361, 'distance_accuracy_value', 'NONE');
#3808 = VERTEX_POINT ( 'NONE', #6046 ) ;
#3809 = DIRECTION ( 'NONE',  ( 0.0000000000000000000, -0.1218693434051477259, -0.9925461516413219831 ) ) ;
#3810 = EDGE_LOOP ( 'NONE', ( #4961, #1211, #6374, #4485 ) ) ;
#3811 = ORIENTED_EDGE ( 'NONE', *, *, #6233, .T. ) ;
#3812 =( GEOMETRIC_REPRESENTATION_CONTEXT ( 3 ) GLOBAL_UNCERTAINTY_ASSIGNED_CONTEXT ( ( #5888 ) ) GLOBAL_UNIT_ASSIGNED_CONTEXT ( ( #2003, #3033, #4653 ) ) REPRESENTATION_CONTEXT ( 'NONE', 'WORKASPACE' ) );
#3813 = CARTESIAN_POINT ( 'NONE',  ( -1.437500000000000000, 1.012499999999999956, 0.1499999999999999944 ) ) ;
#3814 = FACE_OUTER_BOUND ( 'NONE', #2894, .T. ) ;
#3815 = AXIS2_PLACEMENT_3D ( 'NONE', #1138, #6181, #570 ) ;
#3816 = EDGE_LOOP ( 'NONE', ( #2622, #1490, #5418, #5966 ) ) ;
#3817 =( GEOMETRIC_REPRESENTATION_CONTEXT ( 3 ) GLOBAL_UNCERTAINTY_ASSIGNED_CONTEXT ( ( #647 ) ) GLOBAL_UNIT_ASSIGNED_CONTEXT ( ( #78, #5177, #3084 ) ) REPRESENTATION_CONTEXT ( 'NONE', 'WORKASPACE' ) );
#3818 = EDGE_CURVE ( 'NONE', #3529, #4541, #3486, .T. ) ;
#3819 = PRESENTATION_STYLE_ASSIGNMENT (( #2724 ) ) ;
#3820 = FILL_AREA_STYLE_COLOUR ( '', #807 ) ;
#3821 = VECTOR ( 'NONE', #3144, 1000.000000000000000 ) ;
#3822 = FACE_OUTER_BOUND ( 'NONE', #2972, .T. ) ;
#3823 = EDGE_LOOP ( 'NONE', ( #2884, #3638, #4187, #4908 ) ) ;
#3824 = FILL_AREA_STYLE ('',( #6296 ) ) ;
#3825 = DIRECTION ( 'NONE',  ( 0.0000000000000000000, 0.06975647374411841906, -0.9975640502598247528 ) ) ;
#3826 = DIRECTION ( 'NONE',  ( -1.000000000000000000, -0.0000000000000000000, 0.0000000000000000000 ) ) ;
#3827 = SURFACE_STYLE_FILL_AREA ( #5919 ) ;
#3828 = CARTESIAN_POINT ( 'NONE',  ( -2.268942131948885610, -1.348042813803151940, 1.655661894794971278 ) ) ;
#3829 = FACE_OUTER_BOUND ( 'NONE', #1812, .T. ) ;
#3830 = EDGE_CURVE ( 'NONE', #576, #2604, #3413, .T. ) ;
#3831 =( BOUNDED_CURVE ( )  B_SPLINE_CURVE ( 3, ( #3989, #353, #6431, #2465 ),
 .UNSPECIFIED., .F., .T. ) 
 B_SPLINE_CURVE_WITH_KNOTS ( ( 4, 4 ),
 ( 5.501507132124499044, 7.064863482234673420 ),
 .UNSPECIFIED. ) 
 CURVE ( )  GEOMETRIC_REPRESENTATION_ITEM ( )  RATIONAL_B_SPLINE_CURVE ( ( 1.000000000000000000, 0.8064882076837687208, 0.8064882076837687208, 1.000000000000000000 ) ) 
 REPRESENTATION_ITEM ( '' )  );
#3832 = EDGE_LOOP ( 'NONE', ( #941, #1641, #2023, #468 ) ) ;
#3833 = SURFACE_SIDE_STYLE ('',( #4310 ) ) ;
#3834 = VERTEX_POINT ( 'NONE', #514 ) ;
#3835 = ORIENTED_EDGE ( 'NONE', *, *, #974, .F. ) ;
#3836 = CARTESIAN_POINT ( 'NONE',  ( 2.268942131948885610, 1.762546603693347924, 0.1963527423377141312 ) ) ;
#3837 = CARTESIAN_POINT ( 'NONE',  ( -1.699999999999999956, 1.972211458395209949, 0.7249887709224612786 ) ) ;
#3838 = CARTESIAN_POINT ( 'NONE',  ( 1.700000000000000178, -3.000000000000000000, 0.0000000000000000000 ) ) ;
#3839 = FACE_BOUND ( 'NONE', #3456, .T. ) ;
#3840 = ORIENTED_EDGE ( 'NONE', *, *, #1512, .F. ) ;
#3841 = CIRCLE ( 'NONE', #857, 0.09999999999999988065 ) ;
#3842 = EDGE_LOOP ( 'NONE', ( #4792, #1761, #2782, #2755 ) ) ;
#3843 = PRESENTATION_LAYER_ASSIGNMENT (  '', '', ( #3951 ) ) ;
#3844 = FACE_OUTER_BOUND ( 'NONE', #5271, .T. ) ;
#3845 = FACE_OUTER_BOUND ( 'NONE', #6198, .T. ) ;
#3846 = VECTOR ( 'NONE', #4791, 1000.000000000000114 ) ;
#3847 = DIRECTION ( 'NONE',  ( -1.000000000000000000, -0.0000000000000000000, 0.0000000000000000000 ) ) ;
#3848 = CARTESIAN_POINT ( 'NONE',  ( -2.219263736772203011, -1.803916554534190198, 0.1677911918680916048 ) ) ;
#3849 = EDGE_CURVE ( 'NONE', #3484, #1585, #2969, .T. ) ;
#3850 = VECTOR ( 'NONE', #5261, 1000.000000000000000 ) ;
#3851 = DIRECTION ( 'NONE',  ( 0.0000000000000000000, 0.0000000000000000000, 1.000000000000000000 ) ) ;
#3852 = FILL_AREA_STYLE ('',( #4369 ) ) ;
#3853 = CARTESIAN_POINT ( 'NONE',  ( -0.8400000000000001910, -3.000000000000000444, 0.0000000000000000000 ) ) ;
#3854 = VECTOR ( 'NONE', #4526, 1000.000000000000000 ) ;
#3855 =( LENGTH_UNIT ( ) NAMED_UNIT ( * ) SI_UNIT ( .MILLI., .METRE. ) );
#3856 = ORIENTED_EDGE ( 'NONE', *, *, #2887, .F. ) ;
#3857 = LINE ( 'NONE', #1724, #5906 ) ;
#3858 = CARTESIAN_POINT ( 'NONE',  ( -1.699999999999999956, 3.000000000000000000, 0.0000000000000000000 ) ) ;
#3859 = EDGE_CURVE ( 'NONE', #2078, #685, #5300, .T. ) ;
#3860 =( NAMED_UNIT ( * ) PLANE_ANGLE_UNIT ( ) SI_UNIT ( $, .RADIAN. ) );
#3861 = MECHANICAL_DESIGN_GEOMETRIC_PRESENTATION_REPRESENTATION (  '', ( #6430 ), #1554 ) ;
#3862 =( LENGTH_UNIT ( ) NAMED_UNIT ( * ) SI_UNIT ( .MILLI., .METRE. ) );
#3863 = UNCERTAINTY_MEASURE_WITH_UNIT (LENGTH_MEASURE( 1.000000000000000082E-05 ), #954, 'distance_accuracy_value', 'NONE');
#3864 = ORIENTED_EDGE ( 'NONE', *, *, #5225, .T. ) ;
#3865 = CYLINDRICAL_SURFACE ( 'NONE', #1148, 0.2999999999999998779 ) ;
#3866 = AXIS2_PLACEMENT_3D ( 'NONE', #4766, #3727, #682 ) ;
#3867 = ORIENTED_EDGE ( 'NONE', *, *, #524, .F. ) ;
#3868 = ORIENTED_EDGE ( 'NONE', *, *, #519, .T. ) ;
#3869 = LINE ( 'NONE', #305, #903 ) ;
#3870 = COLOUR_RGB ( '',0.8784313725490195957, 0.8784313725490195957, 0.8784313725490195957 ) ;
#3871 = LINE ( 'NONE', #4877, #873 ) ;
#3872 = LINE ( 'NONE', #416, #5195 ) ;
#3873 = SURFACE_STYLE_USAGE ( .BOTH. , #1875 ) ;
#3874 = ORIENTED_EDGE ( 'NONE', *, *, #552, .T. ) ;
#3875 = STYLED_ITEM ( 'NONE', ( #2836 ), #1578 ) ;
#3876 = VECTOR ( 'NONE', #2864, 1000.000000000000000 ) ;
#3877 = CARTESIAN_POINT ( 'NONE',  ( 2.268623383440116381, -1.806240296903990350, 1.516976977261936810 ) ) ;
#3878 = CARTESIAN_POINT ( 'NONE',  ( -2.325682208799347617, 1.884270918623760949, 1.026767660639602786 ) ) ;
#3879 = PRESENTATION_STYLE_ASSIGNMENT (( #4985 ) ) ;
#3880 = CARTESIAN_POINT ( 'NONE',  ( -2.109999999999999876, 2.428942239050485785, 0.3406648180831462480 ) ) ;
#3881 = PRESENTATION_STYLE_ASSIGNMENT (( #2907 ) ) ;
#3882 = SURFACE_STYLE_USAGE ( .BOTH. , #1883 ) ;
#3883 = PRESENTATION_LAYER_ASSIGNMENT (  '', '', ( #373 ) ) ;
#3884 = CARTESIAN_POINT ( 'NONE',  ( -2.109999999999999876, -1.884379526522762749, 0.8249942738855463586 ) ) ;
#3885 = PRESENTATION_STYLE_ASSIGNMENT (( #814 ) ) ;
#3886 = AXIS2_PLACEMENT_3D ( 'NONE', #1990, #5440, #865 ) ;
#3887 = VERTEX_POINT ( 'NONE', #3980 ) ;
#3888 = DIRECTION ( 'NONE',  ( 0.0000000000000000000, 1.000000000000000000, 0.0000000000000000000 ) ) ;
#3889 = CARTESIAN_POINT ( 'NONE',  ( 0.4300000000000000488, 1.972211458395209505, 0.8249887709224612564 ) ) ;
#3890 = DIRECTION ( 'NONE',  ( -0.0000000000000000000, -1.000000000000000000, 1.234386826208250825E-15 ) ) ;
#3891 = AXIS2_PLACEMENT_3D ( 'NONE', #5806, #2178, #3763 ) ;
#3892 = ADVANCED_FACE ( 'NONE', ( #1580 ), #2560, .T. ) ;
#3893 = CARTESIAN_POINT ( 'NONE',  ( 2.109999999999999876, -1.884378199852105640, 1.024988770922461212 ) ) ;
#3894 = ORIENTED_EDGE ( 'NONE', *, *, #275, .T. ) ;
#3895 = EDGE_CURVE ( 'NONE', #5936, #5323, #5015, .T. ) ;
#3896 = CYLINDRICAL_SURFACE ( 'NONE', #1926, 0.3000000000000001554 ) ;
#3897 = PRESENTATION_LAYER_ASSIGNMENT (  '', '', ( #2114 ) ) ;
#3898 = STYLED_ITEM ( 'NONE', ( #6083 ), #2456 ) ;
#3899 = CARTESIAN_POINT ( 'NONE',  ( -1.699999999999999956, 2.428942239050485785, 0.3406648180831462480 ) ) ;
#3900 = CARTESIAN_POINT ( 'NONE',  ( -2.291430237550577509, -1.779764626010009732, 1.472526469572472463 ) ) ;
#3901 = ORIENTED_EDGE ( 'NONE', *, *, #6186, .F. ) ;
#3902 = ORIENTED_EDGE ( 'NONE', *, *, #1304, .T. ) ;
#3903 = SURFACE_SIDE_STYLE ('',( #3936 ) ) ;
#3904 = CARTESIAN_POINT ( 'NONE',  ( 2.268891044354268693, -1.348042813803152384, 1.656093467170256961 ) ) ;
#3905 = VECTOR ( 'NONE', #1515, 1000.000000000000227 ) ;
#3906 = AXIS2_PLACEMENT_3D ( 'NONE', #4224, #250, #2303 ) ;
#3907 = EDGE_CURVE ( 'NONE', #4746, #1701, #5629, .T. ) ;
#3908 =( LENGTH_UNIT ( ) NAMED_UNIT ( * ) SI_UNIT ( .MILLI., .METRE. ) );
#3909 = FACE_OUTER_BOUND ( 'NONE', #201, .T. ) ;
#3910 = LINE ( 'NONE', #3838, #4560 ) ;
#3911 = STYLED_ITEM ( 'NONE', ( #1677 ), #4034 ) ;
#3912 = DIRECTION ( 'NONE',  ( 0.0000000000000000000, 0.1364901473335441706, -0.9906414284093247868 ) ) ;
#3913 = EDGE_LOOP ( 'NONE', ( #3420, #5199, #3867, #3811 ) ) ;
#3914 = EDGE_LOOP ( 'NONE', ( #3405, #274, #181, #5023 ) ) ;
#3915 = ADVANCED_FACE ( 'NONE', ( #4127 ), #1541, .T. ) ;
#3916 = VECTOR ( 'NONE', #2286, 1000.000000000000000 ) ;
#3917 = CARTESIAN_POINT ( 'NONE',  ( 2.109999999999999876, -2.329878096209553551, 0.3270158033497923000 ) ) ;
#3918 = CARTESIAN_POINT ( 'NONE',  ( -2.265916554534189498, 1.757263736772203044, 0.1677911918680918824 ) ) ;
#3919 = CARTESIAN_POINT ( 'NONE',  ( -0.4300000000000000488, -2.329878096209553551, 0.3270158033497920780 ) ) ;
#3920 = PRESENTATION_STYLE_ASSIGNMENT (( #879 ) ) ;
#3921 = CARTESIAN_POINT ( 'NONE',  ( -2.219263736772203011, -1.783982507821995300, 0.1499999999999994116 ) ) ;
#3922 = ORIENTED_EDGE ( 'NONE', *, *, #6, .T. ) ;
#3923 = LINE ( 'NONE', #3986, #4966 ) ;
#3924 =( NAMED_UNIT ( * ) PLANE_ANGLE_UNIT ( ) SI_UNIT ( $, .RADIAN. ) );
#3925 = COLOUR_RGB ( '',0.8784313725490195957, 0.8784313725490195957, 0.8784313725490195957 ) ;
#3926 = DIRECTION ( 'NONE',  ( -0.0000000000000000000, 0.0000000000000000000, 1.000000000000000000 ) ) ;
#3927 = ORIENTED_EDGE ( 'NONE', *, *, #524, .T. ) ;
#3928 = CARTESIAN_POINT ( 'NONE',  ( 2.219263736772202567, 1.801500000000000101, 0.1499999999999998557 ) ) ;
#3929 = SURFACE_STYLE_FILL_AREA ( #5985 ) ;
#3930 = CARTESIAN_POINT ( 'NONE',  ( -1.699999999999999956, 2.428942239050485785, 0.3406648180831462480 ) ) ;
#3931 = UNCERTAINTY_MEASURE_WITH_UNIT (LENGTH_MEASURE( 1.000000000000000082E-05 ), #5151, 'distance_accuracy_value', 'NONE');
#3932 = ORIENTED_EDGE ( 'NONE', *, *, #4652, .T. ) ;
#3933 = DIRECTION ( 'NONE',  ( -0.0000000000000000000, 0.9906414284093247868, 0.1364901473335445592 ) ) ;
#3934 = FACE_OUTER_BOUND ( 'NONE', #3323, .T. ) ;
#3935 = VERTEX_POINT ( 'NONE', #5570 ) ;
#3936 = SURFACE_STYLE_FILL_AREA ( #2481 ) ;
#3937 = CARTESIAN_POINT ( 'NONE',  ( -2.219263736772202122, 1.806942131948886088, 1.655661894794970612 ) ) ;
#3938 = DIRECTION ( 'NONE',  ( 0.0000000000000000000, -1.000000000000000000, 1.234386826208250825E-15 ) ) ;
#3939 =( NAMED_UNIT ( * ) SI_UNIT ( $, .STERADIAN. ) SOLID_ANGLE_UNIT ( ) );
#3940 = EDGE_CURVE ( 'NONE', #5664, #738, #501, .T. ) ;
#3941 = ORIENTED_EDGE ( 'NONE', *, *, #1856, .T. ) ;
#3942 = PRESENTATION_LAYER_ASSIGNMENT (  '', '', ( #3395 ) ) ;
#3943 = EDGE_CURVE ( 'NONE', #4541, #4587, #1366, .T. ) ;
#3944 = DIRECTION ( 'NONE',  ( 0.0000000000000000000, -1.234386826208250825E-15, -1.000000000000000000 ) ) ;
#3945 = FACE_OUTER_BOUND ( 'NONE', #6505, .T. ) ;
#3946 = MECHANICAL_DESIGN_GEOMETRIC_PRESENTATION_REPRESENTATION (  '', ( #742 ), #2573 ) ;
#3947 = FACE_OUTER_BOUND ( 'NONE', #4009, .T. ) ;
#3948 = FACE_OUTER_BOUND ( 'NONE', #2846, .T. ) ;
#3949 = ORIENTED_EDGE ( 'NONE', *, *, #5658, .T. ) ;
#3950 = FACE_OUTER_BOUND ( 'NONE', #1004, .T. ) ;
#3951 = STYLED_ITEM ( 'NONE', ( #4676 ), #5450 ) ;
#3952 = CARTESIAN_POINT ( 'NONE',  ( -0.4300000000000000488, 2.269403886918007984, 0.7659358151225240663 ) ) ;
#3953 = CARTESIAN_POINT ( 'NONE',  ( -0.4300000000000000488, 1.884378199852105862, 0.8249887709224611454 ) ) ;
#3954 = ORIENTED_EDGE ( 'NONE', *, *, #6387, .F. ) ;
#3955 = SURFACE_SIDE_STYLE ('',( #4469 ) ) ;
#3956 = PLANE ( 'NONE',  #5840 ) ;
#3957 = COLOUR_RGB ( '',0.8784313725490195957, 0.8784313725490195957, 0.8784313725490195957 ) ;
#3958 = SURFACE_STYLE_USAGE ( .BOTH. , #464 ) ;
#3959 = DIRECTION ( 'NONE',  ( 0.0000000000000000000, -0.9975640502598247528, -0.06975647374411841906 ) ) ;
#3960 = ORIENTED_EDGE ( 'NONE', *, *, #2656, .T. ) ;
#3961 = SURFACE_SIDE_STYLE ('',( #272 ) ) ;
#3962 = SURFACE_STYLE_FILL_AREA ( #1954 ) ;
#3963 = DIRECTION ( 'NONE',  ( 0.0000000000000000000, 0.9906414284093247868, -0.1364901473335445592 ) ) ;
#3964 = COLOUR_RGB ( '',0.8784313725490195957, 0.8784313725490195957, 0.8784313725490195957 ) ;
#3965 = AXIS2_PLACEMENT_3D ( 'NONE', #1884, #6294, #4366 ) ;
#3966 = ORIENTED_EDGE ( 'NONE', *, *, #974, .T. ) ;
#3967 = ADVANCED_FACE ( 'NONE', ( #3472 ), #5052, .F. ) ;
#3968 =( GEOMETRIC_REPRESENTATION_CONTEXT ( 3 ) GLOBAL_UNCERTAINTY_ASSIGNED_CONTEXT ( ( #4272 ) ) GLOBAL_UNIT_ASSIGNED_CONTEXT ( ( #562, #2088, #3666 ) ) REPRESENTATION_CONTEXT ( 'NONE', 'WORKASPACE' ) );
#3969 = DIRECTION ( 'NONE',  ( 0.0000000000000000000, 0.0000000000000000000, 1.000000000000000000 ) ) ;
#3970 = VECTOR ( 'NONE', #3016, 1000.000000000000000 ) ;
#3971 = FILL_AREA_STYLE_COLOUR ( '', #4978 ) ;
#3972 = DIRECTION ( 'NONE',  ( 0.0000000000000000000, 0.0000000000000000000, 1.000000000000000000 ) ) ;
#3973 = ORIENTED_EDGE ( 'NONE', *, *, #3895, .T. ) ;
#3974 = ORIENTED_EDGE ( 'NONE', *, *, #3594, .T. ) ;
#3975 = PRESENTATION_LAYER_ASSIGNMENT (  '', '', ( #6327 ) ) ;
#3976 = EDGE_CURVE ( 'NONE', #243, #3998, #2543, .T. ) ;
#3977 = ADVANCED_FACE ( 'NONE', ( #170 ), #84, .T. ) ;
#3978 = DIRECTION ( 'NONE',  ( 0.0000000000000000000, 0.0000000000000000000, 1.000000000000000000 ) ) ;
#3979 = FACE_OUTER_BOUND ( 'NONE', #2060, .T. ) ;
#3980 = CARTESIAN_POINT ( 'NONE',  ( -0.8400000000000001910, 2.071275601236143071, 0.7386377856558155042 ) ) ;
#3981 = CARTESIAN_POINT ( 'NONE',  ( 2.109999999999999876, 3.000000000000000000, 0.0000000000000000000 ) ) ;
#3982 = EDGE_CURVE ( 'NONE', #1195, #5831, #5829, .T. ) ;
#3983 = DIRECTION ( 'NONE',  ( 0.0000000000000000000, -0.1364901473335454474, 0.9906414284093245648 ) ) ;
#3984 = PRESENTATION_STYLE_ASSIGNMENT (( #4890 ) ) ;
#3985 = ORIENTED_EDGE ( 'NONE', *, *, #2256, .F. ) ;
#3986 = CARTESIAN_POINT ( 'NONE',  ( -1.606095522657784658, -0.9190406258255605643, 1.650000000000000133 ) ) ;
#3987 = MECHANICAL_DESIGN_GEOMETRIC_PRESENTATION_REPRESENTATION (  '', ( #3672 ), #1115 ) ;
#3988 = ADVANCED_FACE ( 'NONE', ( #2747 ), #1740, .T. ) ;
#3989 = CARTESIAN_POINT ( 'NONE',  ( 2.296565235439750552, -1.884378889230784004, 1.025005614538769372 ) ) ;
#3990 = DIRECTION ( 'NONE',  ( 1.000000000000000000, 0.0000000000000000000, 0.0000000000000000000 ) ) ;
#3991 = LINE ( 'NONE', #2883, #993 ) ;
#3992 = ORIENTED_EDGE ( 'NONE', *, *, #2294, .F. ) ;
#3993 = CYLINDRICAL_SURFACE ( 'NONE', #6362, 0.05000000000000005829 ) ;
#3994 = PRESENTATION_LAYER_ASSIGNMENT (  '', '', ( #1009 ) ) ;
#3995 = VECTOR ( 'NONE', #50, 1000.000000000000000 ) ;
#3996 = ADVANCED_FACE ( 'NONE', ( #1711 ), #3647, .T. ) ;
#3997 = CARTESIAN_POINT ( 'NONE',  ( -0.4300000000000000488, 2.428942239050485785, 0.8249887709224612564 ) ) ;
#3998 = VERTEX_POINT ( 'NONE', #2651 ) ;
#3999 = SURFACE_STYLE_FILL_AREA ( #6088 ) ;
#4000 =( LENGTH_UNIT ( ) NAMED_UNIT ( * ) SI_UNIT ( .MILLI., .METRE. ) );
#4001 = CARTESIAN_POINT ( 'NONE',  ( -0.8400000000000003020, -2.329878096209553551, 0.3270158033497920780 ) ) ;
#4002 = STYLED_ITEM ( 'NONE', ( #6146 ), #2246 ) ;
#4003 = ORIENTED_EDGE ( 'NONE', *, *, #963, .T. ) ;
#4004 = FILL_AREA_STYLE_COLOUR ( '', #1359 ) ;
#4005 = SURFACE_STYLE_USAGE ( .BOTH. , #2030 ) ;
#4006 = MECHANICAL_DESIGN_GEOMETRIC_PRESENTATION_REPRESENTATION (  '', ( #5184 ), #2005 ) ;
#4007 = COLOUR_RGB ( '',0.8784313725490195957, 0.8784313725490195957, 0.8784313725490195957 ) ;
#4008 = UNCERTAINTY_MEASURE_WITH_UNIT (LENGTH_MEASURE( 1.000000000000000082E-05 ), #4858, 'distance_accuracy_value', 'NONE');
#4009 = EDGE_LOOP ( 'NONE', ( #3136, #2050, #5322, #5124 ) ) ;
#4010 =( NAMED_UNIT ( * ) PLANE_ANGLE_UNIT ( ) SI_UNIT ( $, .RADIAN. ) );
#4011 = LINE ( 'NONE', #4977, #2329 ) ;
#4012 = FILL_AREA_STYLE ('',( #4647 ) ) ;
#4013 = ORIENTED_EDGE ( 'NONE', *, *, #2532, .F. ) ;
#4014 =( GEOMETRIC_REPRESENTATION_CONTEXT ( 3 ) GLOBAL_UNCERTAINTY_ASSIGNED_CONTEXT ( ( #261 ) ) GLOBAL_UNIT_ASSIGNED_CONTEXT ( ( #1624, #473, #1002 ) ) REPRESENTATION_CONTEXT ( 'NONE', 'WORKASPACE' ) );
#4015 = FACE_OUTER_BOUND ( 'NONE', #3286, .T. ) ;
#4016 = PRESENTATION_STYLE_ASSIGNMENT (( #2001 ) ) ;
#4017 = VECTOR ( 'NONE', #5469, 1000.000000000000114 ) ;
#4018 = SURFACE_STYLE_FILL_AREA ( #6437 ) ;
#4019 = FILL_AREA_STYLE_COLOUR ( '', #560 ) ;
#4020 = CARTESIAN_POINT ( 'NONE',  ( 0.8400000000000001910, 2.408015296927252358, 0.04139560300519878888 ) ) ;
#4021 = ORIENTED_EDGE ( 'NONE', *, *, #6387, .T. ) ;
#4022 = EDGE_CURVE ( 'NONE', #5477, #3215, #3230, .T. ) ;
#4023 = AXIS2_PLACEMENT_3D ( 'NONE', #672, #4217, #3162 ) ;
#4024 = LINE ( 'NONE', #3556, #5708 ) ;
#4025 = DIRECTION ( 'NONE',  ( 0.0000000000000000000, 0.0000000000000000000, 1.000000000000000000 ) ) ;
#4026 = DIRECTION ( 'NONE',  ( 1.000000000000000000, 0.0000000000000000000, 0.0000000000000000000 ) ) ;
#4027 = CARTESIAN_POINT ( 'NONE',  ( 2.109999999999999876, 2.071275601236143071, 0.7386377856558151711 ) ) ;
#4028 = DIRECTION ( 'NONE',  ( 1.000000000000000000, 4.789936701946122186E-17, 5.912634763253690904E-32 ) ) ;
#4029 = ORIENTED_EDGE ( 'NONE', *, *, #6240, .F. ) ;
#4030 = CARTESIAN_POINT ( 'NONE',  ( -1.699999999999999956, -2.071275601236143071, 0.7386377856558151711 ) ) ;
#4031 = CARTESIAN_POINT ( 'NONE',  ( 1.700000000000000178, 2.131749810527688638, 0.2997177738830844596 ) ) ;
#4032 =( GEOMETRIC_REPRESENTATION_CONTEXT ( 3 ) GLOBAL_UNCERTAINTY_ASSIGNED_CONTEXT ( ( #194 ) ) GLOBAL_UNIT_ASSIGNED_CONTEXT ( ( #1826, #6310, #333 ) ) REPRESENTATION_CONTEXT ( 'NONE', 'WORKASPACE' ) );
#4033 = ORIENTED_EDGE ( 'NONE', *, *, #1083, .T. ) ;
#4034 = ADVANCED_FACE ( 'NONE', ( #4684 ), #6320, .T. ) ;
#4035 = SURFACE_STYLE_USAGE ( .BOTH. , #2661 ) ;
#4036 = FILL_AREA_STYLE ('',( #2022 ) ) ;
#4037 = LINE ( 'NONE', #1893, #3400 ) ;
#4038 = ORIENTED_EDGE ( 'NONE', *, *, #2575, .T. ) ;
#4039 = LINE ( 'NONE', #6116, #6519 ) ;
#4040 = PRESENTATION_STYLE_ASSIGNMENT (( #6092 ) ) ;
#4041 = CARTESIAN_POINT ( 'NONE',  ( 0.8400000000000001910, -3.000000000000000000, 0.0000000000000000000 ) ) ;
#4042 =( GEOMETRIC_REPRESENTATION_CONTEXT ( 3 ) GLOBAL_UNCERTAINTY_ASSIGNED_CONTEXT ( ( #4197 ) ) GLOBAL_UNIT_ASSIGNED_CONTEXT ( ( #3385, #4936, #1383 ) ) REPRESENTATION_CONTEXT ( 'NONE', 'WORKASPACE' ) );
#4043 = ADVANCED_FACE ( 'NONE', ( #4844 ), #1321, .T. ) ;
#4044 = FACE_OUTER_BOUND ( 'NONE', #5889, .T. ) ;
#4045 = DIRECTION ( 'NONE',  ( -1.000000000000000000, -0.0000000000000000000, -0.0000000000000000000 ) ) ;
#4046 = ORIENTED_EDGE ( 'NONE', *, *, #6394, .F. ) ;
#4047 = CARTESIAN_POINT ( 'NONE',  ( -1.699999999999999956, 2.428942239050485785, 0.3406648180831462480 ) ) ;
#4048 = DIRECTION ( 'NONE',  ( 0.0000000000000000000, 0.0000000000000000000, 1.000000000000000000 ) ) ;
#4049 = ORIENTED_EDGE ( 'NONE', *, *, #5518, .F. ) ;
#4050 = ORIENTED_EDGE ( 'NONE', *, *, #494, .T. ) ;
#4051 = CARTESIAN_POINT ( 'NONE',  ( 2.296565235439750552, -1.884378889230784004, 1.025005614538769372 ) ) ;
#4052 = CYLINDRICAL_SURFACE ( 'NONE', #4924, 0.1000000000000002554 ) ;
#4053 = FACE_OUTER_BOUND ( 'NONE', #2130, .T. ) ;
#4054 = VERTEX_POINT ( 'NONE', #5383 ) ;
#4055 = DIRECTION ( 'NONE',  ( 0.0000000000000000000, 0.0000000000000000000, 1.000000000000000000 ) ) ;
#4056 = VECTOR ( 'NONE', #2519, 1000.000000000000000 ) ;
#4057 = FILL_AREA_STYLE ('',( #2565 ) ) ;
#4058 = CARTESIAN_POINT ( 'NONE',  ( -0.4300000000000000488, 2.269403886918007984, 0.7659358151225242883 ) ) ;
#4059 = EDGE_LOOP ( 'NONE', ( #1136, #3255, #377, #2647 ) ) ;
#4060 = DIRECTION ( 'NONE',  ( 0.0000000000000000000, -0.1364901473335454474, 0.9906414284093245648 ) ) ;
#4061 = CARTESIAN_POINT ( 'NONE',  ( 0.4300000000000001599, -1.884378714326427451, 0.8249915364978968046 ) ) ;
#4062 = STYLED_ITEM ( 'NONE', ( #3879 ), #5442 ) ;
#4063 = AXIS2_PLACEMENT_3D ( 'NONE', #4790, #3691, #1155 ) ;
#4064 = LINE ( 'NONE', #1123, #2810 ) ;
#4065 = ADVANCED_FACE ( 'NONE', ( #3909 ), #736, .T. ) ;
#4066 = UNCERTAINTY_MEASURE_WITH_UNIT (LENGTH_MEASURE( 1.000000000000000082E-05 ), #3585, 'distance_accuracy_value', 'NONE');
#4067 = VERTEX_POINT ( 'NONE', #442 ) ;
#4068 = CARTESIAN_POINT ( 'NONE',  ( -1.699999999999999956, 2.329878096209553551, 0.3270158033497921335 ) ) ;
#4069 = CARTESIAN_POINT ( 'NONE',  ( 0.8400000000000001910, 2.071275601236143071, 0.7386377856558151711 ) ) ;
#4070 = CYLINDRICAL_SURFACE ( 'NONE', #1540, 0.1000000000000002554 ) ;
#4071 = COLOUR_RGB ( '',0.8784313725490195957, 0.8784313725490195957, 0.8784313725490195957 ) ;
#4072 = CARTESIAN_POINT ( 'NONE',  ( -1.699999999999999956, -2.428942239050485785, 0.3406648180831462480 ) ) ;
#4073 = CARTESIAN_POINT ( 'NONE',  ( -0.4300000000000000488, -2.408015296927252358, 0.04139560300519878888 ) ) ;
#4074 = EDGE_CURVE ( 'NONE', #5249, #2446, #4081, .T. ) ;
#4075 =( LENGTH_UNIT ( ) NAMED_UNIT ( * ) SI_UNIT ( .MILLI., .METRE. ) );
#4076 = MECHANICAL_DESIGN_GEOMETRIC_PRESENTATION_REPRESENTATION (  '', ( #3201 ), #6414 ) ;
#4077 = CARTESIAN_POINT ( 'NONE',  ( 2.219263736772203455, -1.757263736772203044, 0.1999999999999999833 ) ) ;
#4078 = AXIS2_PLACEMENT_3D ( 'NONE', #1289, #4851, #5802 ) ;
#4079 = ORIENTED_EDGE ( 'NONE', *, *, #836, .F. ) ;
#4080 = MECHANICAL_DESIGN_GEOMETRIC_PRESENTATION_REPRESENTATION (  '', ( #5789 ), #2893 ) ;
#4081 = LINE ( 'NONE', #5626, #4874 ) ;
#4082 = SURFACE_STYLE_FILL_AREA ( #4012 ) ;
#4083 = ORIENTED_EDGE ( 'NONE', *, *, #1424, .T. ) ;
#4084 = STYLED_ITEM ( 'NONE', ( #3473 ), #6040 ) ;
#4085 = ORIENTED_EDGE ( 'NONE', *, *, #266, .F. ) ;
#4086 = CARTESIAN_POINT ( 'NONE',  ( -0.4300000000000000488, -1.884378199852105862, 0.8249887709224611454 ) ) ;
#4087 = STYLED_ITEM ( 'NONE', ( #469 ), #803 ) ;
#4088 = AXIS2_PLACEMENT_3D ( 'NONE', #1815, #3825, #2216 ) ;
#4089 = DIRECTION ( 'NONE',  ( 0.0000000000000000000, 0.0000000000000000000, 1.000000000000000000 ) ) ;
#4090 = DIRECTION ( 'NONE',  ( 0.0000000000000000000, 0.0000000000000000000, 1.000000000000000000 ) ) ;
#4091 = CARTESIAN_POINT ( 'NONE',  ( 2.219263736772202567, 1.806942131948886088, 1.655661894794970612 ) ) ;
#4092 = AXIS2_PLACEMENT_3D ( 'NONE', #5496, #911, #2843 ) ;
#4093 = ORIENTED_EDGE ( 'NONE', *, *, #3168, .T. ) ;
#4094 = PLANE ( 'NONE',  #59 ) ;
#4095 =( BOUNDED_CURVE ( )  B_SPLINE_CURVE ( 3, ( #583, #91, #65, #2144 ),
 .UNSPECIFIED., .F., .T. ) 
 B_SPLINE_CURVE_WITH_KNOTS ( ( 4, 4 ),
 ( 5.501507132124507926, 7.064863482234655656 ),
 .UNSPECIFIED. ) 
 CURVE ( )  GEOMETRIC_REPRESENTATION_ITEM ( )  RATIONAL_B_SPLINE_CURVE ( ( 1.000000000000000000, 0.8064882076837749381, 0.8064882076837749381, 1.000000000000000000 ) ) 
 REPRESENTATION_ITEM ( '' )  );
#4096 = LINE ( 'NONE', #5639, #5260 ) ;
#4097 = DIRECTION ( 'NONE',  ( -0.0000000000000000000, -1.000000000000000000, 0.0000000000000000000 ) ) ;
#4098 = ORIENTED_EDGE ( 'NONE', *, *, #6568, .T. ) ;
#4099 = SURFACE_STYLE_FILL_AREA ( #5671 ) ;
#4100 =( NAMED_UNIT ( * ) PLANE_ANGLE_UNIT ( ) SI_UNIT ( $, .RADIAN. ) );
#4101 = ORIENTED_EDGE ( 'NONE', *, *, #5049, .T. ) ;
#4102 = PRESENTATION_LAYER_ASSIGNMENT (  '', '', ( #2094 ) ) ;
#4103 = FILL_AREA_STYLE ('',( #2085 ) ) ;
#4104 = DIRECTION ( 'NONE',  ( 0.0000000000000000000, 1.000000000000000000, -1.234386826208250825E-15 ) ) ;
#4105 = CIRCLE ( 'NONE', #1574, 0.3000000000000001554 ) ;
#4106 = DIRECTION ( 'NONE',  ( -0.1209742911513546210, -0.1209742911513559671, 0.9852565360152929497 ) ) ;
#4107 = EDGE_LOOP ( 'NONE', ( #4079, #1723, #1373, #2714, #616, #2715, #2701, #2202, #2616, #5759, #6114, #1914 ) ) ;
#4108 = LINE ( 'NONE', #5168, #3764 ) ;
#4109 =( LENGTH_UNIT ( ) NAMED_UNIT ( * ) SI_UNIT ( .MILLI., .METRE. ) );
#4110 = CARTESIAN_POINT ( 'NONE',  ( -0.4300000000000000488, 2.269403886918007984, 0.7659358151225240663 ) ) ;
#4111 = LINE ( 'NONE', #2513, #2423 ) ;
#4112 = FACE_OUTER_BOUND ( 'NONE', #3088, .T. ) ;
#4113 = MECHANICAL_DESIGN_GEOMETRIC_PRESENTATION_REPRESENTATION (  '', ( #5066 ), #2210 ) ;
#4114 = CARTESIAN_POINT ( 'NONE',  ( -2.346379578609460559, -1.884379578609461259, 1.025000000000000133 ) ) ;
#4115 = ADVANCED_FACE ( 'NONE', ( #4519 ), #2451, .F. ) ;
#4116 = DIRECTION ( 'NONE',  ( 0.0000000000000000000, 0.0000000000000000000, 1.000000000000000000 ) ) ;
#4117 = LINE ( 'NONE', #6151, #3633 ) ;
#4118 = VECTOR ( 'NONE', #227, 1000.000000000000000 ) ;
#4119 = FILL_AREA_STYLE ('',( #3971 ) ) ;
#4120 = CARTESIAN_POINT ( 'NONE',  ( -2.109999999999999876, -3.000000000000000444, 1.005945189416223151E-17 ) ) ;
#4121 = EDGE_CURVE ( 'NONE', #5359, #2503, #4615, .T. ) ;
#4122 = ORIENTED_EDGE ( 'NONE', *, *, #2398, .T. ) ;
#4123 = ORIENTED_EDGE ( 'NONE', *, *, #6248, .F. ) ;
#4124 = EDGE_CURVE ( 'NONE', #1170, #544, #4011, .T. ) ;
#4125 = STYLED_ITEM ( 'NONE', ( #4823 ), #2518 ) ;
#4126 = PRESENTATION_STYLE_ASSIGNMENT (( #2529 ) ) ;
#4127 = FACE_OUTER_BOUND ( 'NONE', #4748, .T. ) ;
#4128 = LINE ( 'NONE', #3648, #2487 ) ;
#4129 = CARTESIAN_POINT ( 'NONE',  ( 2.245982507821991714, 1.783982507821995300, 1.700000000000000622 ) ) ;
#4130 = AXIS2_PLACEMENT_3D ( 'NONE', #211, #4363, #678 ) ;
#4131 = ORIENTED_EDGE ( 'NONE', *, *, #3976, .T. ) ;
#4132 = EDGE_CURVE ( 'NONE', #1865, #489, #6064, .T. ) ;
#4133 = VECTOR ( 'NONE', #1302, 1000.000000000000114 ) ;
#4134 = VECTOR ( 'NONE', #5488, 1000.000000000000000 ) ;
#4135 = CARTESIAN_POINT ( 'NONE',  ( 2.265916554534186389, -1.787316369894380585, 0.1792518535744361541 ) ) ;
#4136 = PLANE ( 'NONE',  #5949 ) ;
#4137 = EDGE_LOOP ( 'NONE', ( #2274, #1024, #6097, #2802, #6135, #1382, #6219, #1503, #2899, #4049, #5345, #5413 ) ) ;
#4138 = AXIS2_PLACEMENT_3D ( 'NONE', #5254, #5696, #2200 ) ;
#4139 = CIRCLE ( 'NONE', #6066, 0.3000000000000001554 ) ;
#4140 = VECTOR ( 'NONE', #2416, 1000.000000000000000 ) ;
#4141 = CARTESIAN_POINT ( 'NONE',  ( 0.8400000000000001910, 2.071275601236143071, 0.7386377856558151711 ) ) ;
#4142 = LINE ( 'NONE', #5709, #2777 ) ;
#4143 = UNCERTAINTY_MEASURE_WITH_UNIT (LENGTH_MEASURE( 1.000000000000000082E-05 ), #5583, 'distance_accuracy_value', 'NONE');
#4144 = ORIENTED_EDGE ( 'NONE', *, *, #6240, .T. ) ;
#4145 = LINE ( 'NONE', #2702, #6077 ) ;
#4146 = MECHANICAL_DESIGN_GEOMETRIC_PRESENTATION_REPRESENTATION (  '', ( #6593 ), #3817 ) ;
#4147 = FACE_OUTER_BOUND ( 'NONE', #3913, .T. ) ;
#4148 = ORIENTED_EDGE ( 'NONE', *, *, #2054, .F. ) ;
#4149 =( NAMED_UNIT ( * ) PLANE_ANGLE_UNIT ( ) SI_UNIT ( $, .RADIAN. ) );
#4150 = DIRECTION ( 'NONE',  ( -1.000000000000000000, 0.0000000000000000000, 0.0000000000000000000 ) ) ;
#4151 = EDGE_CURVE ( 'NONE', #1057, #779, #6062, .T. ) ;
#4152 = DIRECTION ( 'NONE',  ( -1.000000000000000000, 0.0000000000000000000, -0.0000000000000000000 ) ) ;
#4153 = ORIENTED_EDGE ( 'NONE', *, *, #5269, .F. ) ;
#4154 = EDGE_CURVE ( 'NONE', #727, #3322, #2999, .T. ) ;
#4155 = EDGE_CURVE ( 'NONE', #1865, #1074, #1531, .T. ) ;
#4156 = EDGE_CURVE ( 'NONE', #1877, #1965, #5525, .T. ) ;
#4157 = ORIENTED_EDGE ( 'NONE', *, *, #1932, .F. ) ;
#4158 = DIRECTION ( 'NONE',  ( -1.000000000000000000, -0.0000000000000000000, -0.0000000000000000000 ) ) ;
#4159 = DIRECTION ( 'NONE',  ( 0.0000000000000000000, -0.9205048534524398196, -0.3907311284892751035 ) ) ;
#4160 = PRESENTATION_STYLE_ASSIGNMENT (( #2140 ) ) ;
#4161 = PRESENTATION_STYLE_ASSIGNMENT (( #1153 ) ) ;
#4162 = ORIENTED_EDGE ( 'NONE', *, *, #712, .T. ) ;
#4163 = LINE ( 'NONE', #4573, #693 ) ;
#4164 = STYLED_ITEM ( 'NONE', ( #6570 ), #5091 ) ;
#4165 = FACE_OUTER_BOUND ( 'NONE', #4273, .T. ) ;
#4166 = CARTESIAN_POINT ( 'NONE',  ( 2.109999999999999876, -2.329878096209553551, 0.3270158033497923555 ) ) ;
#4167 = EDGE_LOOP ( 'NONE', ( #4935, #159, #1117, #2315 ) ) ;
#4168 = SURFACE_STYLE_USAGE ( .BOTH. , #1623 ) ;
#4169 = CARTESIAN_POINT ( 'NONE',  ( -1.437500000000000000, 1.012499999999999956, 0.1399999999999999856 ) ) ;
#4170 = COLOUR_RGB ( '',0.8784313725490195957, 0.8784313725490195957, 0.8784313725490195957 ) ;
#4171 = DIRECTION ( 'NONE',  ( 0.0000000000000000000, -1.000000000000000000, -1.234386826208250825E-15 ) ) ;
#4172 = CARTESIAN_POINT ( 'NONE',  ( 1.700000000000000178, 1.972211458395209505, 0.8249887709224612564 ) ) ;
#4173 = FILL_AREA_STYLE ('',( #2092 ) ) ;
#4174 = STYLED_ITEM ( 'NONE', ( #716 ), #5164 ) ;
#4175 =( GEOMETRIC_REPRESENTATION_CONTEXT ( 3 ) GLOBAL_UNCERTAINTY_ASSIGNED_CONTEXT ( ( #2086 ) ) GLOBAL_UNIT_ASSIGNED_CONTEXT ( ( #3439, #2362, #2940 ) ) REPRESENTATION_CONTEXT ( 'NONE', 'WORKASPACE' ) );
#4176 = ORIENTED_EDGE ( 'NONE', *, *, #1608, .T. ) ;
#4177 = FACE_OUTER_BOUND ( 'NONE', #1147, .T. ) ;
#4178 = DIRECTION ( 'NONE',  ( 0.0000000000000000000, 0.9975640502598247528, 0.06975647374411841906 ) ) ;
#4179 = CARTESIAN_POINT ( 'NONE',  ( 0.8400000000000001910, 2.269403886918007984, 0.7659358151225242883 ) ) ;
#4180 = VERTEX_POINT ( 'NONE', #5112 ) ;
#4181 = VERTEX_POINT ( 'NONE', #940 ) ;
#4182 =( LENGTH_UNIT ( ) NAMED_UNIT ( * ) SI_UNIT ( .MILLI., .METRE. ) );
#4183 = MECHANICAL_DESIGN_GEOMETRIC_PRESENTATION_REPRESENTATION (  '', ( #1430 ), #2688 ) ;
#4184 = EDGE_CURVE ( 'NONE', #2809, #1965, #46, .T. ) ;
#4185 = MECHANICAL_DESIGN_GEOMETRIC_PRESENTATION_REPRESENTATION (  '', ( #3426 ), #5470 ) ;
#4186 = SURFACE_STYLE_USAGE ( .BOTH. , #2164 ) ;
#4187 = ORIENTED_EDGE ( 'NONE', *, *, #2327, .T. ) ;
#4188 = PRESENTATION_LAYER_ASSIGNMENT (  '', '', ( #3096 ) ) ;
#4189 = CARTESIAN_POINT ( 'NONE',  ( 0.8400000000000001910, -1.972211458395209949, 0.8249887709224613674 ) ) ;
#4190 = COLOUR_RGB ( '',0.1725490196078431349, 0.1725490196078431349, 0.1725490196078431349 ) ;
#4191 = EDGE_CURVE ( 'NONE', #2113, #3579, #3430, .T. ) ;
#4192 =( LENGTH_UNIT ( ) NAMED_UNIT ( * ) SI_UNIT ( .MILLI., .METRE. ) );
#4193 = MECHANICAL_DESIGN_GEOMETRIC_PRESENTATION_REPRESENTATION (  '', ( #4411 ), #1975 ) ;
#4194 = FILL_AREA_STYLE ('',( #2175 ) ) ;
#4195 = VERTEX_POINT ( 'NONE', #2230 ) ;
#4196 = EDGE_CURVE ( 'NONE', #2046, #544, #2712, .T. ) ;
#4197 = UNCERTAINTY_MEASURE_WITH_UNIT (LENGTH_MEASURE( 1.000000000000000082E-05 ), #3385, 'distance_accuracy_value', 'NONE');
#4198 = VERTEX_POINT ( 'NONE', #2612 ) ;
#4199 = SURFACE_STYLE_FILL_AREA ( #3630 ) ;
#4200 = DIRECTION ( 'NONE',  ( -1.000000000000000000, 0.0000000000000000000, 0.0000000000000000000 ) ) ;
#4201 = PRESENTATION_STYLE_ASSIGNMENT (( #1501 ) ) ;
#4202 = AXIS2_PLACEMENT_3D ( 'NONE', #6010, #4857, #919 ) ;
#4203 = SURFACE_STYLE_FILL_AREA ( #3605 ) ;
#4204 = CARTESIAN_POINT ( 'NONE',  ( -1.699999999999999956, -2.329878096209553551, 0.3270158033497923000 ) ) ;
#4205 = COLOUR_RGB ( '',0.8784313725490195957, 0.8784313725490195957, 0.8784313725490195957 ) ;
#4206 = UNCERTAINTY_MEASURE_WITH_UNIT (LENGTH_MEASURE( 1.000000000000000082E-05 ), #4182, 'distance_accuracy_value', 'NONE');
#4207 = ORIENTED_EDGE ( 'NONE', *, *, #3895, .F. ) ;
#4208 = FACE_OUTER_BOUND ( 'NONE', #2190, .T. ) ;
#4209 = CARTESIAN_POINT ( 'NONE',  ( -2.109999999999999876, -1.884379578609461259, 1.025000000000000133 ) ) ;
#4210 = CARTESIAN_POINT ( 'NONE',  ( -1.699999999999999956, -3.013951294748823617, 0.1995128100519649172 ) ) ;
#4211 = CARTESIAN_POINT ( 'NONE',  ( -1.699999999999999956, 1.972211458395209505, 0.8249887709224612564 ) ) ;
#4212 = VERTEX_POINT ( 'NONE', #2741 ) ;
#4213 = MECHANICAL_DESIGN_GEOMETRIC_PRESENTATION_REPRESENTATION (  '', ( #2912 ), #785 ) ;
#4214 = EDGE_LOOP ( 'NONE', ( #3269, #311, #80, #4101 ) ) ;
#4215 = VECTOR ( 'NONE', #532, 1000.000000000000000 ) ;
#4216 =( LENGTH_UNIT ( ) NAMED_UNIT ( * ) SI_UNIT ( .MILLI., .METRE. ) );
#4217 = DIRECTION ( 'NONE',  ( -1.000000000000000000, 0.0000000000000000000, 0.0000000000000000000 ) ) ;
#4218 = VERTEX_POINT ( 'NONE', #79 ) ;
#4219 = ORIENTED_EDGE ( 'NONE', *, *, #6268, .F. ) ;
#4220 = CARTESIAN_POINT ( 'NONE',  ( 2.109999999999999876, 3.000000000000000444, -4.539491095799740721E-18 ) ) ;
#4221 = VECTOR ( 'NONE', #5308, 1000.000000000000000 ) ;
#4222 = CYLINDRICAL_SURFACE ( 'NONE', #4092, 0.09999999999999988065 ) ;
#4223 = CARTESIAN_POINT ( 'NONE',  ( 0.4300000000000000488, 1.972211458395209061, 1.024988770922461434 ) ) ;
#4224 = CARTESIAN_POINT ( 'NONE',  ( -2.296379578609461181, -1.834379578609460992, 1.025000000000000133 ) ) ;
#4225 = FILL_AREA_STYLE_COLOUR ( '', #3294 ) ;
#4226 = EDGE_CURVE ( 'NONE', #972, #4589, #2128, .T. ) ;
#4227 = DIRECTION ( 'NONE',  ( 0.0000000000000000000, -1.000000000000000000, 0.0000000000000000000 ) ) ;
#4228 = ORIENTED_EDGE ( 'NONE', *, *, #5220, .F. ) ;
#4229 = AXIS2_PLACEMENT_3D ( 'NONE', #5149, #1506, #2373 ) ;
#4230 = COLOUR_RGB ( '',0.8784313725490195957, 0.8784313725490195957, 0.8784313725490195957 ) ;
#4231 = CARTESIAN_POINT ( 'NONE',  ( -0.8400000000000001910, -1.972211458395209949, 0.7249887709224612786 ) ) ;
#4232 = LINE ( 'NONE', #1789, #3100 ) ;
#4233 = ORIENTED_EDGE ( 'NONE', *, *, #3168, .F. ) ;
#4234 = DIRECTION ( 'NONE',  ( 0.0000000000000000000, 0.0000000000000000000, 1.000000000000000000 ) ) ;
#4235 =( LENGTH_UNIT ( ) NAMED_UNIT ( * ) SI_UNIT ( .MILLI., .METRE. ) );
#4236 = STYLED_ITEM ( 'NONE', ( #204 ), #3996 ) ;
#4237 = CARTESIAN_POINT ( 'NONE',  ( 1.700000000000000178, -2.428942239050485785, 0.3406648180831462480 ) ) ;
#4238 = STYLED_ITEM ( 'NONE', ( #3121 ), #3140 ) ;
#4239 = FACE_OUTER_BOUND ( 'NONE', #2567, .T. ) ;
#4240 = MECHANICAL_DESIGN_GEOMETRIC_PRESENTATION_REPRESENTATION (  '', ( #4571 ), #6265 ) ;
#4241 = ORIENTED_EDGE ( 'NONE', *, *, #1768, .F. ) ;
#4242 = CARTESIAN_POINT ( 'NONE',  ( 2.346379578609460559, -1.884379578609461259, 1.025000000000000133 ) ) ;
#4243 = EDGE_CURVE ( 'NONE', #2829, #5141, #3677, .T. ) ;
#4244 = CYLINDRICAL_SURFACE ( 'NONE', #3487, 0.05000000000000005829 ) ;
#4245 = CARTESIAN_POINT ( 'NONE',  ( 2.219263736772203011, -1.354819527753585717, 1.700000000000000400 ) ) ;
#4246 = MECHANICAL_DESIGN_GEOMETRIC_PRESENTATION_REPRESENTATION (  '', ( #2555 ), #1607 ) ;
#4247 = VERTEX_POINT ( 'NONE', #2674 ) ;
#4248 = VERTEX_POINT ( 'NONE', #1702 ) ;
#4249 = DIRECTION ( 'NONE',  ( 1.000000000000000000, 0.0000000000000000000, 0.0000000000000000000 ) ) ;
#4250 = MECHANICAL_DESIGN_GEOMETRIC_PRESENTATION_REPRESENTATION (  '', ( #5964 ), #6483 ) ;
#4251 = LINE ( 'NONE', #5320, #229 ) ;
#4252 = FILL_AREA_STYLE_COLOUR ( '', #982 ) ;
#4253 =( LENGTH_UNIT ( ) NAMED_UNIT ( * ) SI_UNIT ( .MILLI., .METRE. ) );
#4254 = EDGE_LOOP ( 'NONE', ( #2541, #5098, #1420, #537 ) ) ;
#4255 = ORIENTED_EDGE ( 'NONE', *, *, #4405, .T. ) ;
#4256 = AXIS2_PLACEMENT_3D ( 'NONE', #6408, #5955, #5854 ) ;
#4257 = DIRECTION ( 'NONE',  ( 0.1209730565804932739, -0.1210573863125712218, -0.9852464812425070217 ) ) ;
#4258 = DIRECTION ( 'NONE',  ( 0.0000000000000000000, -0.1364901473335454474, -0.9906414284093245648 ) ) ;
#4259 = SURFACE_SIDE_STYLE ('',( #2726 ) ) ;
#4260 = ORIENTED_EDGE ( 'NONE', *, *, #216, .T. ) ;
#4261 = EDGE_CURVE ( 'NONE', #1059, #230, #5216, .T. ) ;
#4262 = CARTESIAN_POINT ( 'NONE',  ( -1.699999999999999956, 2.269403886918007984, 0.7659358151225242883 ) ) ;
#4263 =( NAMED_UNIT ( * ) PLANE_ANGLE_UNIT ( ) SI_UNIT ( $, .RADIAN. ) );
#4264 = CARTESIAN_POINT ( 'NONE',  ( -2.219263736772203455, 1.757263736772202822, 0.1999999999999999833 ) ) ;
#4265 = UNCERTAINTY_MEASURE_WITH_UNIT (LENGTH_MEASURE( 1.000000000000000082E-05 ), #878, 'distance_accuracy_value', 'NONE');
#4266 = ORIENTED_EDGE ( 'NONE', *, *, #5382, .T. ) ;
#4267 = CARTESIAN_POINT ( 'NONE',  ( -1.699999999999999956, -2.421966591676075087, 0.2409084130571637894 ) ) ;
#4268 = CARTESIAN_POINT ( 'NONE',  ( -1.437499999999999778, 1.012499999999999956, 0.1399999999999999856 ) ) ;
#4269 = MECHANICAL_DESIGN_GEOMETRIC_PRESENTATION_REPRESENTATION (  '', ( #3395 ), #5987 ) ;
#4270 = EDGE_CURVE ( 'NONE', #3058, #1588, #6245, .T. ) ;
#4271 = VECTOR ( 'NONE', #4903, 1000.000000000000000 ) ;
#4272 = UNCERTAINTY_MEASURE_WITH_UNIT (LENGTH_MEASURE( 1.000000000000000082E-05 ), #562, 'distance_accuracy_value', 'NONE');
#4273 = EDGE_LOOP ( 'NONE', ( #2672, #6418, #5305, #2101 ) ) ;
#4274 =( NAMED_UNIT ( * ) PLANE_ANGLE_UNIT ( ) SI_UNIT ( $, .RADIAN. ) );
#4275 = DIRECTION ( 'NONE',  ( 0.1209742911513548153, 0.1209742911513548291, -0.9852565360152931717 ) ) ;
#4276 = CARTESIAN_POINT ( 'NONE',  ( 2.265916554534189942, -1.356684921124291732, 1.681333336854352156 ) ) ;
#4277 = ORIENTED_EDGE ( 'NONE', *, *, #360, .F. ) ;
#4278 = ORIENTED_EDGE ( 'NONE', *, *, #4833, .T. ) ;
#4279 =( NAMED_UNIT ( * ) PLANE_ANGLE_UNIT ( ) SI_UNIT ( $, .RADIAN. ) );
#4280 = VECTOR ( 'NONE', #2015, 1000.000000000000000 ) ;
#4281 = EDGE_CURVE ( 'NONE', #3998, #5102, #2847, .T. ) ;
#4282 = AXIS2_PLACEMENT_3D ( 'NONE', #6309, #197, #1763 ) ;
#4283 = DIRECTION ( 'NONE',  ( -0.0000000000000000000, 0.06975647374411841906, 0.9975640502598247528 ) ) ;
#4284 = VERTEX_POINT ( 'NONE', #1108 ) ;
#4285 = PRESENTATION_LAYER_ASSIGNMENT (  '', '', ( #1955 ) ) ;
#4286 = ORIENTED_EDGE ( 'NONE', *, *, #1768, .T. ) ;
#4287 = STYLED_ITEM ( 'NONE', ( #4427 ), #633 ) ;
#4288 = EDGE_CURVE ( 'NONE', #236, #561, #199, .T. ) ;
#4289 = COLOUR_RGB ( '',0.8784313725490195957, 0.8784313725490195957, 0.8784313725490195957 ) ;
#4290 = CARTESIAN_POINT ( 'NONE',  ( 0.0000000000000000000, 1.012499999999999956, 0.1499999999999999944 ) ) ;
#4291 = MECHANICAL_DESIGN_GEOMETRIC_PRESENTATION_REPRESENTATION (  '', ( #6013 ), #653 ) ;
#4292 = FILL_AREA_STYLE_COLOUR ( '', #1423 ) ;
#4293 = FACE_OUTER_BOUND ( 'NONE', #883, .T. ) ;
#4294 = MECHANICAL_DESIGN_GEOMETRIC_PRESENTATION_REPRESENTATION (  '', ( #5029 ), #1546 ) ;
#4295 = FACE_OUTER_BOUND ( 'NONE', #4563, .T. ) ;
#4296 = STYLED_ITEM ( 'NONE', ( #5745 ), #837 ) ;
#4297 = CARTESIAN_POINT ( 'NONE',  ( 2.109999999999999876, -2.428942239050485785, 0.3406648180831462480 ) ) ;
#4298 = VECTOR ( 'NONE', #456, 1000.000000000000000 ) ;
#4299 = CARTESIAN_POINT ( 'NONE',  ( -0.4300000000000000488, -1.972211458395209949, 0.7249887709224612786 ) ) ;
#4300 = MECHANICAL_DESIGN_GEOMETRIC_PRESENTATION_REPRESENTATION (  '', ( #6534 ), #5909 ) ;
#4301 = VERTEX_POINT ( 'NONE', #4704 ) ;
#4302 = SURFACE_STYLE_FILL_AREA ( #784 ) ;
#4303 = CARTESIAN_POINT ( 'NONE',  ( -2.245982507821994378, -1.354819527753587494, 1.700000000000000178 ) ) ;
#4304 =( LENGTH_UNIT ( ) NAMED_UNIT ( * ) SI_UNIT ( .MILLI., .METRE. ) );
#4305 =( NAMED_UNIT ( * ) PLANE_ANGLE_UNIT ( ) SI_UNIT ( $, .RADIAN. ) );
#4306 = CARTESIAN_POINT ( 'NONE',  ( 2.109999999999999876, -2.269403886918007540, 0.7659358151225239553 ) ) ;
#4307 =( GEOMETRIC_REPRESENTATION_CONTEXT ( 3 ) GLOBAL_UNCERTAINTY_ASSIGNED_CONTEXT ( ( #1348 ) ) GLOBAL_UNIT_ASSIGNED_CONTEXT ( ( #6404, #5923, #6440 ) ) REPRESENTATION_CONTEXT ( 'NONE', 'WORKASPACE' ) );
#4308 = ORIENTED_EDGE ( 'NONE', *, *, #1399, .F. ) ;
#4309 = PLANE ( 'NONE',  #4463 ) ;
#4310 = SURFACE_STYLE_FILL_AREA ( #1276 ) ;
#4311 = CARTESIAN_POINT ( 'NONE',  ( 2.265916554534189498, -1.360699170876319641, 1.679617966623564218 ) ) ;
#4312 = EDGE_CURVE ( 'NONE', #6006, #3463, #134, .T. ) ;
#4313 = EDGE_LOOP ( 'NONE', ( #1377, #6284, #6334, #1008 ) ) ;
#4314 = EDGE_CURVE ( 'NONE', #2852, #11, #4677, .T. ) ;
#4315 = ORIENTED_EDGE ( 'NONE', *, *, #2875, .T. ) ;
#4316 = CARTESIAN_POINT ( 'NONE',  ( 0.4300000000000000488, -3.000000000000000000, 0.0000000000000000000 ) ) ;
#4317 = VECTOR ( 'NONE', #1159, 1000.000000000000000 ) ;
#4318 = ADVANCED_FACE ( 'NONE', ( #5757 ), #4244, .T. ) ;
#4319 = CYLINDRICAL_SURFACE ( 'NONE', #556, 0.09999999999999988065 ) ;
#4320 = VECTOR ( 'NONE', #3513, 1000.000000000000000 ) ;
#4321 = EDGE_LOOP ( 'NONE', ( #186, #3788, #4356, #2129 ) ) ;
#4322 = ORIENTED_EDGE ( 'NONE', *, *, #3208, .F. ) ;
#4323 = MECHANICAL_DESIGN_GEOMETRIC_PRESENTATION_REPRESENTATION (  '', ( #373 ), #2618 ) ;
#4324 = CARTESIAN_POINT ( 'NONE',  ( 2.109999999999999876, -1.884378199852105640, 1.024988770922461212 ) ) ;
#4325 = SURFACE_SIDE_STYLE ('',( #5296 ) ) ;
#4326 = CARTESIAN_POINT ( 'NONE',  ( -2.109999999999999876, 1.972211458395209949, 0.7249887709224612786 ) ) ;
#4327 = FACE_OUTER_BOUND ( 'NONE', #3744, .T. ) ;
#4328 = FACE_OUTER_BOUND ( 'NONE', #3607, .T. ) ;
#4329 = VERTEX_POINT ( 'NONE', #3120 ) ;
#4330 = DIRECTION ( 'NONE',  ( -1.000000000000000000, -0.0000000000000000000, -0.0000000000000000000 ) ) ;
#4331 = CARTESIAN_POINT ( 'NONE',  ( -1.806095522657784835, -0.9190406258255605643, 1.650000000000000133 ) ) ;
#4332 = DIRECTION ( 'NONE',  ( 0.0000000000000000000, 0.0000000000000000000, 1.000000000000000000 ) ) ;
#4333 = ORIENTED_EDGE ( 'NONE', *, *, #3208, .T. ) ;
#4334 = CARTESIAN_POINT ( 'NONE',  ( -2.346379578609460559, -1.884379578609461259, 1.025000000000000133 ) ) ;
#4335 = CARTESIAN_POINT ( 'NONE',  ( 0.0000000000000000000, -1.799301182434473567, 1.512770205782438149 ) ) ;
#4336 = FACE_OUTER_BOUND ( 'NONE', #3389, .T. ) ;
#4337 = COLOUR_RGB ( '',0.8784313725490195957, 0.8784313725490195957, 0.8784313725490195957 ) ;
#4338 = MECHANICAL_DESIGN_GEOMETRIC_PRESENTATION_REPRESENTATION (  '', ( #5087 ), #390 ) ;
#4339 = VECTOR ( 'NONE', #1449, 1000.000000000000114 ) ;
#4340 = CIRCLE ( 'NONE', #1036, 0.05000000000000012768 ) ;
#4341 = SURFACE_STYLE_USAGE ( .BOTH. , #1273 ) ;
#4342 = UNCERTAINTY_MEASURE_WITH_UNIT (LENGTH_MEASURE( 1.000000000000000082E-05 ), #4235, 'distance_accuracy_value', 'NONE');
#4343 = ORIENTED_EDGE ( 'NONE', *, *, #914, .F. ) ;
#4344 = SURFACE_STYLE_FILL_AREA ( #2859 ) ;
#4345 = CARTESIAN_POINT ( 'NONE',  ( 0.8400000000000000799, 1.884379578609461259, 1.024988770922461212 ) ) ;
#4346 = EDGE_LOOP ( 'NONE', ( #3316, #6056, #4260, #5282 ) ) ;
#4347 = AXIS2_PLACEMENT_3D ( 'NONE', #3750, #4283, #574 ) ;
#4348 = PRESENTATION_STYLE_ASSIGNMENT (( #1356 ) ) ;
#4349 = AXIS2_PLACEMENT_3D ( 'NONE', #1800, #6282, #3778 ) ;
#4350 = LINE ( 'NONE', #118, #371 ) ;
#4351 = ADVANCED_FACE ( 'NONE', ( #4646 ), #6281, .T. ) ;
#4352 = CARTESIAN_POINT ( 'NONE',  ( -1.699999999999999956, 2.131749810527688638, 0.2997177738830843485 ) ) ;
#4353 = VECTOR ( 'NONE', #3711, 1000.000000000000227 ) ;
#4354 =( LENGTH_UNIT ( ) NAMED_UNIT ( * ) SI_UNIT ( .MILLI., .METRE. ) );
#4355 = ORIENTED_EDGE ( 'NONE', *, *, #2450, .T. ) ;
#4356 = ORIENTED_EDGE ( 'NONE', *, *, #2364, .F. ) ;
#4357 = PRESENTATION_LAYER_ASSIGNMENT (  '', '', ( #5964 ) ) ;
#4358 = EDGE_CURVE ( 'NONE', #3935, #1074, #3610, .T. ) ;
#4359 = CARTESIAN_POINT ( 'NONE',  ( 2.288605220630223869, -1.809657278107467793, 1.487514913283779050 ) ) ;
#4360 = LINE ( 'NONE', #1912, #6102 ) ;
#4361 = DIRECTION ( 'NONE',  ( -1.000000000000000000, -0.0000000000000000000, -0.0000000000000000000 ) ) ;
#4362 = EDGE_CURVE ( 'NONE', #335, #2686, #1630, .T. ) ;
#4363 = DIRECTION ( 'NONE',  ( 0.0000000000000000000, -1.234386826208250825E-15, 1.000000000000000000 ) ) ;
#4364 = AXIS2_PLACEMENT_3D ( 'NONE', #4069, #3933, #6573 ) ;
#4365 = FILL_AREA_STYLE ('',( #4225 ) ) ;
#4366 = DIRECTION ( 'NONE',  ( 0.0000000000000000000, 0.0000000000000000000, 1.000000000000000000 ) ) ;
#4367 = FILL_AREA_STYLE ('',( #4496 ) ) ;
#4368 = SURFACE_SIDE_STYLE ('',( #887 ) ) ;
#4369 = FILL_AREA_STYLE_COLOUR ( '', #1969 ) ;
#4370 = LINE ( 'NONE', #1446, #5472 ) ;
#4371 = ORIENTED_EDGE ( 'NONE', *, *, #5225, .F. ) ;
#4372 = CARTESIAN_POINT ( 'NONE',  ( 2.109999999999999876, -2.071275601236143071, 0.7386377856558155042 ) ) ;
#4373 = CARTESIAN_POINT ( 'NONE',  ( 0.4300000000000000488, 2.428942239050485785, 0.3406648180831462480 ) ) ;
#4374 = CARTESIAN_POINT ( 'NONE',  ( -2.268942131948885610, -1.350267638824383276, 1.655206458133340774 ) ) ;
#4375 = SURFACE_STYLE_USAGE ( .BOTH. , #4773 ) ;
#4376 = EDGE_CURVE ( 'NONE', #3463, #1255, #3640, .T. ) ;
#4377 = EDGE_LOOP ( 'NONE', ( #3973, #981, #2500, #4872 ) ) ;
#4378 = CARTESIAN_POINT ( 'NONE',  ( -2.263500000000000512, -1.884378878992037043, 0.8249943020733323529 ) ) ;
#4379 = ORIENTED_EDGE ( 'NONE', *, *, #1168, .T. ) ;
#4380 = CARTESIAN_POINT ( 'NONE',  ( 2.219263736772202567, 1.783982507821987973, 0.1499999999999990785 ) ) ;
#4381 = LINE ( 'NONE', #5193, #5165 ) ;
#4382 = VECTOR ( 'NONE', #2888, 1000.000000000000114 ) ;
#4383 = SURFACE_STYLE_USAGE ( .BOTH. , #1390 ) ;
#4384 = ORIENTED_EDGE ( 'NONE', *, *, #1729, .F. ) ;
#4385 = COLOUR_RGB ( '',0.8784313725490195957, 0.8784313725490195957, 0.8784313725490195957 ) ;
#4386 = CARTESIAN_POINT ( 'NONE',  ( -2.241764626010010364, -1.829391933592076080, 1.472838430280073441 ) ) ;
#4387 = CARTESIAN_POINT ( 'NONE',  ( -2.254876016206206479, -2.031331267498219351, 1.359961259199640615 ) ) ;
#4388 = CARTESIAN_POINT ( 'NONE',  ( -2.325682208799348949, 1.884270918623760949, 0.8232323393603985240 ) ) ;
#4389 = STYLED_ITEM ( 'NONE', ( #3984 ), #5833 ) ;
#4390 = DIRECTION ( 'NONE',  ( -1.000000000000000000, -0.0000000000000000000, -0.0000000000000000000 ) ) ;
#4391 = DIRECTION ( 'NONE',  ( -1.000000000000000000, -0.0000000000000000000, -0.0000000000000000000 ) ) ;
#4392 = FILL_AREA_STYLE ('',( #1400 ) ) ;
#4393 = ORIENTED_EDGE ( 'NONE', *, *, #4717, .T. ) ;
#4394 = EDGE_CURVE ( 'NONE', #3685, #2113, #1206, .T. ) ;
#4395 = VECTOR ( 'NONE', #5607, 1000.000000000000000 ) ;
#4396 = EDGE_CURVE ( 'NONE', #3715, #1706, #1071, .T. ) ;
#4397 = MECHANICAL_DESIGN_GEOMETRIC_PRESENTATION_REPRESENTATION (  '', ( #1091 ), #2587 ) ;
#4398 = EDGE_CURVE ( 'NONE', #4806, #4416, #2551, .T. ) ;
#4399 =( NAMED_UNIT ( * ) SI_UNIT ( $, .STERADIAN. ) SOLID_ANGLE_UNIT ( ) );
#4400 = CARTESIAN_POINT ( 'NONE',  ( -2.109999999999999876, 2.131749810527688638, 0.2997177738830835159 ) ) ;
#4401 = ORIENTED_EDGE ( 'NONE', *, *, #3232, .F. ) ;
#4402 = DIRECTION ( 'NONE',  ( 0.0000000000000000000, 0.0000000000000000000, 1.000000000000000000 ) ) ;
#4403 = FILL_AREA_STYLE_COLOUR ( '', #6467 ) ;
#4404 = VECTOR ( 'NONE', #85, 1000.000000000000000 ) ;
#4405 = EDGE_CURVE ( 'NONE', #3600, #3708, #1863, .T. ) ;
#4406 = DIRECTION ( 'NONE',  ( 1.000000000000000000, 4.718795906488491143E-17, -5.793952833686142439E-18 ) ) ;
#4407 = VECTOR ( 'NONE', #4895, 1000.000000000000000 ) ;
#4408 = CARTESIAN_POINT ( 'NONE',  ( -2.109999999999999876, 2.408015296927251470, 0.04139560300519887909 ) ) ;
#4409 = UNCERTAINTY_MEASURE_WITH_UNIT (LENGTH_MEASURE( 1.000000000000000082E-05 ), #4000, 'distance_accuracy_value', 'NONE');
#4410 = VERTEX_POINT ( 'NONE', #2765 ) ;
#4411 = STYLED_ITEM ( 'NONE', ( #5468 ), #1167 ) ;
#4412 = LINE ( 'NONE', #6377, #410 ) ;
#4413 = PLANE ( 'NONE',  #298 ) ;
#4414 = ORIENTED_EDGE ( 'NONE', *, *, #1310, .F. ) ;
#4415 = EDGE_CURVE ( 'NONE', #4067, #561, #2436, .T. ) ;
#4416 = VERTEX_POINT ( 'NONE', #862 ) ;
#4417 = CARTESIAN_POINT ( 'NONE',  ( 1.700000000000000178, -1.972211458395209505, 1.024988770922461434 ) ) ;
#4418 = CIRCLE ( 'NONE', #5371, 0.1000000000000002554 ) ;
#4419 = CARTESIAN_POINT ( 'NONE',  ( -0.4300000000000000488, 2.428942239050485785, 1.024988770922461212 ) ) ;
#4420 = CARTESIAN_POINT ( 'NONE',  ( -1.606095522657784658, -0.9190406258255605643, 1.700000000000000178 ) ) ;
#4421 = DIRECTION ( 'NONE',  ( 0.0000000000000000000, 0.9975640502598247528, -0.06975647374411841906 ) ) ;
#4422 = VERTEX_POINT ( 'NONE', #757 ) ;
#4423 = ORIENTED_EDGE ( 'NONE', *, *, #4151, .F. ) ;
#4424 = SURFACE_STYLE_FILL_AREA ( #2968 ) ;
#4425 = VECTOR ( 'NONE', #5077, 1000.000000000000000 ) ;
#4426 = CARTESIAN_POINT ( 'NONE',  ( 2.241764626010009920, -1.806240296903990350, 1.516976977261936588 ) ) ;
#4427 = PRESENTATION_STYLE_ASSIGNMENT (( #4849 ) ) ;
#4428 = FILL_AREA_STYLE_COLOUR ( '', #3192 ) ;
#4429 = PLANE ( 'NONE',  #3762 ) ;
#4430 = DIRECTION ( 'NONE',  ( -1.000000000000000000, 0.0000000000000000000, 0.0000000000000000000 ) ) ;
#4431 = FILL_AREA_STYLE_COLOUR ( '', #1185 ) ;
#4432 = DIRECTION ( 'NONE',  ( 0.0000000000000000000, -1.000000000000000000, -1.234386826208250825E-15 ) ) ;
#4433 = ORIENTED_EDGE ( 'NONE', *, *, #4879, .T. ) ;
#4434 = STYLED_ITEM ( 'NONE', ( #4348 ), #2093 ) ;
#4435 = DIRECTION ( 'NONE',  ( 0.1209742911513548569, -0.1209742911513548291, 0.9852565360152931717 ) ) ;
#4436 = DIRECTION ( 'NONE',  ( -1.070816960479510870E-16, -1.000000000000000000, 0.0000000000000000000 ) ) ;
#4437 = ADVANCED_FACE ( 'NONE', ( #4870 ), #3865, .T. ) ;
#4438 = DIRECTION ( 'NONE',  ( 1.000000000000000000, 0.0000000000000000000, 0.0000000000000000000 ) ) ;
#4439 =( GEOMETRIC_REPRESENTATION_CONTEXT ( 3 ) GLOBAL_UNCERTAINTY_ASSIGNED_CONTEXT ( ( #5476 ) ) GLOBAL_UNIT_ASSIGNED_CONTEXT ( ( #2990, #5036, #6093 ) ) REPRESENTATION_CONTEXT ( 'NONE', 'WORKASPACE' ) );
#4440 = ORIENTED_EDGE ( 'NONE', *, *, #1013, .T. ) ;
#4441 = DIRECTION ( 'NONE',  ( 0.0000000000000000000, -0.1218693434051477259, 0.9925461516413219831 ) ) ;
#4442 = VECTOR ( 'NONE', #1915, 1000.000000000000000 ) ;
#4443 = SURFACE_STYLE_FILL_AREA ( #2981 ) ;
#4444 = ORIENTED_EDGE ( 'NONE', *, *, #2599, .T. ) ;
#4445 =( GEOMETRIC_REPRESENTATION_CONTEXT ( 3 ) GLOBAL_UNCERTAINTY_ASSIGNED_CONTEXT ( ( #4805 ) ) GLOBAL_UNIT_ASSIGNED_CONTEXT ( ( #5524, #2221, #5008 ) ) REPRESENTATION_CONTEXT ( 'NONE', 'WORKASPACE' ) );
#4446 = COLOUR_RGB ( '',0.8784313725490195957, 0.8784313725490195957, 0.8784313725490195957 ) ;
#4447 =( NAMED_UNIT ( * ) PLANE_ANGLE_UNIT ( ) SI_UNIT ( $, .RADIAN. ) );
#4448 = CARTESIAN_POINT ( 'NONE',  ( -2.346379578609460559, -1.779764626010009732, 1.466744963109816169 ) ) ;
#4449 = FACE_OUTER_BOUND ( 'NONE', #1463, .T. ) ;
#4450 = AXIS2_PLACEMENT_3D ( 'NONE', #1468, #540, #4402 ) ;
#4451 = VECTOR ( 'NONE', #47, 1000.000000000000000 ) ;
#4452 = DIRECTION ( 'NONE',  ( 0.0000000000000000000, 1.000000000000000000, -0.0000000000000000000 ) ) ;
#4453 = EDGE_CURVE ( 'NONE', #2728, #3665, #5890, .T. ) ;
#4454 =( NAMED_UNIT ( * ) PLANE_ANGLE_UNIT ( ) SI_UNIT ( $, .RADIAN. ) );
#4455 = LINE ( 'NONE', #1835, #290 ) ;
#4456 = AXIS2_PLACEMENT_3D ( 'NONE', #507, #5081, #5561 ) ;
#4457 = ORIENTED_EDGE ( 'NONE', *, *, #5095, .F. ) ;
#4458 = SURFACE_STYLE_USAGE ( .BOTH. , #6169 ) ;
#4459 = AXIS2_PLACEMENT_3D ( 'NONE', #4072, #5034, #529 ) ;
#4460 =( LENGTH_UNIT ( ) NAMED_UNIT ( * ) SI_UNIT ( .MILLI., .METRE. ) );
#4461 = DIRECTION ( 'NONE',  ( 0.0000000000000000000, 0.0000000000000000000, 1.000000000000000000 ) ) ;
#4462 = CARTESIAN_POINT ( 'NONE',  ( -2.268942131948886054, -1.760289314186899823, 0.1943381052050293101 ) ) ;
#4463 = AXIS2_PLACEMENT_3D ( 'NONE', #2380, #5926, #2799 ) ;
#4464 = CARTESIAN_POINT ( 'NONE',  ( -2.291477832458802322, -1.779718146421566782, 1.472092387183852491 ) ) ;
#4465 = CARTESIAN_POINT ( 'NONE',  ( 1.437500000000000222, 1.012499999999999956, 0.1399999999999999856 ) ) ;
#4466 = PRESENTATION_LAYER_ASSIGNMENT (  '', '', ( #724 ) ) ;
#4467 = CARTESIAN_POINT ( 'NONE',  ( 0.4300000000000000488, -2.408015296927251470, 0.04139560300519886521 ) ) ;
#4468 = VERTEX_POINT ( 'NONE', #264 ) ;
#4469 = SURFACE_STYLE_FILL_AREA ( #1947 ) ;
#4470 = CARTESIAN_POINT ( 'NONE',  ( 2.109999999999999876, 2.421966591676075975, 0.2409084130571637061 ) ) ;
#4471 = DIRECTION ( 'NONE',  ( 0.0000000000000000000, 0.0000000000000000000, 1.000000000000000000 ) ) ;
#4472 = DIRECTION ( 'NONE',  ( 0.0000000000000000000, 0.0000000000000000000, 1.000000000000000000 ) ) ;
#4473 = UNCERTAINTY_MEASURE_WITH_UNIT (LENGTH_MEASURE( 1.000000000000000082E-05 ), #3536, 'distance_accuracy_value', 'NONE');
#4474 = ORIENTED_EDGE ( 'NONE', *, *, #312, .F. ) ;
#4475 = DIRECTION ( 'NONE',  ( 0.0000000000000000000, 0.0000000000000000000, 1.000000000000000000 ) ) ;
#4476 = CARTESIAN_POINT ( 'NONE',  ( 0.8400000000000001910, -3.013951294748823617, 0.1995128100519649450 ) ) ;
#4477 = FILL_AREA_STYLE_COLOUR ( '', #1145 ) ;
#4478 = ORIENTED_EDGE ( 'NONE', *, *, #3616, .F. ) ;
#4479 = EDGE_CURVE ( 'NONE', #4510, #4218, #4412, .T. ) ;
#4480 = FACE_OUTER_BOUND ( 'NONE', #2038, .T. ) ;
#4481 = SURFACE_SIDE_STYLE ('',( #6450 ) ) ;
#4482 =( NAMED_UNIT ( * ) PLANE_ANGLE_UNIT ( ) SI_UNIT ( $, .RADIAN. ) );
#4483 = LINE ( 'NONE', #1964, #5633 ) ;
#4484 = ORIENTED_EDGE ( 'NONE', *, *, #3582, .F. ) ;
#4485 = ORIENTED_EDGE ( 'NONE', *, *, #1168, .F. ) ;
#4486 = DIRECTION ( 'NONE',  ( -1.000000000000000000, 0.0000000000000000000, 0.0000000000000000000 ) ) ;
#4487 = EDGE_CURVE ( 'NONE', #335, #5359, #5927, .T. ) ;
#4488 = CARTESIAN_POINT ( 'NONE',  ( 2.219263736772203455, -1.757263736772203266, 0.1499999999999999112 ) ) ;
#4489 = CARTESIAN_POINT ( 'NONE',  ( -2.268942131948886054, 1.762889213713669800, 0.1993588589466136485 ) ) ;
#4490 = PRESENTATION_LAYER_ASSIGNMENT (  '', '', ( #3631 ) ) ;
#4491 = DIRECTION ( 'NONE',  ( 0.0000000000000000000, -0.06975647374411883539, -0.9975640502598246417 ) ) ;
#4492 =( LENGTH_UNIT ( ) NAMED_UNIT ( * ) SI_UNIT ( .MILLI., .METRE. ) );
#4493 =( GEOMETRIC_REPRESENTATION_CONTEXT ( 3 ) GLOBAL_UNCERTAINTY_ASSIGNED_CONTEXT ( ( #3110 ) ) GLOBAL_UNIT_ASSIGNED_CONTEXT ( ( #4460, #2937, #5421 ) ) REPRESENTATION_CONTEXT ( 'NONE', 'WORKASPACE' ) );
#4494 = CARTESIAN_POINT ( 'NONE',  ( -2.109999999999999876, -1.972211458395209949, 0.7249887709224612786 ) ) ;
#4495 = EDGE_CURVE ( 'NONE', #874, #3612, #3351, .T. ) ;
#4496 = FILL_AREA_STYLE_COLOUR ( '', #4230 ) ;
#4497 = CARTESIAN_POINT ( 'NONE',  ( 2.291429770187328518, -1.779764625829685309, 1.472526412036146537 ) ) ;
#4498 = DIRECTION ( 'NONE',  ( -1.000000000000000000, -0.0000000000000000000, -0.0000000000000000000 ) ) ;
#4499 =( LENGTH_UNIT ( ) NAMED_UNIT ( * ) SI_UNIT ( .MILLI., .METRE. ) );
#4500 = ORIENTED_EDGE ( 'NONE', *, *, #6276, .F. ) ;
#4501 = FACE_OUTER_BOUND ( 'NONE', #5723, .T. ) ;
#4502 = COLOUR_RGB ( '',0.8784313725490195957, 0.8784313725490195957, 0.8784313725490195957 ) ;
#4503 = LINE ( 'NONE', #2439, #6193 ) ;
#4504 = ORIENTED_EDGE ( 'NONE', *, *, #2489, .T. ) ;
#4505 = FACE_OUTER_BOUND ( 'NONE', #3560, .T. ) ;
#4506 = PLANE ( 'NONE',  #4364 ) ;
#4507 = DIRECTION ( 'NONE',  ( 0.0000000000000000000, -1.234386826208250825E-15, -1.000000000000000000 ) ) ;
#4508 = SURFACE_SIDE_STYLE ('',( #71 ) ) ;
#4509 = MECHANICAL_DESIGN_GEOMETRIC_PRESENTATION_REPRESENTATION (  '', ( #4296 ), #3968 ) ;
#4510 = VERTEX_POINT ( 'NONE', #4345 ) ;
#4511 = VECTOR ( 'NONE', #2778, 1000.000000000000000 ) ;
#4512 = DIRECTION ( 'NONE',  ( 0.0000000000000000000, -0.9975640502598247528, 0.06975647374411841906 ) ) ;
#4513 = AXIS2_PLACEMENT_3D ( 'NONE', #1126, #1690, #1622 ) ;
#4514 =( NAMED_UNIT ( * ) SI_UNIT ( $, .STERADIAN. ) SOLID_ANGLE_UNIT ( ) );
#4515 = AXIS2_PLACEMENT_3D ( 'NONE', #1479, #1405, #5505 ) ;
#4516 = EDGE_CURVE ( 'NONE', #3251, #3, #5956, .T. ) ;
#4517 =( NAMED_UNIT ( * ) PLANE_ANGLE_UNIT ( ) SI_UNIT ( $, .RADIAN. ) );
#4518 = VECTOR ( 'NONE', #6598, 1000.000000000000000 ) ;
#4519 = FACE_OUTER_BOUND ( 'NONE', #4137, .T. ) ;
#4520 = DIRECTION ( 'NONE',  ( -1.000000000000000000, -0.0000000000000000000, -0.0000000000000000000 ) ) ;
#4521 = VERTEX_POINT ( 'NONE', #827 ) ;
#4522 =( LENGTH_UNIT ( ) NAMED_UNIT ( * ) SI_UNIT ( .MILLI., .METRE. ) );
#4523 = PRESENTATION_LAYER_ASSIGNMENT (  '', '', ( #2186 ) ) ;
#4524 = PRESENTATION_STYLE_ASSIGNMENT (( #4458 ) ) ;
#4525 = ADVANCED_FACE ( 'NONE', ( #5822 ), #1311, .T. ) ;
#4526 = DIRECTION ( 'NONE',  ( 0.0000000000000000000, -1.000000000000000000, -1.234386826208250825E-15 ) ) ;
#4527 =( GEOMETRIC_REPRESENTATION_CONTEXT ( 3 ) GLOBAL_UNCERTAINTY_ASSIGNED_CONTEXT ( ( #656 ) ) GLOBAL_UNIT_ASSIGNED_CONTEXT ( ( #5614, #5645, #5163 ) ) REPRESENTATION_CONTEXT ( 'NONE', 'WORKASPACE' ) );
#4528 = CARTESIAN_POINT ( 'NONE',  ( -1.699999999999999956, 3.000000000000000000, 0.0000000000000000000 ) ) ;
#4529 = ADVANCED_FACE ( 'NONE', ( #2924 ), #5002, .T. ) ;
#4530 =( NAMED_UNIT ( * ) SI_UNIT ( $, .STERADIAN. ) SOLID_ANGLE_UNIT ( ) );
#4531 = ORIENTED_EDGE ( 'NONE', *, *, #2945, .T. ) ;
#4532 = LINE ( 'NONE', #1613, #2516 ) ;
#4533 = DIRECTION ( 'NONE',  ( -1.000000000000000000, -0.0000000000000000000, -0.0000000000000000000 ) ) ;
#4534 = CARTESIAN_POINT ( 'NONE',  ( 2.265916554534186389, -1.757263736772202822, 0.1677911918680880521 ) ) ;
#4535 = SURFACE_STYLE_FILL_AREA ( #3011 ) ;
#4536 = EDGE_CURVE ( 'NONE', #1074, #1195, #711, .T. ) ;
#4537 = ORIENTED_EDGE ( 'NONE', *, *, #3396, .T. ) ;
#4538 = DIRECTION ( 'NONE',  ( 1.000000000000000000, 4.789936701946120954E-17, 0.0000000000000000000 ) ) ;
#4539 = LINE ( 'NONE', #3928, #5085 ) ;
#4540 = AXIS2_PLACEMENT_3D ( 'NONE', #2039, #2007, #3097 ) ;
#4541 = VERTEX_POINT ( 'NONE', #472 ) ;
#4542 = STYLED_ITEM ( 'NONE', ( #1112 ), #2084 ) ;
#4543 = DIRECTION ( 'NONE',  ( -0.1209742911513546904, 0.1209742911513553704, -0.9852565360152929497 ) ) ;
#4544 = ORIENTED_EDGE ( 'NONE', *, *, #1417, .T. ) ;
#4545 = STYLED_ITEM ( 'NONE', ( #411 ), #2179 ) ;
#4546 = VERTEX_POINT ( 'NONE', #1523 ) ;
#4547 = CARTESIAN_POINT ( 'NONE',  ( 2.219263736772202567, 1.803916554534181760, 0.1677911918680843606 ) ) ;
#4548 = DIRECTION ( 'NONE',  ( 0.0000000000000000000, 1.000000000000000000, 0.0000000000000000000 ) ) ;
#4549 = MECHANICAL_DESIGN_GEOMETRIC_PRESENTATION_REPRESENTATION (  '', ( #3465 ), #4445 ) ;
#4550 = AXIS2_PLACEMENT_3D ( 'NONE', #4762, #4330, #6363 ) ;
#4551 = CARTESIAN_POINT ( 'NONE',  ( -2.291429766188486816, -1.779764549229156723, 1.472526444606528706 ) ) ;
#4552 = EDGE_LOOP ( 'NONE', ( #5467, #4572, #2335, #2264 ) ) ;
#4553 = SURFACE_SIDE_STYLE ('',( #1006 ) ) ;
#4554 = VERTEX_POINT ( 'NONE', #2512 ) ;
#4555 = ORIENTED_EDGE ( 'NONE', *, *, #4781, .F. ) ;
#4556 = MECHANICAL_DESIGN_GEOMETRIC_PRESENTATION_REPRESENTATION (  '', ( #2114 ), #3805 ) ;
#4557 =( GEOMETRIC_REPRESENTATION_CONTEXT ( 3 ) GLOBAL_UNCERTAINTY_ASSIGNED_CONTEXT ( ( #3807 ) ) GLOBAL_UNIT_ASSIGNED_CONTEXT ( ( #2361, #845, #1940 ) ) REPRESENTATION_CONTEXT ( 'NONE', 'WORKASPACE' ) );
#4558 =( NAMED_UNIT ( * ) SI_UNIT ( $, .STERADIAN. ) SOLID_ANGLE_UNIT ( ) );
#4559 = CARTESIAN_POINT ( 'NONE',  ( -0.8400000000000001910, 2.131749810527688638, 0.2997177738830835159 ) ) ;
#4560 = VECTOR ( 'NONE', #1462, 1000.000000000000227 ) ;
#4561 = CARTESIAN_POINT ( 'NONE',  ( 0.4300000000000000488, -2.428942239050485785, 0.3406648180831462480 ) ) ;
#4562 = CARTESIAN_POINT ( 'NONE',  ( 2.265916554534184613, 1.774475332177468001, 1.682208808131911315 ) ) ;
#4563 = EDGE_LOOP ( 'NONE', ( #2868, #2591, #3840 ) ) ;
#4564 = PRESENTATION_LAYER_ASSIGNMENT (  '', '', ( #2426 ) ) ;
#4565 = ADVANCED_FACE ( 'NONE', ( #433 ), #900, .T. ) ;
#4566 = SURFACE_SIDE_STYLE ('',( #5251 ) ) ;
#4567 = DIRECTION ( 'NONE',  ( 1.000000000000000000, 0.0000000000000000000, 0.0000000000000000000 ) ) ;
#4568 = EDGE_LOOP ( 'NONE', ( #5018, #202, #2148, #990 ) ) ;
#4569 = DIRECTION ( 'NONE',  ( -1.000000000000000000, 0.0000000000000000000, 0.0000000000000000000 ) ) ;
#4570 = CARTESIAN_POINT ( 'NONE',  ( 2.109999999999999876, 1.884378199852105862, 0.8249887709224611454 ) ) ;
#4571 = STYLED_ITEM ( 'NONE', ( #2055 ), #4529 ) ;
#4572 = ORIENTED_EDGE ( 'NONE', *, *, #4358, .T. ) ;
#4573 = CARTESIAN_POINT ( 'NONE',  ( 2.109999999999999876, -2.408015296927252358, 0.04139560300519878888 ) ) ;
#4574 = EDGE_CURVE ( 'NONE', #6523, #973, #4991, .T. ) ;
#4575 = STYLED_ITEM ( 'NONE', ( #4040 ), #4565 ) ;
#4576 = CARTESIAN_POINT ( 'NONE',  ( -2.109999999999999876, -2.329878096209553551, 0.3270158033497923555 ) ) ;
#4577 = EDGE_LOOP ( 'NONE', ( #3721, #1806, #4637, #4956, #3902, #6321, #4315, #6247, #5047, #1068, #4029, #5776 ) ) ;
#4578 = CARTESIAN_POINT ( 'NONE',  ( 2.296565234295494307, 1.884378819264056926, 0.8249919442212398923 ) ) ;
#4579 = SURFACE_STYLE_USAGE ( .BOTH. , #431 ) ;
#4580 = SURFACE_STYLE_USAGE ( .BOTH. , #6503 ) ;
#4581 = SURFACE_STYLE_FILL_AREA ( #2550 ) ;
#4582 = DIRECTION ( 'NONE',  ( -0.0000000000000000000, -0.0000000000000000000, -1.000000000000000000 ) ) ;
#4583 = COLOUR_RGB ( '',0.8784313725490195957, 0.8784313725490195957, 0.8784313725490195957 ) ;
#4584 = CARTESIAN_POINT ( 'NONE',  ( 1.700000000000000178, 3.013951294748823617, 0.1995128100519649172 ) ) ;
#4585 = ADVANCED_FACE ( 'NONE', ( #2939 ), #2590, .F. ) ;
#4586 = PRESENTATION_STYLE_ASSIGNMENT (( #2687 ) ) ;
#4587 = VERTEX_POINT ( 'NONE', #45 ) ;
#4588 = DIRECTION ( 'NONE',  ( 0.0000000000000000000, 0.0000000000000000000, -1.000000000000000000 ) ) ;
#4589 = VERTEX_POINT ( 'NONE', #1628 ) ;
#4590 = DIRECTION ( 'NONE',  ( 0.04792063293609302721, -0.9194473282641765222, -0.3902822356793500536 ) ) ;
#4591 = DIRECTION ( 'NONE',  ( 1.000000000000000000, 0.0000000000000000000, 0.0000000000000000000 ) ) ;
#4592 = ORIENTED_EDGE ( 'NONE', *, *, #3496, .F. ) ;
#4593 = PRESENTATION_STYLE_ASSIGNMENT (( #5573 ) ) ;
#4594 = PRESENTATION_LAYER_ASSIGNMENT (  '', '', ( #1842 ) ) ;
#4595 = PRESENTATION_STYLE_ASSIGNMENT (( #3557 ) ) ;
#4596 = CARTESIAN_POINT ( 'NONE',  ( -0.4300000000000000488, -3.013951294748823617, 0.1995128100519649172 ) ) ;
#4597 = VERTEX_POINT ( 'NONE', #6280 ) ;
#4598 = FILL_AREA_STYLE_COLOUR ( '', #5800 ) ;
#4599 = EDGE_CURVE ( 'NONE', #3215, #1514, #533, .T. ) ;
#4600 = ORIENTED_EDGE ( 'NONE', *, *, #4376, .F. ) ;
#4601 = PRESENTATION_LAYER_ASSIGNMENT (  '', '', ( #4062 ) ) ;
#4602 = ADVANCED_FACE ( 'NONE', ( #600 ), #2642, .T. ) ;
#4603 = VECTOR ( 'NONE', #6426, 1000.000000000000000 ) ;
#4604 = FACE_OUTER_BOUND ( 'NONE', #5235, .T. ) ;
#4605 = ADVANCED_FACE ( 'NONE', ( #4208 ), #1137, .T. ) ;
#4606 = DIRECTION ( 'NONE',  ( 0.0000000000000000000, -1.234386826208250825E-15, -1.000000000000000000 ) ) ;
#4607 = UNCERTAINTY_MEASURE_WITH_UNIT (LENGTH_MEASURE( 1.000000000000000082E-05 ), #5475, 'distance_accuracy_value', 'NONE');
#4608 = ORIENTED_EDGE ( 'NONE', *, *, #393, .T. ) ;
#4609 = CARTESIAN_POINT ( 'NONE',  ( 2.109999999999999876, -2.131749810527688638, 0.2997177738830844040 ) ) ;
#4610 = PRESENTATION_STYLE_ASSIGNMENT (( #1522 ) ) ;
#4611 = AXIS2_PLACEMENT_3D ( 'NONE', #4494, #5536, #347 ) ;
#4612 = CARTESIAN_POINT ( 'NONE',  ( 0.0000000000000000000, 0.0000000000000000000, 1.700000000000000178 ) ) ;
#4613 = UNCERTAINTY_MEASURE_WITH_UNIT (LENGTH_MEASURE( 1.000000000000000082E-05 ), #4216, 'distance_accuracy_value', 'NONE');
#4614 = ORIENTED_EDGE ( 'NONE', *, *, #1090, .T. ) ;
#4615 = LINE ( 'NONE', #2556, #705 ) ;
#4616 = DIRECTION ( 'NONE',  ( 1.203666025518184160E-16, -1.000000000000000000, -0.0000000000000000000 ) ) ;
#4617 = ORIENTED_EDGE ( 'NONE', *, *, #884, .F. ) ;
#4618 = VECTOR ( 'NONE', #4491, 1000.000000000000227 ) ;
#4619 = EDGE_LOOP ( 'NONE', ( #3434, #799, #4343 ) ) ;
#4620 = CARTESIAN_POINT ( 'NONE',  ( -0.4300000000000000488, -1.884379578609461259, 1.024988770922461212 ) ) ;
#4621 = CARTESIAN_POINT ( 'NONE',  ( -1.437500000000000444, -1.012499999999999956, 0.1499999999999999944 ) ) ;
#4622 = CARTESIAN_POINT ( 'NONE',  ( -0.8400000000000001910, 2.428942239050485785, 0.3406648180831462480 ) ) ;
#4623 = SURFACE_STYLE_FILL_AREA ( #2620 ) ;
#4624 = CARTESIAN_POINT ( 'NONE',  ( 2.268942131948884722, 1.757263736772203044, 1.655661894794977496 ) ) ;
#4625 = ORIENTED_EDGE ( 'NONE', *, *, #6469, .F. ) ;
#4626 = AXIS2_PLACEMENT_3D ( 'NONE', #4297, #2308, #4765 ) ;
#4627 = LINE ( 'NONE', #2111, #1847 ) ;
#4628 = ORIENTED_EDGE ( 'NONE', *, *, #2447, .T. ) ;
#4629 =( LENGTH_UNIT ( ) NAMED_UNIT ( * ) SI_UNIT ( .MILLI., .METRE. ) );
#4630 = EDGE_LOOP ( 'NONE', ( #1457, #3679, #2087, #6353 ) ) ;
#4631 =( GEOMETRIC_REPRESENTATION_CONTEXT ( 3 ) GLOBAL_UNCERTAINTY_ASSIGNED_CONTEXT ( ( #130 ) ) GLOBAL_UNIT_ASSIGNED_CONTEXT ( ( #3443, #3924, #1403 ) ) REPRESENTATION_CONTEXT ( 'NONE', 'WORKASPACE' ) );
#4632 = ADVANCED_FACE ( 'NONE', ( #6308 ), #4309, .F. ) ;
#4633 = ADVANCED_FACE ( 'NONE', ( #3252 ), #3896, .T. ) ;
#4634 = LINE ( 'NONE', #1094, #1982 ) ;
#4635 = DIRECTION ( 'NONE',  ( -0.1218693434051477259, 0.0000000000000000000, -0.9925461516413219831 ) ) ;
#4636 = VECTOR ( 'NONE', #3357, 1000.000000000000000 ) ;
#4637 = ORIENTED_EDGE ( 'NONE', *, *, #6153, .T. ) ;
#4638 = CARTESIAN_POINT ( 'NONE',  ( -2.346379578609460559, 1.834379578609460992, 1.025000000000000133 ) ) ;
#4639 = SURFACE_SIDE_STYLE ('',( #4203 ) ) ;
#4640 = PRESENTATION_LAYER_ASSIGNMENT (  '', '', ( #4434 ) ) ;
#4641 = FACE_OUTER_BOUND ( 'NONE', #1533, .T. ) ;
#4642 = EDGE_CURVE ( 'NONE', #6029, #3059, #2960, .T. ) ;
#4643 = ORIENTED_EDGE ( 'NONE', *, *, #6316, .F. ) ;
#4644 = EDGE_CURVE ( 'NONE', #2468, #2371, #5283, .T. ) ;
#4645 = PRESENTATION_LAYER_ASSIGNMENT (  '', '', ( #4545 ) ) ;
#4646 = FACE_OUTER_BOUND ( 'NONE', #5879, .T. ) ;
#4647 = FILL_AREA_STYLE_COLOUR ( '', #1254 ) ;
#4648 = ORIENTED_EDGE ( 'NONE', *, *, #4756, .T. ) ;
#4649 = EDGE_LOOP ( 'NONE', ( #4846, #3226, #6312, #5537 ) ) ;
#4650 = DIRECTION ( 'NONE',  ( -1.000000000000000000, -0.0000000000000000000, -0.0000000000000000000 ) ) ;
#4651 = AXIS2_PLACEMENT_3D ( 'NONE', #916, #5979, #2942 ) ;
#4652 = EDGE_CURVE ( 'NONE', #2503, #5954, #5552, .T. ) ;
#4653 =( NAMED_UNIT ( * ) SI_UNIT ( $, .STERADIAN. ) SOLID_ANGLE_UNIT ( ) );
#4654 = SURFACE_SIDE_STYLE ('',( #4623 ) ) ;
#4655 = CARTESIAN_POINT ( 'NONE',  ( 2.219263736772202567, 1.757263736772203044, 1.699999999999999956 ) ) ;
#4656 = STYLED_ITEM ( 'NONE', ( #4801 ), #3523 ) ;
#4657 = PRESENTATION_LAYER_ASSIGNMENT (  '', '', ( #1589 ) ) ;
#4658 = EDGE_LOOP ( 'NONE', ( #3927, #5706, #4860, #1771, #1504, #5083, #4379, #648, #5513, #839, #108, #2934 ) ) ;
#4659 = CARTESIAN_POINT ( 'NONE',  ( 2.268942131948886054, -1.762546603693355252, 0.1963527423377104675 ) ) ;
#4660 = CARTESIAN_POINT ( 'NONE',  ( -1.699999999999999956, 2.421966591676075975, 0.2409084130571637061 ) ) ;
#4661 = FILL_AREA_STYLE_COLOUR ( '', #4446 ) ;
#4662 =( NAMED_UNIT ( * ) SI_UNIT ( $, .STERADIAN. ) SOLID_ANGLE_UNIT ( ) );
#4663 = ORIENTED_EDGE ( 'NONE', *, *, #1258, .T. ) ;
#4664 = VECTOR ( 'NONE', #5042, 1000.000000000000000 ) ;
#4665 = LINE ( 'NONE', #4576, #3428 ) ;
#4666 = DIRECTION ( 'NONE',  ( 0.0000000000000000000, -0.0000000000000000000, -1.000000000000000000 ) ) ;
#4667 = ORIENTED_EDGE ( 'NONE', *, *, #5868, .T. ) ;
#4668 = DIRECTION ( 'NONE',  ( 0.0000000000000000000, 0.0000000000000000000, -1.000000000000000000 ) ) ;
#4669 = LINE ( 'NONE', #2666, #5214 ) ;
#4670 = EDGE_CURVE ( 'NONE', #2477, #5092, #1820, .T. ) ;
#4671 = MECHANICAL_DESIGN_GEOMETRIC_PRESENTATION_REPRESENTATION (  '', ( #4575 ), #5857 ) ;
#4672 = SURFACE_STYLE_FILL_AREA ( #4173 ) ;
#4673 = UNCERTAINTY_MEASURE_WITH_UNIT (LENGTH_MEASURE( 1.000000000000000082E-05 ), #5988, 'distance_accuracy_value', 'NONE');
#4674 = ORIENTED_EDGE ( 'NONE', *, *, #4155, .T. ) ;
#4675 = CARTESIAN_POINT ( 'NONE',  ( 2.109999999999999876, 1.884378199852105640, 1.024988770922461212 ) ) ;
#4676 = PRESENTATION_STYLE_ASSIGNMENT (( #601 ) ) ;
#4677 = LINE ( 'NONE', #2157, #5959 ) ;
#4678 = CARTESIAN_POINT ( 'NONE',  ( -2.346379578609460559, -1.884379578609461259, 1.025000000000000133 ) ) ;
#4679 = ORIENTED_EDGE ( 'NONE', *, *, #3707, .T. ) ;
#4680 = ADVANCED_FACE ( 'NONE', ( #4 ), #6477, .T. ) ;
#4681 = EDGE_CURVE ( 'NONE', #2686, #2503, #2052, .T. ) ;
#4682 = FILL_AREA_STYLE_COLOUR ( '', #1780 ) ;
#4683 = CARTESIAN_POINT ( 'NONE',  ( -1.699999999999999956, 1.972211458395209505, 1.024988770922461212 ) ) ;
#4684 = FACE_OUTER_BOUND ( 'NONE', #4630, .T. ) ;
#4685 = ADVANCED_FACE ( 'NONE', ( #998 ), #4506, .F. ) ;
#4686 = ORIENTED_EDGE ( 'NONE', *, *, #1010, .F. ) ;
#4687 = SURFACE_STYLE_FILL_AREA ( #2142 ) ;
#4688 = ORIENTED_EDGE ( 'NONE', *, *, #4709, .T. ) ;
#4689 =( BOUNDED_CURVE ( )  B_SPLINE_CURVE ( 3, ( #3806, #3773, #2223, #6402 ),
 .UNSPECIFIED., .F., .T. ) 
 B_SPLINE_CURVE_WITH_KNOTS ( ( 4, 4 ),
 ( 5.501507132124491051, 7.064863482234690295 ),
 .UNSPECIFIED. ) 
 CURVE ( )  GEOMETRIC_REPRESENTATION_ITEM ( )  RATIONAL_B_SPLINE_CURVE ( ( 1.000000000000000000, 0.8064882076837629477, 0.8064882076837629477, 1.000000000000000000 ) ) 
 REPRESENTATION_ITEM ( '' )  );
#4690 = SURFACE_STYLE_FILL_AREA ( #4726 ) ;
#4691 = CARTESIAN_POINT ( 'NONE',  ( -2.268891044354269582, 1.801499999999999879, 0.1939065328297425450 ) ) ;
#4692 = SURFACE_SIDE_STYLE ('',( #3565 ) ) ;
#4693 = ORIENTED_EDGE ( 'NONE', *, *, #1979, .F. ) ;
#4694 = CARTESIAN_POINT ( 'NONE',  ( -2.219263736772202567, -1.757263736772203044, 0.1999999999999999833 ) ) ;
#4695 = FILL_AREA_STYLE ('',( #5746 ) ) ;
#4696 = VECTOR ( 'NONE', #3074, 1000.000000000000227 ) ;
#4697 =( LENGTH_UNIT ( ) NAMED_UNIT ( * ) SI_UNIT ( .MILLI., .METRE. ) );
#4698 =( GEOMETRIC_REPRESENTATION_CONTEXT ( 3 ) GLOBAL_UNCERTAINTY_ASSIGNED_CONTEXT ( ( #3664 ) ) GLOBAL_UNIT_ASSIGNED_CONTEXT ( ( #5244, #2711, #5533 ) ) REPRESENTATION_CONTEXT ( 'NONE', 'WORKASPACE' ) );
#4699 = ADVANCED_BREP_SHAPE_REPRESENTATION ( 'F1791FB7-8A88-423A-879B-5CBC861C11E0', ( #2964, #2392 ), #5694 ) ;
#4700 = PRESENTATION_LAYER_ASSIGNMENT (  '', '', ( #4389 ) ) ;
#4701 = ORIENTED_EDGE ( 'NONE', *, *, #3670, .F. ) ;
#4702 = FILL_AREA_STYLE ('',( #2673 ) ) ;
#4703 = FILL_AREA_STYLE ('',( #161 ) ) ;
#4704 = CARTESIAN_POINT ( 'NONE',  ( -2.268891044354268693, 1.757263736772204599, 1.656093467170258071 ) ) ;
#4705 = FACE_OUTER_BOUND ( 'NONE', #2548, .T. ) ;
#4706 = VERTEX_POINT ( 'NONE', #1521 ) ;
#4707 = VECTOR ( 'NONE', #5870, 1000.000000000000227 ) ;
#4708 = ORIENTED_EDGE ( 'NONE', *, *, #851, .F. ) ;
#4709 = EDGE_CURVE ( 'NONE', #2720, #3364, #860, .T. ) ;
#4710 = PRESENTATION_LAYER_ASSIGNMENT (  '', '', ( #2279 ) ) ;
#4711 = EDGE_CURVE ( 'NONE', #3786, #2677, #5436, .T. ) ;
#4712 = DIRECTION ( 'NONE',  ( -1.000000000000000000, -0.0000000000000000000, -0.0000000000000000000 ) ) ;
#4713 = MECHANICAL_DESIGN_GEOMETRIC_PRESENTATION_REPRESENTATION (  '', ( #1434 ), #2281 ) ;
#4714 = ORIENTED_EDGE ( 'NONE', *, *, #4184, .F. ) ;
#4715 = COLOUR_RGB ( '',0.8784313725490195957, 0.8784313725490195957, 0.8784313725490195957 ) ;
#4716 = EDGE_CURVE ( 'NONE', #4816, #3476, #3421, .T. ) ;
#4717 = EDGE_CURVE ( 'NONE', #3786, #5431, #5206, .T. ) ;
#4718 = FACE_OUTER_BOUND ( 'NONE', #4568, .T. ) ;
#4719 =( NAMED_UNIT ( * ) PLANE_ANGLE_UNIT ( ) SI_UNIT ( $, .RADIAN. ) );
#4720 = COLOUR_RGB ( '',0.8784313725490195957, 0.8784313725490195957, 0.8784313725490195957 ) ;
#4721 = MECHANICAL_DESIGN_GEOMETRIC_PRESENTATION_REPRESENTATION (  '', ( #2495 ), #40 ) ;
#4722 = SURFACE_SIDE_STYLE ('',( #2690 ) ) ;
#4723 = LINE ( 'NONE', #3794, #282 ) ;
#4724 = CARTESIAN_POINT ( 'NONE',  ( 2.109999999999999876, 2.131749810527688638, 0.2997177738830843485 ) ) ;
#4725 = ORIENTED_EDGE ( 'NONE', *, *, #6403, .T. ) ;
#4726 = FILL_AREA_STYLE ('',( #2694 ) ) ;
#4727 = EDGE_CURVE ( 'NONE', #6565, #3612, #4669, .T. ) ;
#4728 = DIRECTION ( 'NONE',  ( 1.000000000000000000, 0.0000000000000000000, 0.0000000000000000000 ) ) ;
#4729 = DIRECTION ( 'NONE',  ( -1.000000000000000000, -0.0000000000000000000, -0.0000000000000000000 ) ) ;
#4730 = LINE ( 'NONE', #6267, #2165 ) ;
#4731 = UNCERTAINTY_MEASURE_WITH_UNIT (LENGTH_MEASURE( 1.000000000000000082E-05 ), #3453, 'distance_accuracy_value', 'NONE');
#4732 = ORIENTED_EDGE ( 'NONE', *, *, #4931, .T. ) ;
#4733 = DIRECTION ( 'NONE',  ( 0.1209742911513548291, -0.1209742911513548291, 0.9852565360152931717 ) ) ;
#4734 = FILL_AREA_STYLE ('',( #3077 ) ) ;
#4735 = SURFACE_SIDE_STYLE ('',( #6543 ) ) ;
#4736 =( GEOMETRIC_REPRESENTATION_CONTEXT ( 3 ) GLOBAL_UNCERTAINTY_ASSIGNED_CONTEXT ( ( #3673 ) ) GLOBAL_UNIT_ASSIGNED_CONTEXT ( ( #1832, #3327, #2354 ) ) REPRESENTATION_CONTEXT ( 'NONE', 'WORKASPACE' ) );
#4737 = FILL_AREA_STYLE ('',( #3244 ) ) ;
#4738 = DIRECTION ( 'NONE',  ( -1.000000000000000000, 0.0000000000000000000, 0.0000000000000000000 ) ) ;
#4739 = CARTESIAN_POINT ( 'NONE',  ( 2.109999999999999876, 2.131749810527688638, 0.2997177738830835159 ) ) ;
#4740 = CIRCLE ( 'NONE', #6236, 0.04999999999999999584 ) ;
#4741 = UNCERTAINTY_MEASURE_WITH_UNIT (LENGTH_MEASURE( 1.000000000000000082E-05 ), #1545, 'distance_accuracy_value', 'NONE');
#4742 = ORIENTED_EDGE ( 'NONE', *, *, #5461, .F. ) ;
#4743 = CARTESIAN_POINT ( 'NONE',  ( -1.806095522657784835, -0.9190406258255605643, 1.650000000000000133 ) ) ;
#4744 = DIRECTION ( 'NONE',  ( 0.0000000000000000000, -1.000000000000000000, 0.0000000000000000000 ) ) ;
#4745 = LINE ( 'NONE', #730, #1710 ) ;
#4746 = VERTEX_POINT ( 'NONE', #155 ) ;
#4747 = MECHANICAL_DESIGN_GEOMETRIC_PRESENTATION_REPRESENTATION (  '', ( #5500 ), #3789 ) ;
#4748 = EDGE_LOOP ( 'NONE', ( #330, #2118, #5192, #933 ) ) ;
#4749 = CARTESIAN_POINT ( 'NONE',  ( -2.109999999999999876, -2.428942239050485785, 0.3406648180831462480 ) ) ;
#4750 = SURFACE_SIDE_STYLE ('',( #5221 ) ) ;
#4751 = COLOUR_RGB ( '',0.8784313725490195957, 0.8784313725490195957, 0.8784313725490195957 ) ;
#4752 = LINE ( 'NONE', #169, #764 ) ;
#4753 = DIRECTION ( 'NONE',  ( 0.0000000000000000000, -0.9975640502598247528, 0.06975647374411841906 ) ) ;
#4754 = ORIENTED_EDGE ( 'NONE', *, *, #3787, .F. ) ;
#4755 = ORIENTED_EDGE ( 'NONE', *, *, #6189, .T. ) ;
#4756 = EDGE_CURVE ( 'NONE', #2195, #1730, #5424, .T. ) ;
#4757 = VECTOR ( 'NONE', #1746, 1000.000000000000000 ) ;
#4758 = CARTESIAN_POINT ( 'NONE',  ( 0.4300000000000000488, 2.131749810527688638, 0.2997177738830844596 ) ) ;
#4759 = ORIENTED_EDGE ( 'NONE', *, *, #2991, .T. ) ;
#4760 = EDGE_CURVE ( 'NONE', #1011, #3543, #6239, .T. ) ;
#4761 = MECHANICAL_DESIGN_GEOMETRIC_PRESENTATION_REPRESENTATION (  '', ( #606 ), #5194 ) ;
#4762 = CARTESIAN_POINT ( 'NONE',  ( 0.8400000000000001910, 1.972211458395209949, 0.7249887709224612786 ) ) ;
#4763 = CIRCLE ( 'NONE', #918, 0.05000000000000012768 ) ;
#4764 = EDGE_CURVE ( 'NONE', #5753, #5218, #4145, .T. ) ;
#4765 = DIRECTION ( 'NONE',  ( 0.0000000000000000000, 0.0000000000000000000, 1.000000000000000000 ) ) ;
#4766 = CARTESIAN_POINT ( 'NONE',  ( 2.219263736772202567, 1.757263736772203044, 1.650000000000000133 ) ) ;
#4767 = CARTESIAN_POINT ( 'NONE',  ( 1.700000000000000178, 3.013951294748823617, 0.1995128100519649172 ) ) ;
#4768 = ORIENTED_EDGE ( 'NONE', *, *, #4281, .F. ) ;
#4769 = DIRECTION ( 'NONE',  ( 0.0000000000000000000, 0.0000000000000000000, -1.000000000000000000 ) ) ;
#4770 = FACE_OUTER_BOUND ( 'NONE', #6108, .T. ) ;
#4771 = CARTESIAN_POINT ( 'NONE',  ( -2.219263736772203455, -1.367579370227615554, 1.696025242672622335 ) ) ;
#4772 = ADVANCED_FACE ( 'NONE', ( #1691 ), #5681, .F. ) ;
#4773 = SURFACE_SIDE_STYLE ('',( #1727 ) ) ;
#4774 = PRESENTATION_LAYER_ASSIGNMENT (  '', '', ( #6166 ) ) ;
#4775 = SURFACE_STYLE_FILL_AREA ( #5886 ) ;
#4776 = EDGE_LOOP ( 'NONE', ( #3932, #5930, #1671, #5507 ) ) ;
#4777 = CARTESIAN_POINT ( 'NONE',  ( 0.8400000000000001910, 2.421966591676075975, 0.2409084130571637061 ) ) ;
#4778 = CARTESIAN_POINT ( 'NONE',  ( 2.268942131948885166, -1.348810194632011017, 1.655661894794969502 ) ) ;
#4779 = PRESENTATION_LAYER_ASSIGNMENT (  '', '', ( #6593 ) ) ;
#4780 = ORIENTED_EDGE ( 'NONE', *, *, #2213, .F. ) ;
#4781 = EDGE_CURVE ( 'NONE', #2710, #3686, #6143, .T. ) ;
#4782 = ORIENTED_EDGE ( 'NONE', *, *, #4964, .F. ) ;
#4783 =( GEOMETRIC_REPRESENTATION_CONTEXT ( 3 ) GLOBAL_UNCERTAINTY_ASSIGNED_CONTEXT ( ( #5131 ) ) GLOBAL_UNIT_ASSIGNED_CONTEXT ( ( #4109, #1127, #5169 ) ) REPRESENTATION_CONTEXT ( 'NONE', 'WORKASPACE' ) );
#4784 =( LENGTH_UNIT ( ) NAMED_UNIT ( * ) SI_UNIT ( .MILLI., .METRE. ) );
#4785 = SURFACE_STYLE_FILL_AREA ( #3719 ) ;
#4786 = ORIENTED_EDGE ( 'NONE', *, *, #5705, .T. ) ;
#4787 = ORIENTED_EDGE ( 'NONE', *, *, #712, .F. ) ;
#4788 = DIRECTION ( 'NONE',  ( 0.0000000000000000000, 0.9975640502598247528, 0.06975647374411841906 ) ) ;
#4789 = FACE_OUTER_BOUND ( 'NONE', #1028, .T. ) ;
#4790 = CARTESIAN_POINT ( 'NONE',  ( -1.699999999999999956, -1.884378199852105640, 1.024988770922461212 ) ) ;
#4791 = DIRECTION ( 'NONE',  ( -0.1209742911513548153, -0.1209742911513548153, -0.9852565360152930607 ) ) ;
#4792 = ORIENTED_EDGE ( 'NONE', *, *, #6551, .F. ) ;
#4793 = DIRECTION ( 'NONE',  ( -1.000000000000000000, 0.0000000000000000000, 0.0000000000000000000 ) ) ;
#4794 = CARTESIAN_POINT ( 'NONE',  ( -0.8400000000000001910, -2.428942239050485785, 0.3406648180831462480 ) ) ;
#4795 = EDGE_CURVE ( 'NONE', #5205, #3692, #1030, .T. ) ;
#4796 = UNCERTAINTY_MEASURE_WITH_UNIT (LENGTH_MEASURE( 1.000000000000000082E-05 ), #2316, 'distance_accuracy_value', 'NONE');
#4797 = VERTEX_POINT ( 'NONE', #621 ) ;
#4798 = CARTESIAN_POINT ( 'NONE',  ( -1.699999999999999956, 2.131749810527688638, 0.2997177738830844596 ) ) ;
#4799 = LINE ( 'NONE', #818, #6396 ) ;
#4800 = DIRECTION ( 'NONE',  ( 0.0000000000000000000, 0.0000000000000000000, -1.000000000000000000 ) ) ;
#4801 = PRESENTATION_STYLE_ASSIGNMENT (( #127 ) ) ;
#4802 = ADVANCED_FACE ( 'NONE', ( #5134 ), #1099, .T. ) ;
#4803 = FACE_OUTER_BOUND ( 'NONE', #6546, .T. ) ;
#4804 = ADVANCED_FACE ( 'NONE', ( #4770 ), #2249, .F. ) ;
#4805 = UNCERTAINTY_MEASURE_WITH_UNIT (LENGTH_MEASURE( 1.000000000000000082E-05 ), #5524, 'distance_accuracy_value', 'NONE');
#4806 = VERTEX_POINT ( 'NONE', #2853 ) ;
#4807 = CARTESIAN_POINT ( 'NONE',  ( -1.699999999999999956, -1.972211458395209949, 0.7249887709224612786 ) ) ;
#4808 = DIRECTION ( 'NONE',  ( 0.0000000000000000000, 0.1364901473335441706, 0.9906414284093247868 ) ) ;
#4809 = DIRECTION ( 'NONE',  ( 0.0000000000000000000, 1.000000000000000000, -0.0000000000000000000 ) ) ;
#4810 = DIRECTION ( 'NONE',  ( -0.0000000000000000000, -1.000000000000000000, 1.234386826208250825E-15 ) ) ;
#4811 = ORIENTED_EDGE ( 'NONE', *, *, #2722, .T. ) ;
#4812 = ORIENTED_EDGE ( 'NONE', *, *, #6595, .F. ) ;
#4813 = AXIS2_PLACEMENT_3D ( 'NONE', #4264, #3176, #5234 ) ;
#4814 = EDGE_CURVE ( 'NONE', #4180, #6183, #3284, .T. ) ;
#4815 = SURFACE_SIDE_STYLE ('',( #700 ) ) ;
#4816 = VERTEX_POINT ( 'NONE', #5847 ) ;
#4817 = AXIS2_PLACEMENT_3D ( 'NONE', #5299, #3760, #212 ) ;
#4818 = ORIENTED_EDGE ( 'NONE', *, *, #5387, .T. ) ;
#4819 = CARTESIAN_POINT ( 'NONE',  ( 1.700000000000000178, 2.131749810527688638, 0.2997177738830835159 ) ) ;
#4820 = CYLINDRICAL_SURFACE ( 'NONE', #3906, 0.05000000000000012768 ) ;
#4821 = CARTESIAN_POINT ( 'NONE',  ( -2.109999999999999876, -2.131749810527688638, 0.2997177738830835714 ) ) ;
#4822 = VECTOR ( 'NONE', #3445, 1000.000000000000000 ) ;
#4823 = PRESENTATION_STYLE_ASSIGNMENT (( #5265 ) ) ;
#4824 = DIRECTION ( 'NONE',  ( 0.0000000000000000000, -0.9975640502598247528, 0.06975647374411841906 ) ) ;
#4825 = COLOUR_RGB ( '',0.8784313725490195957, 0.8784313725490195957, 0.8784313725490195957 ) ;
#4826 = PRESENTATION_STYLE_ASSIGNMENT (( #744 ) ) ;
#4827 =( NAMED_UNIT ( * ) SI_UNIT ( $, .STERADIAN. ) SOLID_ANGLE_UNIT ( ) );
#4828 = VECTOR ( 'NONE', #246, 1000.000000000000227 ) ;
#4829 = ORIENTED_EDGE ( 'NONE', *, *, #3072, .F. ) ;
#4830 = LINE ( 'NONE', #3311, #3004 ) ;
#4831 = LINE ( 'NONE', #325, #812 ) ;
#4832 = DIRECTION ( 'NONE',  ( 1.000000000000000000, 0.0000000000000000000, 0.0000000000000000000 ) ) ;
#4833 = EDGE_CURVE ( 'NONE', #3476, #1706, #3278, .T. ) ;
#4834 = ORIENTED_EDGE ( 'NONE', *, *, #3119, .T. ) ;
#4835 = ORIENTED_EDGE ( 'NONE', *, *, #4132, .F. ) ;
#4836 = ORIENTED_EDGE ( 'NONE', *, *, #111, .F. ) ;
#4837 = FILL_AREA_STYLE_COLOUR ( '', #683 ) ;
#4838 = STYLED_ITEM ( 'NONE', ( #6041 ), #1568 ) ;
#4839 = EDGE_CURVE ( 'NONE', #2078, #4806, #1234, .T. ) ;
#4840 = ADVANCED_FACE ( 'NONE', ( #5307 ), #1725, .T. ) ;
#4841 = PLANE ( 'NONE',  #2792 ) ;
#4842 = FILL_AREA_STYLE ('',( #6351 ) ) ;
#4843 = STYLED_ITEM ( 'NONE', ( #3635 ), #1902 ) ;
#4844 = FACE_OUTER_BOUND ( 'NONE', #6547, .T. ) ;
#4845 = DIRECTION ( 'NONE',  ( -1.000000000000000000, -0.0000000000000000000, -0.0000000000000000000 ) ) ;
#4846 = ORIENTED_EDGE ( 'NONE', *, *, #157, .T. ) ;
#4847 = EDGE_LOOP ( 'NONE', ( #2797, #5786, #6491, #174 ) ) ;
#4848 = EDGE_CURVE ( 'NONE', #2558, #1082, #720, .T. ) ;
#4849 = SURFACE_STYLE_USAGE ( .BOTH. , #1971 ) ;
#4850 = FACE_OUTER_BOUND ( 'NONE', #3842, .T. ) ;
#4851 = DIRECTION ( 'NONE',  ( -1.000000000000000000, -0.0000000000000000000, -0.0000000000000000000 ) ) ;
#4852 = CARTESIAN_POINT ( 'NONE',  ( -1.699999999999999956, -1.972211458395209505, 1.024988770922461434 ) ) ;
#4853 = COLOUR_RGB ( '',0.8784313725490195957, 0.8784313725490195957, 0.8784313725490195957 ) ;
#4854 = ORIENTED_EDGE ( 'NONE', *, *, #4281, .T. ) ;
#4855 = DIRECTION ( 'NONE',  ( -1.000000000000000000, -0.0000000000000000000, -0.0000000000000000000 ) ) ;
#4856 = STYLED_ITEM ( 'NONE', ( #3346 ), #2407 ) ;
#4857 = DIRECTION ( 'NONE',  ( 0.0000000000000000000, 0.9906414284093247868, -0.1364901473335445592 ) ) ;
#4858 =( LENGTH_UNIT ( ) NAMED_UNIT ( * ) SI_UNIT ( .MILLI., .METRE. ) );
#4859 = CARTESIAN_POINT ( 'NONE',  ( 2.219263736772202567, -1.348042813803152384, 1.700000000000000178 ) ) ;
#4860 = ORIENTED_EDGE ( 'NONE', *, *, #6274, .T. ) ;
#4861 = DIRECTION ( 'NONE',  ( 1.000000000000000000, -3.212450881438532241E-16, 0.0000000000000000000 ) ) ;
#4862 = DIRECTION ( 'NONE',  ( 0.0000000000000000000, 0.1364901473335441706, -0.9906414284093247868 ) ) ;
#4863 = VECTOR ( 'NONE', #5076, 1000.000000000000114 ) ;
#4864 = AXIS2_PLACEMENT_3D ( 'NONE', #2045, #2627, #6136 ) ;
#4865 = FILL_AREA_STYLE_COLOUR ( '', #4853 ) ;
#4866 = UNCERTAINTY_MEASURE_WITH_UNIT (LENGTH_MEASURE( 1.000000000000000082E-05 ), #3170, 'distance_accuracy_value', 'NONE');
#4867 = ORIENTED_EDGE ( 'NONE', *, *, #4243, .F. ) ;
#4868 =( NAMED_UNIT ( * ) PLANE_ANGLE_UNIT ( ) SI_UNIT ( $, .RADIAN. ) );
#4869 = EDGE_CURVE ( 'NONE', #2677, #2557, #4799, .T. ) ;
#4870 = FACE_OUTER_BOUND ( 'NONE', #5439, .T. ) ;
#4871 = LINE ( 'NONE', #3321, #6566 ) ;
#4872 = ORIENTED_EDGE ( 'NONE', *, *, #2327, .F. ) ;
#4873 = ORIENTED_EDGE ( 'NONE', *, *, #1645, .F. ) ;
#4874 = VECTOR ( 'NONE', #1005, 1000.000000000000227 ) ;
#4875 = SURFACE_STYLE_FILL_AREA ( #269 ) ;
#4876 = DIRECTION ( 'NONE',  ( 0.0000000000000000000, 0.9975640502598247528, -0.06975647374411841906 ) ) ;
#4877 = CARTESIAN_POINT ( 'NONE',  ( 0.8400000000000001910, 2.131749810527688638, 0.2997177738830844596 ) ) ;
#4878 = STYLED_ITEM ( 'NONE', ( #3253 ), #4525 ) ;
#4879 = EDGE_CURVE ( 'NONE', #4067, #4247, #5881, .T. ) ;
#4880 = DIRECTION ( 'NONE',  ( 1.000000000000000000, 0.0000000000000000000, 0.0000000000000000000 ) ) ;
#4881 = ORIENTED_EDGE ( 'NONE', *, *, #111, .T. ) ;
#4882 = ADVANCED_FACE ( 'NONE', ( #6370 ), #1933, .T. ) ;
#4883 = ORIENTED_EDGE ( 'NONE', *, *, #2447, .F. ) ;
#4884 = CARTESIAN_POINT ( 'NONE',  ( -2.109999999999999876, -2.071275601236143071, 0.7386377856558151711 ) ) ;
#4885 = CARTESIAN_POINT ( 'NONE',  ( 0.8400000000000001910, -2.071275601236143071, 0.7386377856558155042 ) ) ;
#4886 = EDGE_CURVE ( 'NONE', #4904, #2710, #867, .T. ) ;
#4887 = FILL_AREA_STYLE_COLOUR ( '', #2592 ) ;
#4888 = DIRECTION ( 'NONE',  ( 0.0000000000000000000, 1.734723475976802677E-14, 1.000000000000000000 ) ) ;
#4889 =( NAMED_UNIT ( * ) PLANE_ANGLE_UNIT ( ) SI_UNIT ( $, .RADIAN. ) );
#4890 = SURFACE_STYLE_USAGE ( .BOTH. , #6490 ) ;
#4891 = ORIENTED_EDGE ( 'NONE', *, *, #3580, .T. ) ;
#4892 = CARTESIAN_POINT ( 'NONE',  ( -2.109999999999999876, -1.972211458395209505, 1.024988770922461434 ) ) ;
#4893 = CARTESIAN_POINT ( 'NONE',  ( 2.266141200568553060, -1.798262631141647860, 1.513211044651584514 ) ) ;
#4894 = DIRECTION ( 'NONE',  ( 0.0000000000000000000, -0.06975647374411883539, 0.9975640502598246417 ) ) ;
#4895 = DIRECTION ( 'NONE',  ( -1.000000000000000000, -0.0000000000000000000, -0.0000000000000000000 ) ) ;
#4896 = FILL_AREA_STYLE ('',( #1480 ) ) ;
#4897 = EDGE_CURVE ( 'NONE', #5323, #1986, #559, .T. ) ;
#4898 = ORIENTED_EDGE ( 'NONE', *, *, #1053, .F. ) ;
#4899 = FILL_AREA_STYLE_COLOUR ( '', #1737 ) ;
#4900 = LINE ( 'NONE', #1197, #5522 ) ;
#4901 = CARTESIAN_POINT ( 'NONE',  ( -2.263500000000000956, 1.884378878992036821, 0.8249943020733323529 ) ) ;
#4902 = LINE ( 'NONE', #3997, #992 ) ;
#4903 = DIRECTION ( 'NONE',  ( -0.0000000000000000000, 1.000000000000000000, 0.0000000000000000000 ) ) ;
#4904 = VERTEX_POINT ( 'NONE', #1003 ) ;
#4905 = SURFACE_SIDE_STYLE ('',( #367 ) ) ;
#4906 = SURFACE_SIDE_STYLE ('',( #4940 ) ) ;
#4907 = ORIENTED_EDGE ( 'NONE', *, *, #3232, .T. ) ;
#4908 = ORIENTED_EDGE ( 'NONE', *, *, #4288, .T. ) ;
#4909 = DIRECTION ( 'NONE',  ( 1.000000000000000000, 0.0000000000000000000, 0.0000000000000000000 ) ) ;
#4910 = DIRECTION ( 'NONE',  ( -1.000000000000000000, -0.0000000000000000000, -0.0000000000000000000 ) ) ;
#4911 = DIRECTION ( 'NONE',  ( 0.0000000000000000000, 0.0000000000000000000, 1.000000000000000000 ) ) ;
#4912 = VERTEX_POINT ( 'NONE', #4944 ) ;
#4913 = MECHANICAL_DESIGN_GEOMETRIC_PRESENTATION_REPRESENTATION (  '', ( #5999 ), #1081 ) ;
#4914 = DIRECTION ( 'NONE',  ( 0.0000000000000000000, 0.9975640502598247528, 0.06975647374411841906 ) ) ;
#4915 = CYLINDRICAL_SURFACE ( 'NONE', #6218, 0.05000000000000002359 ) ;
#4916 = CARTESIAN_POINT ( 'NONE',  ( -2.245982507821995267, 1.757263736772203044, 0.1499999999999999944 ) ) ;
#4917 = DIRECTION ( 'NONE',  ( 0.0000000000000000000, -0.9975640502598247528, 0.06975647374411884927 ) ) ;
#4918 = FACE_OUTER_BOUND ( 'NONE', #4619, .T. ) ;
#4919 = EDGE_LOOP ( 'NONE', ( #1016, #1606, #2867, #4686 ) ) ;
#4920 = LINE ( 'NONE', #351, #5395 ) ;
#4921 = ADVANCED_FACE ( 'NONE', ( #476 ), #2963, .F. ) ;
#4922 = AXIS2_PLACEMENT_3D ( 'NONE', #502, #5105, #2986 ) ;
#4923 = DIRECTION ( 'NONE',  ( -1.000000000000000000, -0.0000000000000000000, -0.0000000000000000000 ) ) ;
#4924 = AXIS2_PLACEMENT_3D ( 'NONE', #2746, #735, #671 ) ;
#4925 = VERTEX_POINT ( 'NONE', #4551 ) ;
#4926 = FILL_AREA_STYLE_COLOUR ( '', #1325 ) ;
#4927 = DIRECTION ( 'NONE',  ( -0.0000000000000000000, 0.9925461516413219831, 0.1218693434051477259 ) ) ;
#4928 = MECHANICAL_DESIGN_GEOMETRIC_PRESENTATION_REPRESENTATION (  '', ( #4084 ), #3542 ) ;
#4929 = FILL_AREA_STYLE_COLOUR ( '', #3027 ) ;
#4930 = VECTOR ( 'NONE', #4769, 1000.000000000000000 ) ;
#4931 = EDGE_CURVE ( 'NONE', #3780, #1952, #326, .T. ) ;
#4932 = AXIS2_PLACEMENT_3D ( 'NONE', #2539, #2498, #3590 ) ;
#4933 = FILL_AREA_STYLE_COLOUR ( '', #2154 ) ;
#4934 = UNCERTAINTY_MEASURE_WITH_UNIT (LENGTH_MEASURE( 1.000000000000000082E-05 ), #4950, 'distance_accuracy_value', 'NONE');
#4935 = ORIENTED_EDGE ( 'NONE', *, *, #5558, .F. ) ;
#4936 =( NAMED_UNIT ( * ) PLANE_ANGLE_UNIT ( ) SI_UNIT ( $, .RADIAN. ) );
#4937 = PRESENTATION_LAYER_ASSIGNMENT (  '', '', ( #3107 ) ) ;
#4938 = DIRECTION ( 'NONE',  ( -1.000000000000000000, -0.0000000000000000000, -0.0000000000000000000 ) ) ;
#4939 = COLOUR_RGB ( '',0.8784313725490195957, 0.8784313725490195957, 0.8784313725490195957 ) ;
#4940 = SURFACE_STYLE_FILL_AREA ( #2318 ) ;
#4941 = VERTEX_POINT ( 'NONE', #1528 ) ;
#4942 = CARTESIAN_POINT ( 'NONE',  ( 2.219263736772202567, 1.757263736772203044, 1.700000000000000178 ) ) ;
#4943 = AXIS2_PLACEMENT_3D ( 'NONE', #1618, #3045, #3628 ) ;
#4944 = CARTESIAN_POINT ( 'NONE',  ( 1.700000000000000178, -2.408015296927251470, 0.04139560300519886521 ) ) ;
#4945 =( NAMED_UNIT ( * ) PLANE_ANGLE_UNIT ( ) SI_UNIT ( $, .RADIAN. ) );
#4946 = ORIENTED_EDGE ( 'NONE', *, *, #1417, .F. ) ;
#4947 = CIRCLE ( 'NONE', #2299, 0.1000000000000002554 ) ;
#4948 = ORIENTED_EDGE ( 'NONE', *, *, #1433, .F. ) ;
#4949 = DIRECTION ( 'NONE',  ( -0.0000000000000000000, 0.9906414284093247868, 0.1364901473335445592 ) ) ;
#4950 =( LENGTH_UNIT ( ) NAMED_UNIT ( * ) SI_UNIT ( .MILLI., .METRE. ) );
#4951 = AXIS2_PLACEMENT_3D ( 'NONE', #6209, #1665, #3053 ) ;
#4952 = CARTESIAN_POINT ( 'NONE',  ( 2.110000000000000320, -1.884379500976052668, 0.8249935571487556629 ) ) ;
#4953 = CYLINDRICAL_SURFACE ( 'NONE', #5801, 0.04999999999999998196 ) ;
#4954 = LINE ( 'NONE', #6489, #5403 ) ;
#4955 = EDGE_CURVE ( 'NONE', #1245, #6256, #4976, .T. ) ;
#4956 = ORIENTED_EDGE ( 'NONE', *, *, #6394, .T. ) ;
#4957 = LINE ( 'NONE', #3338, #4442 ) ;
#4958 = PRESENTATION_STYLE_ASSIGNMENT (( #5362 ) ) ;
#4959 = CARTESIAN_POINT ( 'NONE',  ( 2.228801061984905907, 1.766801061984906385, 1.572324719471489551 ) ) ;
#4960 = AXIS2_PLACEMENT_3D ( 'NONE', #2707, #4738, #5779 ) ;
#4961 = ORIENTED_EDGE ( 'NONE', *, *, #313, .F. ) ;
#4962 = LINE ( 'NONE', #4030, #1774 ) ;
#4963 = PLANE ( 'NONE',  #171 ) ;
#4964 = EDGE_CURVE ( 'NONE', #3612, #1279, #1389, .T. ) ;
#4965 = SURFACE_STYLE_USAGE ( .BOTH. , #821 ) ;
#4966 = VECTOR ( 'NONE', #3376, 1000.000000000000000 ) ;
#4967 = DIRECTION ( 'NONE',  ( 1.000000000000000000, 0.0000000000000000000, 0.0000000000000000000 ) ) ;
#4968 = ORIENTED_EDGE ( 'NONE', *, *, #4599, .F. ) ;
#4969 = PRESENTATION_LAYER_ASSIGNMENT (  '', '', ( #3245 ) ) ;
#4970 = CIRCLE ( 'NONE', #6255, 0.1000000000000002554 ) ;
#4971 = ADVANCED_FACE ( 'NONE', ( #413 ), #3460, .T. ) ;
#4972 = FILL_AREA_STYLE_COLOUR ( '', #829 ) ;
#4973 = VERTEX_POINT ( 'NONE', #1239 ) ;
#4974 = MECHANICAL_DESIGN_GEOMETRIC_PRESENTATION_REPRESENTATION (  '', ( #5402 ), #6253 ) ;
#4975 = STYLED_ITEM ( 'NONE', ( #2581 ), #3187 ) ;
#4976 = LINE ( 'NONE', #4419, #3078 ) ;
#4977 = CARTESIAN_POINT ( 'NONE',  ( 2.219263736772205231, -1.806891044354269171, 0.1939065328297426560 ) ) ;
#4978 = COLOUR_RGB ( '',0.8784313725490195957, 0.8784313725490195957, 0.8784313725490195957 ) ;
#4979 = ORIENTED_EDGE ( 'NONE', *, *, #2295, .F. ) ;
#4980 = PRESENTATION_LAYER_ASSIGNMENT (  '', '', ( #5184 ) ) ;
#4981 = ORIENTED_EDGE ( 'NONE', *, *, #494, .F. ) ;
#4982 = SURFACE_STYLE_FILL_AREA ( #6098 ) ;
#4983 = DIRECTION ( 'NONE',  ( 0.0000000000000000000, -0.0000000000000000000, -1.000000000000000000 ) ) ;
#4984 = FILL_AREA_STYLE ('',( #5973 ) ) ;
#4985 = SURFACE_STYLE_USAGE ( .BOTH. , #6458 ) ;
#4986 =( BOUNDED_SURFACE ( )  B_SPLINE_SURFACE ( 3, 3, ( 
 ( #2805, #1772, #3836, #1735 ),
 ( #3781, #3324, #5826, #5893 ),
 ( #2352, #5319, #1315, #5381 ),
 ( #733, #4380, #4547, #6506 ) ),
 .UNSPECIFIED., .F., .F., .F. ) 
 B_SPLINE_SURFACE_WITH_KNOTS ( ( 4, 4 ),
 ( 4, 4 ),
 ( 0.0000000000000000000, 1.000000000000000000 ),
 ( 0.0000000000000000000, 1.000000000000000000 ),
 .UNSPECIFIED. ) 
 GEOMETRIC_REPRESENTATION_ITEM ( )  RATIONAL_B_SPLINE_SURFACE ( (
 ( 1.000000000000000000, 0.8307126645171004631, 0.8307126645171004631, 1.000000000000000000),
 ( 0.8307126645170450630, 0.6900835309890547276, 0.6900835309890547276, 0.8307126645170450630),
 ( 0.8307126645170450630, 0.6900835309890547276, 0.6900835309890547276, 0.8307126645170450630),
 ( 1.000000000000000000, 0.8307126645171004631, 0.8307126645171004631, 1.000000000000000000) ) ) 
 REPRESENTATION_ITEM ( '' )  SURFACE ( )  );
#4987 =( NAMED_UNIT ( * ) SI_UNIT ( $, .STERADIAN. ) SOLID_ANGLE_UNIT ( ) );
#4988 = CARTESIAN_POINT ( 'NONE',  ( -2.245982507821994822, -1.803916554534189975, 0.1677911918680916048 ) ) ;
#4989 = LINE ( 'NONE', #2462, #1189 ) ;
#4990 = ORIENTED_EDGE ( 'NONE', *, *, #4453, .F. ) ;
#4991 = CIRCLE ( 'NONE', #3717, 0.1000000000000002554 ) ;
#4992 = CARTESIAN_POINT ( 'NONE',  ( 0.8400000000000001910, 2.428942239050485785, 0.3406648180831462480 ) ) ;
#4993 = DIRECTION ( 'NONE',  ( -1.000000000000000000, 1.070816960479510870E-16, 0.0000000000000000000 ) ) ;
#4994 = LINE ( 'NONE', #1917, #4822 ) ;
#4995 = DIRECTION ( 'NONE',  ( -0.0000000000000000000, -1.000000000000000000, 1.234386826208250825E-15 ) ) ;
#4996 = ORIENTED_EDGE ( 'NONE', *, *, #2408, .T. ) ;
#4997 = CYLINDRICAL_SURFACE ( 'NONE', #2021, 0.3000000000000001554 ) ;
#4998 = LINE ( 'NONE', #2470, #6509 ) ;
#4999 = CARTESIAN_POINT ( 'NONE',  ( -1.806095522657784835, -0.9190406258255605643, 1.700000000000000178 ) ) ;
#5000 = ORIENTED_EDGE ( 'NONE', *, *, #4964, .T. ) ;
#5001 = FILL_AREA_STYLE_COLOUR ( '', #5140 ) ;
#5002 = PLANE ( 'NONE',  #1380 ) ;
#5003 = CARTESIAN_POINT ( 'NONE',  ( -2.109999999999999876, -3.013951294748823617, 0.1995128100519648617 ) ) ;
#5004 = ORIENTED_EDGE ( 'NONE', *, *, #2545, .T. ) ;
#5005 = CARTESIAN_POINT ( 'NONE',  ( 0.8400000000000001910, -2.408015296927252358, 0.04139560300519878888 ) ) ;
#5006 = ADVANCED_FACE ( 'NONE', ( #4803 ), #6340, .F. ) ;
#5007 = CARTESIAN_POINT ( 'NONE',  ( -1.806095522657784835, -0.9190406258255605643, 1.650000000000000133 ) ) ;
#5008 =( NAMED_UNIT ( * ) SI_UNIT ( $, .STERADIAN. ) SOLID_ANGLE_UNIT ( ) );
#5009 = VERTEX_POINT ( 'NONE', #823 ) ;
#5010 =( NAMED_UNIT ( * ) PLANE_ANGLE_UNIT ( ) SI_UNIT ( $, .RADIAN. ) );
#5011 = EDGE_CURVE ( 'NONE', #5318, #1041, #4037, .T. ) ;
#5012 = SURFACE_SIDE_STYLE ('',( #4424 ) ) ;
#5013 = SURFACE_SIDE_STYLE ('',( #5568 ) ) ;
#5014 = LINE ( 'NONE', #1015, #3207 ) ;
#5015 = LINE ( 'NONE', #1047, #5406 ) ;
#5016 = AXIS2_PLACEMENT_3D ( 'NONE', #3275, #2245, #1816 ) ;
#5017 = AXIS2_PLACEMENT_3D ( 'NONE', #4237, #224, #1726 ) ;
#5018 = ORIENTED_EDGE ( 'NONE', *, *, #4314, .F. ) ;
#5019 =( GEOMETRIC_REPRESENTATION_CONTEXT ( 3 ) GLOBAL_UNCERTAINTY_ASSIGNED_CONTEXT ( ( #68 ) ) GLOBAL_UNIT_ASSIGNED_CONTEXT ( ( #2757, #3800, #4827 ) ) REPRESENTATION_CONTEXT ( 'NONE', 'WORKASPACE' ) );
#5020 = SURFACE_STYLE_USAGE ( .BOTH. , #4566 ) ;
#5021 = DIRECTION ( 'NONE',  ( 0.1209742911513548291, 0.1209742911513548291, -0.9852565360152931717 ) ) ;
#5022 = PRESENTATION_STYLE_ASSIGNMENT (( #952 ) ) ;
#5023 = ORIENTED_EDGE ( 'NONE', *, *, #4795, .T. ) ;
#5024 = FACE_OUTER_BOUND ( 'NONE', #5908, .T. ) ;
#5025 = DIRECTION ( 'NONE',  ( 0.0000000000000000000, 0.9975640502598247528, 0.06975647374411841906 ) ) ;
#5026 = EDGE_LOOP ( 'NONE', ( #1313, #5386, #57, #5490 ) ) ;
#5027 = DIRECTION ( 'NONE',  ( 1.000000000000000000, 0.0000000000000000000, 0.0000000000000000000 ) ) ;
#5028 =( GEOMETRIC_REPRESENTATION_CONTEXT ( 3 ) GLOBAL_UNCERTAINTY_ASSIGNED_CONTEXT ( ( #3054 ) ) GLOBAL_UNIT_ASSIGNED_CONTEXT ( ( #4784, #241, #3261 ) ) REPRESENTATION_CONTEXT ( 'NONE', 'WORKASPACE' ) );
#5029 = STYLED_ITEM ( 'NONE', ( #610 ), #6159 ) ;
#5030 = ORIENTED_EDGE ( 'NONE', *, *, #1773, .T. ) ;
#5031 = FILL_AREA_STYLE_COLOUR ( '', #244 ) ;
#5032 = DIRECTION ( 'NONE',  ( -0.0000000000000000000, 0.06975647374411841906, 0.9975640502598247528 ) ) ;
#5033 =( NAMED_UNIT ( * ) SI_UNIT ( $, .STERADIAN. ) SOLID_ANGLE_UNIT ( ) );
#5034 = DIRECTION ( 'NONE',  ( 1.000000000000000000, 0.0000000000000000000, 0.0000000000000000000 ) ) ;
#5035 = ORIENTED_EDGE ( 'NONE', *, *, #3032, .F. ) ;
#5036 =( NAMED_UNIT ( * ) PLANE_ANGLE_UNIT ( ) SI_UNIT ( $, .RADIAN. ) );
#5037 = CYLINDRICAL_SURFACE ( 'NONE', #1119, 0.04999999999999991257 ) ;
#5038 = AXIS2_PLACEMENT_3D ( 'NONE', #550, #4569, #5099 ) ;
#5039 = DIRECTION ( 'NONE',  ( 1.000000000000000000, 0.0000000000000000000, 0.0000000000000000000 ) ) ;
#5040 = EDGE_LOOP ( 'NONE', ( #4531, #356, #6081, #1689, #6391, #2738, #2422, #6592, #5292, #5793, #6249, #5929 ) ) ;
#5041 = PLANE ( 'NONE',  #6053 ) ;
#5042 = DIRECTION ( 'NONE',  ( 1.000000000000000000, 0.0000000000000000000, 0.0000000000000000000 ) ) ;
#5043 = SURFACE_STYLE_USAGE ( .BOTH. , #971 ) ;
#5044 = EDGE_CURVE ( 'NONE', #6283, #3998, #856, .T. ) ;
#5045 = VERTEX_POINT ( 'NONE', #6085 ) ;
#5046 = EDGE_CURVE ( 'NONE', #915, #1534, #538, .T. ) ;
#5047 = ORIENTED_EDGE ( 'NONE', *, *, #4396, .T. ) ;
#5048 =( LENGTH_UNIT ( ) NAMED_UNIT ( * ) SI_UNIT ( .MILLI., .METRE. ) );
#5049 = EDGE_CURVE ( 'NONE', #2400, #1059, #4503, .T. ) ;
#5050 = PLANE ( 'NONE',  #6528 ) ;
#5051 = MECHANICAL_DESIGN_GEOMETRIC_PRESENTATION_REPRESENTATION (  '', ( #4838 ), #53 ) ;
#5052 = PLANE ( 'NONE',  #1487 ) ;
#5053 = FACE_OUTER_BOUND ( 'NONE', #506, .T. ) ;
#5054 = FACE_OUTER_BOUND ( 'NONE', #3776, .T. ) ;
#5055 = EDGE_CURVE ( 'NONE', #731, #2159, #2377, .T. ) ;
#5056 = ORIENTED_EDGE ( 'NONE', *, *, #2682, .F. ) ;
#5057 = LINE ( 'NONE', #491, #260 ) ;
#5058 = PRESENTATION_STYLE_ASSIGNMENT (( #1709 ) ) ;
#5059 = CARTESIAN_POINT ( 'NONE',  ( -1.699999999999999956, 2.269403886918007984, 0.7659358151225240663 ) ) ;
#5060 = SURFACE_SIDE_STYLE ('',( #4535 ) ) ;
#5061 = VERTEX_POINT ( 'NONE', #4408 ) ;
#5062 = CARTESIAN_POINT ( 'NONE',  ( -1.699999999999999956, 3.000000000000000444, -4.539491095799740721E-18 ) ) ;
#5063 = VECTOR ( 'NONE', #2535, 1000.000000000000000 ) ;
#5064 = EDGE_CURVE ( 'NONE', #4912, #255, #429, .T. ) ;
#5065 = EDGE_LOOP ( 'NONE', ( #2064, #3018, #4083, #3089 ) ) ;
#5066 = STYLED_ITEM ( 'NONE', ( #5565 ), #2009 ) ;
#5067 = SURFACE_STYLE_USAGE ( .BOTH. , #1517 ) ;
#5068 = LINE ( 'NONE', #2630, #3970 ) ;
#5069 = CARTESIAN_POINT ( 'NONE',  ( -0.4300000000000000488, 2.428942239050485785, 0.3406648180831462480 ) ) ;
#5070 = UNCERTAINTY_MEASURE_WITH_UNIT (LENGTH_MEASURE( 1.000000000000000082E-05 ), #2751, 'distance_accuracy_value', 'NONE');
#5071 = EDGE_LOOP ( 'NONE', ( #2257, #2965, #2405, #6379 ) ) ;
#5072 = PRESENTATION_STYLE_ASSIGNMENT (( #6020 ) ) ;
#5073 = DIRECTION ( 'NONE',  ( 1.000000000000000000, 0.0000000000000000000, 0.0000000000000000000 ) ) ;
#5074 =( NAMED_UNIT ( * ) PLANE_ANGLE_UNIT ( ) SI_UNIT ( $, .RADIAN. ) );
#5075 = FILL_AREA_STYLE_COLOUR ( '', #2745 ) ;
#5076 = DIRECTION ( 'NONE',  ( 0.0000000000000000000, -0.9975640502598247528, -0.06975647374411841906 ) ) ;
#5077 = DIRECTION ( 'NONE',  ( -0.0000000000000000000, 0.0000000000000000000, 1.000000000000000000 ) ) ;
#5078 = VECTOR ( 'NONE', #503, 1000.000000000000000 ) ;
#5079 = FILL_AREA_STYLE ('',( #5992 ) ) ;
#5080 = VERTEX_POINT ( 'NONE', #1985 ) ;
#5081 = DIRECTION ( 'NONE',  ( 1.000000000000000000, 0.0000000000000000000, 0.0000000000000000000 ) ) ;
#5082 = CARTESIAN_POINT ( 'NONE',  ( 2.219263736772202567, 0.0000000000000000000, 1.700000000000000178 ) ) ;
#5083 = ORIENTED_EDGE ( 'NONE', *, *, #3859, .T. ) ;
#5084 = VERTEX_POINT ( 'NONE', #2953 ) ;
#5085 = VECTOR ( 'NONE', #989, 1000.000000000000000 ) ;
#5086 = SURFACE_SIDE_STYLE ('',( #3544 ) ) ;
#5087 = STYLED_ITEM ( 'NONE', ( #813 ), #2683 ) ;
#5088 = APPLICATION_CONTEXT ( 'automotive_design' ) ;
#5089 = EDGE_CURVE ( 'NONE', #2446, #2297, #2507, .T. ) ;
#5090 = DIRECTION ( 'NONE',  ( 0.0000000000000000000, 0.0000000000000000000, 1.000000000000000000 ) ) ;
#5091 = ADVANCED_FACE ( 'NONE', ( #6049 ), #1489, .T. ) ;
#5092 = VERTEX_POINT ( 'NONE', #3141 ) ;
#5093 = EDGE_CURVE ( 'NONE', #6029, #5323, #1655, .T. ) ;
#5094 = FILL_AREA_STYLE_COLOUR ( '', #1222 ) ;
#5095 = EDGE_CURVE ( 'NONE', #1986, #3059, #2601, .T. ) ;
#5096 = LINE ( 'NONE', #1511, #1104 ) ;
#5097 = FACE_OUTER_BOUND ( 'NONE', #509, .T. ) ;
#5098 = ORIENTED_EDGE ( 'NONE', *, *, #1700, .T. ) ;
#5099 = DIRECTION ( 'NONE',  ( 0.0000000000000000000, 0.0000000000000000000, 1.000000000000000000 ) ) ;
#5100 = ORIENTED_EDGE ( 'NONE', *, *, #4487, .T. ) ;
#5101 = DIRECTION ( 'NONE',  ( 1.000000000000000000, 0.0000000000000000000, -0.0000000000000000000 ) ) ;
#5102 = VERTEX_POINT ( 'NONE', #6202 ) ;
#5103 = DIRECTION ( 'NONE',  ( 0.0000000000000000000, 0.0000000000000000000, -1.000000000000000000 ) ) ;
#5104 = FILL_AREA_STYLE_COLOUR ( '', #192 ) ;
#5105 = DIRECTION ( 'NONE',  ( -1.000000000000000000, -0.0000000000000000000, -0.0000000000000000000 ) ) ;
#5106 = FILL_AREA_STYLE ('',( #5075 ) ) ;
#5107 = PRESENTATION_STYLE_ASSIGNMENT (( #3051 ) ) ;
#5108 = DIRECTION ( 'NONE',  ( 0.04798956935377900884, -0.9192052114728447298, -0.3908436777464894263 ) ) ;
#5109 = PLANE ( 'NONE',  #6451 ) ;
#5110 = FILL_AREA_STYLE_COLOUR ( '', #3738 ) ;
#5111 = DIRECTION ( 'NONE',  ( 1.000000000000000000, 0.0000000000000000000, 0.0000000000000000000 ) ) ;
#5112 = CARTESIAN_POINT ( 'NONE',  ( 0.4300000000000000488, 2.408015296927251470, 0.04139560300519887909 ) ) ;
#5113 = CYLINDRICAL_SURFACE ( 'NONE', #2546, 0.3000000000000001554 ) ;
#5114 = ORIENTED_EDGE ( 'NONE', *, *, #2048, .F. ) ;
#5115 = ORIENTED_EDGE ( 'NONE', *, *, #4270, .F. ) ;
#5116 = PRESENTATION_STYLE_ASSIGNMENT (( #2161 ) ) ;
#5117 =( NAMED_UNIT ( * ) PLANE_ANGLE_UNIT ( ) SI_UNIT ( $, .RADIAN. ) );
#5118 = SURFACE_STYLE_USAGE ( .BOTH. , #6101 ) ;
#5119 = DIRECTION ( 'NONE',  ( -1.000000000000000000, -0.0000000000000000000, -0.0000000000000000000 ) ) ;
#5120 = CARTESIAN_POINT ( 'NONE',  ( 2.268942131948884722, 1.762889213713677128, 1.650641141053387217 ) ) ;
#5121 = ORIENTED_EDGE ( 'NONE', *, *, #4453, .T. ) ;
#5122 = DIRECTION ( 'NONE',  ( 0.0000000000000000000, 0.1364901473335441706, -0.9906414284093247868 ) ) ;
#5123 = CARTESIAN_POINT ( 'NONE',  ( 0.8400000000000001910, 1.972211458395209949, 0.7249887709224612786 ) ) ;
#5124 = ORIENTED_EDGE ( 'NONE', *, *, #1304, .F. ) ;
#5125 = EDGE_LOOP ( 'NONE', ( #2966, #6217, #1672, #6407 ) ) ;
#5126 = ADVANCED_FACE ( 'NONE', ( #67 ), #1591, .F. ) ;
#5127 = EDGE_CURVE ( 'NONE', #4587, #4284, #2181, .T. ) ;
#5128 = MECHANICAL_DESIGN_GEOMETRIC_PRESENTATION_REPRESENTATION (  '', ( #543 ), #5238 ) ;
#5129 = EDGE_CURVE ( 'NONE', #6212, #572, #4142, .T. ) ;
#5130 = DIRECTION ( 'NONE',  ( 0.0000000000000000000, -0.9975640502598247528, 0.06975647374411841906 ) ) ;
#5131 = UNCERTAINTY_MEASURE_WITH_UNIT (LENGTH_MEASURE( 1.000000000000000082E-05 ), #4109, 'distance_accuracy_value', 'NONE');
#5132 = EDGE_LOOP ( 'NONE', ( #2124, #2676, #1175, #5482, #4990, #5643, #4500, #830, #2732, #5657, #5825, #959, #2562, #5564, #3992, #5224, #1605, #4742, #4693, #2764 ) ) ;
#5133 = DIRECTION ( 'NONE',  ( 0.0000000000000000000, 0.0000000000000000000, 1.000000000000000000 ) ) ;
#5134 = FACE_OUTER_BOUND ( 'NONE', #800, .T. ) ;
#5135 = CIRCLE ( 'NONE', #4611, 0.3000000000000001554 ) ;
#5136 = CARTESIAN_POINT ( 'NONE',  ( 0.8400000000000001910, 1.972211458395209949, 0.7249887709224612786 ) ) ;
#5137 = EDGE_CURVE ( 'NONE', #2710, #3779, #3109, .T. ) ;
#5138 =( NAMED_UNIT ( * ) PLANE_ANGLE_UNIT ( ) SI_UNIT ( $, .RADIAN. ) );
#5139 = CARTESIAN_POINT ( 'NONE',  ( -2.265916554534189498, 1.757263736772203266, 1.682208808131908206 ) ) ;
#5140 = COLOUR_RGB ( '',0.8784313725490195957, 0.8784313725490195957, 0.8784313725490195957 ) ;
#5141 = VERTEX_POINT ( 'NONE', #3308 ) ;
#5142 = AXIS2_PLACEMENT_3D ( 'NONE', #1953, #6051, #4475 ) ;
#5143 = DIRECTION ( 'NONE',  ( 0.1209742911513548153, 0.1209742911513548153, 0.9852565360152930607 ) ) ;
#5144 = CARTESIAN_POINT ( 'NONE',  ( -0.4300000000000000488, -3.000000000000000444, 0.0000000000000000000 ) ) ;
#5145 = ORIENTED_EDGE ( 'NONE', *, *, #2332, .T. ) ;
#5146 = ORIENTED_EDGE ( 'NONE', *, *, #4644, .F. ) ;
#5147 = CIRCLE ( 'NONE', #3866, 0.04999999999999991257 ) ;
#5148 = CARTESIAN_POINT ( 'NONE',  ( 0.4300000000000000488, 2.269403886918007984, 0.7659358151225242883 ) ) ;
#5149 = CARTESIAN_POINT ( 'NONE',  ( -2.109999999999999876, -2.428942239050485785, 0.3406648180831462480 ) ) ;
#5150 = CARTESIAN_POINT ( 'NONE',  ( -2.109999999999999876, -1.972211458395209949, 0.8249887709224613674 ) ) ;
#5151 =( LENGTH_UNIT ( ) NAMED_UNIT ( * ) SI_UNIT ( .MILLI., .METRE. ) );
#5152 =( GEOMETRIC_REPRESENTATION_CONTEXT ( 3 ) GLOBAL_UNCERTAINTY_ASSIGNED_CONTEXT ( ( #403 ) ) GLOBAL_UNIT_ASSIGNED_CONTEXT ( ( #2457, #5448, #6549 ) ) REPRESENTATION_CONTEXT ( 'NONE', 'WORKASPACE' ) );
#5153 = ORIENTED_EDGE ( 'NONE', *, *, #4644, .T. ) ;
#5154 = DIRECTION ( 'NONE',  ( 1.000000000000000000, 0.0000000000000000000, 0.0000000000000000000 ) ) ;
#5155 = AXIS2_PLACEMENT_3D ( 'NONE', #6471, #2569, #1654 ) ;
#5156 = CARTESIAN_POINT ( 'NONE',  ( -0.4300000000000000488, -1.884379578609461259, 1.025000000000000133 ) ) ;
#5157 = EDGE_CURVE ( 'NONE', #4181, #576, #5347, .T. ) ;
#5158 = SURFACE_SIDE_STYLE ('',( #5196 ) ) ;
#5159 = DIRECTION ( 'NONE',  ( 0.0000000000000000000, -1.000000000000000000, -1.234386826208250825E-15 ) ) ;
#5160 = ORIENTED_EDGE ( 'NONE', *, *, #5916, .F. ) ;
#5161 = CIRCLE ( 'NONE', #5275, 0.3000000000000001554 ) ;
#5162 =( BOUNDED_CURVE ( )  B_SPLINE_CURVE ( 3, ( #1328, #3878, #281, #314 ),
 .UNSPECIFIED., .F., .T. ) 
 B_SPLINE_CURVE_WITH_KNOTS ( ( 4, 4 ),
 ( 5.501507132124499044, 7.064863482234655656 ),
 .UNSPECIFIED. ) 
 CURVE ( )  GEOMETRIC_REPRESENTATION_ITEM ( )  RATIONAL_B_SPLINE_CURVE ( ( 1.000000000000000000, 0.8064882076837728286, 0.8064882076837728286, 1.000000000000000000 ) ) 
 REPRESENTATION_ITEM ( '' )  );
#5163 =( NAMED_UNIT ( * ) SI_UNIT ( $, .STERADIAN. ) SOLID_ANGLE_UNIT ( ) );
#5164 = ADVANCED_FACE ( 'NONE', ( #293 ), #782, .F. ) ;
#5165 = VECTOR ( 'NONE', #6412, 1000.000000000000000 ) ;
#5166 =( NAMED_UNIT ( * ) SI_UNIT ( $, .STERADIAN. ) SOLID_ANGLE_UNIT ( ) );
#5167 = EDGE_LOOP ( 'NONE', ( #4153, #4714, #4628, #611 ) ) ;
#5168 = CARTESIAN_POINT ( 'NONE',  ( -2.346379578609460559, 1.884379578609461259, 1.024988770922461212 ) ) ;
#5169 =( NAMED_UNIT ( * ) SI_UNIT ( $, .STERADIAN. ) SOLID_ANGLE_UNIT ( ) );
#5170 = FACE_OUTER_BOUND ( 'NONE', #2654, .T. ) ;
#5171 = FILL_AREA_STYLE ('',( #3220 ) ) ;
#5172 = EDGE_CURVE ( 'NONE', #5288, #874, #6366, .T. ) ;
#5173 = LINE ( 'NONE', #565, #1464 ) ;
#5174 = CIRCLE ( 'NONE', #1353, 0.2999999999999998779 ) ;
#5175 = CARTESIAN_POINT ( 'NONE',  ( -2.268942131948885610, 1.762889213713670467, 1.650641141053386551 ) ) ;
#5176 = EDGE_CURVE ( 'NONE', #1791, #3, #684, .T. ) ;
#5177 =( NAMED_UNIT ( * ) PLANE_ANGLE_UNIT ( ) SI_UNIT ( $, .RADIAN. ) );
#5178 = LINE ( 'NONE', #3710, #968 ) ;
#5179 = VECTOR ( 'NONE', #2552, 1000.000000000000000 ) ;
#5180 = CARTESIAN_POINT ( 'NONE',  ( -2.214598977102697042, -1.752598977102696631, 0.1620085812482965903 ) ) ;
#5181 = ORIENTED_EDGE ( 'NONE', *, *, #4121, .T. ) ;
#5182 = ORIENTED_EDGE ( 'NONE', *, *, #2798, .T. ) ;
#5183 =( LENGTH_UNIT ( ) NAMED_UNIT ( * ) SI_UNIT ( .MILLI., .METRE. ) );
#5184 = STYLED_ITEM ( 'NONE', ( #1957 ), #3365 ) ;
#5185 = FILL_AREA_STYLE ('',( #4682 ) ) ;
#5186 = EDGE_CURVE ( 'NONE', #5519, #1742, #5775, .T. ) ;
#5187 = CARTESIAN_POINT ( 'NONE',  ( -1.699999999999999956, 2.428942239050485785, 0.3406648180831462480 ) ) ;
#5188 = SURFACE_SIDE_STYLE ('',( #1048 ) ) ;
#5189 = CARTESIAN_POINT ( 'NONE',  ( 2.265916554534184613, 1.787316369894380363, 1.670748146425563574 ) ) ;
#5190 =( GEOMETRIC_REPRESENTATION_CONTEXT ( 3 ) GLOBAL_UNCERTAINTY_ASSIGNED_CONTEXT ( ( #4342 ) ) GLOBAL_UNIT_ASSIGNED_CONTEXT ( ( #4235, #4010, #2635 ) ) REPRESENTATION_CONTEXT ( 'NONE', 'WORKASPACE' ) );
#5191 = VECTOR ( 'NONE', #6328, 1000.000000000000114 ) ;
#5192 = ORIENTED_EDGE ( 'NONE', *, *, #4717, .F. ) ;
#5193 = CARTESIAN_POINT ( 'NONE',  ( 0.8400000000000001910, 1.972211458395208616, 1.024988770922461212 ) ) ;
#5194 =( GEOMETRIC_REPRESENTATION_CONTEXT ( 3 ) GLOBAL_UNCERTAINTY_ASSIGNED_CONTEXT ( ( #6406 ) ) GLOBAL_UNIT_ASSIGNED_CONTEXT ( ( #3448, #2502, #460 ) ) REPRESENTATION_CONTEXT ( 'NONE', 'WORKASPACE' ) );
#5195 = VECTOR ( 'NONE', #2452, 1000.000000000000000 ) ;
#5196 = SURFACE_STYLE_FILL_AREA ( #6107 ) ;
#5197 = DIRECTION ( 'NONE',  ( -0.0000000000000000000, 0.06975647374411841906, 0.9975640502598247528 ) ) ;
#5198 = CARTESIAN_POINT ( 'NONE',  ( -1.699999999999999956, 2.329878096209553551, 0.3270158033497924110 ) ) ;
#5199 = ORIENTED_EDGE ( 'NONE', *, *, #4314, .T. ) ;
#5200 = PRESENTATION_LAYER_ASSIGNMENT (  '', '', ( #3363 ) ) ;
#5201 = SURFACE_STYLE_FILL_AREA ( #3138 ) ;
#5202 = CARTESIAN_POINT ( 'NONE',  ( -1.699999999999999956, 2.421966591676075975, 0.2409084130571637061 ) ) ;
#5203 = VECTOR ( 'NONE', #906, 1000.000000000000000 ) ;
#5204 = UNCERTAINTY_MEASURE_WITH_UNIT (LENGTH_MEASURE( 1.000000000000000082E-05 ), #3862, 'distance_accuracy_value', 'NONE');
#5205 = VERTEX_POINT ( 'NONE', #4859 ) ;
#5206 = LINE ( 'NONE', #125, #6173 ) ;
#5207 = PRESENTATION_STYLE_ASSIGNMENT (( #1128 ) ) ;
#5208 = STYLED_ITEM ( 'NONE', ( #756 ), #4632 ) ;
#5209 = CARTESIAN_POINT ( 'NONE',  ( -0.4300000000000000488, 2.408015296927252358, 0.04139560300519878888 ) ) ;
#5210 = DIRECTION ( 'NONE',  ( 0.0000000000000000000, 0.0000000000000000000, 1.000000000000000000 ) ) ;
#5211 = UNCERTAINTY_MEASURE_WITH_UNIT (LENGTH_MEASURE( 1.000000000000000082E-05 ), #4697, 'distance_accuracy_value', 'NONE');
#5212 = ORIENTED_EDGE ( 'NONE', *, *, #5382, .F. ) ;
#5213 = SURFACE_SIDE_STYLE ('',( #6150 ) ) ;
#5214 = VECTOR ( 'NONE', #4200, 1000.000000000000000 ) ;
#5215 = PLANE ( 'NONE',  #2579 ) ;
#5216 = LINE ( 'NONE', #3154, #4353 ) ;
#5217 = CARTESIAN_POINT ( 'NONE',  ( 2.219263736772202567, -1.367690167752628527, 1.695978054360575360 ) ) ;
#5218 = VERTEX_POINT ( 'NONE', #4767 ) ;
#5219 = ORIENTED_EDGE ( 'NONE', *, *, #5137, .T. ) ;
#5220 = EDGE_CURVE ( 'NONE', #5092, #666, #3697, .T. ) ;
#5221 = SURFACE_STYLE_FILL_AREA ( #670 ) ;
#5222 = FILL_AREA_STYLE_COLOUR ( '', #1651 ) ;
#5223 = EDGE_LOOP ( 'NONE', ( #4423, #3743, #5257, #3901 ) ) ;
#5224 = ORIENTED_EDGE ( 'NONE', *, *, #402, .F. ) ;
#5225 = EDGE_CURVE ( 'NONE', #6238, #4797, #2878, .T. ) ;
#5226 = DIRECTION ( 'NONE',  ( 0.0000000000000000000, 1.734723475976802677E-14, 1.000000000000000000 ) ) ;
#5227 = SURFACE_STYLE_FILL_AREA ( #3169 ) ;
#5228 = SURFACE_SIDE_STYLE ('',( #3204 ) ) ;
#5229 = ORIENTED_EDGE ( 'NONE', *, *, #312, .T. ) ;
#5230 = DIRECTION ( 'NONE',  ( 0.0000000000000000000, 0.0000000000000000000, 1.000000000000000000 ) ) ;
#5231 = STYLED_ITEM ( 'NONE', ( #3527 ), #5126 ) ;
#5232 = CARTESIAN_POINT ( 'NONE',  ( -1.699999999999999956, 2.071275601236143071, 0.7386377856558155042 ) ) ;
#5233 = DIRECTION ( 'NONE',  ( -1.000000000000000000, -0.0000000000000000000, 0.0000000000000000000 ) ) ;
#5234 = DIRECTION ( 'NONE',  ( -0.9925461516413220942, -1.301042606982604059E-14, -0.1218693434051463520 ) ) ;
#5235 = EDGE_LOOP ( 'NONE', ( #604, #4050, #1555, #4948 ) ) ;
#5236 = CARTESIAN_POINT ( 'NONE',  ( -1.437499999999999778, 1.012499999999999956, 0.1399999999999999856 ) ) ;
#5237 = COLOUR_RGB ( '',0.8784313725490195957, 0.8784313725490195957, 0.8784313725490195957 ) ;
#5238 =( GEOMETRIC_REPRESENTATION_CONTEXT ( 3 ) GLOBAL_UNCERTAINTY_ASSIGNED_CONTEXT ( ( #3528 ) ) GLOBAL_UNIT_ASSIGNED_CONTEXT ( ( #4304, #1303, #2735 ) ) REPRESENTATION_CONTEXT ( 'NONE', 'WORKASPACE' ) );
#5239 = PLANE ( 'NONE',  #4960 ) ;
#5240 = DIRECTION ( 'NONE',  ( 0.04792063293609302721, 0.9194473282641765222, 0.3902822356793500536 ) ) ;
#5241 = MECHANICAL_DESIGN_GEOMETRIC_PRESENTATION_REPRESENTATION (  '', ( #1960 ), #1640 ) ;
#5242 = ORIENTED_EDGE ( 'NONE', *, *, #3582, .T. ) ;
#5243 = PRESENTATION_STYLE_ASSIGNMENT (( #3709 ) ) ;
#5244 =( LENGTH_UNIT ( ) NAMED_UNIT ( * ) SI_UNIT ( .MILLI., .METRE. ) );
#5245 = CARTESIAN_POINT ( 'NONE',  ( 0.4300000000000000488, -2.408015296927252358, 0.04139560300519878888 ) ) ;
#5246 = CARTESIAN_POINT ( 'NONE',  ( 2.265916554534189498, -1.348042813803152162, 1.682208808131908206 ) ) ;
#5247 = ORIENTED_EDGE ( 'NONE', *, *, #836, .T. ) ;
#5248 = MECHANICAL_DESIGN_GEOMETRIC_PRESENTATION_REPRESENTATION (  '', ( #2273 ), #6524 ) ;
#5249 = VERTEX_POINT ( 'NONE', #646 ) ;
#5250 = AXIS2_PLACEMENT_3D ( 'NONE', #239, #5863, #835 ) ;
#5251 = SURFACE_STYLE_FILL_AREA ( #5185 ) ;
#5252 = PRESENTATION_LAYER_ASSIGNMENT (  '', '', ( #1544 ) ) ;
#5253 = VECTOR ( 'NONE', #5697, 1000.000000000000114 ) ;
#5254 = CARTESIAN_POINT ( 'NONE',  ( 2.296379578609461625, 1.834379578609460992, 1.025000000000000133 ) ) ;
#5255 = EDGE_LOOP ( 'NONE', ( #2160, #2692, #497, #5229 ) ) ;
#5256 = EDGE_CURVE ( 'NONE', #138, #3686, #4730, .T. ) ;
#5257 = ORIENTED_EDGE ( 'NONE', *, *, #1572, .T. ) ;
#5258 = AXIS2_PLACEMENT_3D ( 'NONE', #1281, #5896, #1414 ) ;
#5259 =( GEOMETRIC_REPRESENTATION_CONTEXT ( 3 ) GLOBAL_UNCERTAINTY_ASSIGNED_CONTEXT ( ( #937 ) ) GLOBAL_UNIT_ASSIGNED_CONTEXT ( ( #5839, #3073, #5646 ) ) REPRESENTATION_CONTEXT ( 'NONE', 'WORKASPACE' ) );
#5260 = VECTOR ( 'NONE', #3653, 1000.000000000000227 ) ;
#5261 = DIRECTION ( 'NONE',  ( -1.000000000000000000, -0.0000000000000000000, 0.0000000000000000000 ) ) ;
#5262 = B_SPLINE_CURVE_WITH_KNOTS ( 'NONE', 3,
 ( #4386, #6421, #5495, #343 ),
 .UNSPECIFIED., .F., .F.,
 ( 4, 4 ),
 ( 0.0000000000000000000, 1.000000000000000000 ),
 .UNSPECIFIED. ) ;
#5263 = LINE ( 'NONE', #5803, #173 ) ;
#5264 = ORIENTED_EDGE ( 'NONE', *, *, #2437, .F. ) ;
#5265 = SURFACE_STYLE_USAGE ( .BOTH. , #5772 ) ;
#5266 = VECTOR ( 'NONE', #5101, 1000.000000000000000 ) ;
#5267 = CARTESIAN_POINT ( 'NONE',  ( -2.109999999999999876, 2.428942239050485785, 0.3406648180831462480 ) ) ;
#5268 = DIRECTION ( 'NONE',  ( -1.000000000000000000, -0.0000000000000000000, -0.0000000000000000000 ) ) ;
#5269 = EDGE_CURVE ( 'NONE', #1965, #138, #2578, .T. ) ;
#5270 = UNCERTAINTY_MEASURE_WITH_UNIT (LENGTH_MEASURE( 1.000000000000000082E-05 ), #3758, 'distance_accuracy_value', 'NONE');
#5271 = EDGE_LOOP ( 'NONE', ( #3451, #4836, #1650 ) ) ;
#5272 = DIRECTION ( 'NONE',  ( -1.000000000000000000, 0.0000000000000000000, -0.0000000000000000000 ) ) ;
#5273 = CARTESIAN_POINT ( 'NONE',  ( 2.109999999999999876, 3.000000000000000000, 0.0000000000000000000 ) ) ;
#5274 = SURFACE_STYLE_USAGE ( .BOTH. , #3219 ) ;
#5275 = AXIS2_PLACEMENT_3D ( 'NONE', #2717, #4533, #4025 ) ;
#5276 = DIRECTION ( 'NONE',  ( 0.0000000000000000000, 1.734723475976802677E-14, 1.000000000000000000 ) ) ;
#5277 = SURFACE_STYLE_FILL_AREA ( #5171 ) ;
#5278 = CARTESIAN_POINT ( 'NONE',  ( -2.263500000000000956, 1.884378199852105640, 0.8249887709224611454 ) ) ;
#5279 = PLANE ( 'NONE',  #1230 ) ;
#5280 = COLOUR_RGB ( '',0.8784313725490195957, 0.8784313725490195957, 0.8784313725490195957 ) ;
#5281 = UNCERTAINTY_MEASURE_WITH_UNIT (LENGTH_MEASURE( 1.000000000000000082E-05 ), #652, 'distance_accuracy_value', 'NONE');
#5282 = ORIENTED_EDGE ( 'NONE', *, *, #5256, .T. ) ;
#5283 = LINE ( 'NONE', #2739, #3166 ) ;
#5284 = DIRECTION ( 'NONE',  ( -1.000000000000000000, -0.0000000000000000000, -0.0000000000000000000 ) ) ;
#5285 = DIRECTION ( 'NONE',  ( -1.000000000000000000, -0.0000000000000000000, -0.0000000000000000000 ) ) ;
#5286 = ORIENTED_EDGE ( 'NONE', *, *, #3195, .F. ) ;
#5287 = CIRCLE ( 'NONE', #581, 0.04999999999999989175 ) ;
#5288 = VERTEX_POINT ( 'NONE', #5506 ) ;
#5289 =( NAMED_UNIT ( * ) PLANE_ANGLE_UNIT ( ) SI_UNIT ( $, .RADIAN. ) );
#5290 = CARTESIAN_POINT ( 'NONE',  ( 1.437500000000000222, 1.012499999999999956, 0.1399999999999999856 ) ) ;
#5291 = VERTEX_POINT ( 'NONE', #2947 ) ;
#5292 = ORIENTED_EDGE ( 'NONE', *, *, #1930, .T. ) ;
#5293 = MECHANICAL_DESIGN_GEOMETRIC_PRESENTATION_REPRESENTATION (  '', ( #4856 ), #167 ) ;
#5294 = ADVANCED_FACE ( 'NONE', ( #5915 ), #815, .T. ) ;
#5295 = VECTOR ( 'NONE', #6540, 1000.000000000000227 ) ;
#5296 = SURFACE_STYLE_FILL_AREA ( #2301 ) ;
#5297 = STYLED_ITEM ( 'NONE', ( #5769 ), #2753 ) ;
#5298 = CARTESIAN_POINT ( 'NONE',  ( 1.700000000000000178, 1.884378199852105862, 0.8249887709224611454 ) ) ;
#5299 = CARTESIAN_POINT ( 'NONE',  ( 2.219263736772202122, 1.757263736772203044, 0.1999999999999999833 ) ) ;
#5300 = CIRCLE ( 'NONE', #3701, 0.2999999999999998779 ) ;
#5301 = VECTOR ( 'NONE', #5655, 1000.000000000000000 ) ;
#5302 = EDGE_CURVE ( 'NONE', #1057, #605, #3841, .T. ) ;
#5303 =( NAMED_UNIT ( * ) SI_UNIT ( $, .STERADIAN. ) SOLID_ANGLE_UNIT ( ) );
#5304 = CARTESIAN_POINT ( 'NONE',  ( 2.219263736772203011, 1.806891044354269171, 1.656093467170257849 ) ) ;
#5305 = ORIENTED_EDGE ( 'NONE', *, *, #1007, .F. ) ;
#5306 = SURFACE_STYLE_FILL_AREA ( #1233 ) ;
#5307 = FACE_OUTER_BOUND ( 'NONE', #3823, .T. ) ;
#5308 = DIRECTION ( 'NONE',  ( -1.000000000000000000, -0.0000000000000000000, -0.0000000000000000000 ) ) ;
#5309 = AXIS2_PLACEMENT_3D ( 'NONE', #2062, #6582, #415 ) ;
#5310 = PRESENTATION_STYLE_ASSIGNMENT (( #5274 ) ) ;
#5311 =( GEOMETRIC_REPRESENTATION_CONTEXT ( 3 ) GLOBAL_UNCERTAINTY_ASSIGNED_CONTEXT ( ( #1274 ) ) GLOBAL_UNIT_ASSIGNED_CONTEXT ( ( #828, #5481, #3571 ) ) REPRESENTATION_CONTEXT ( 'NONE', 'WORKASPACE' ) );
#5312 = EDGE_CURVE ( 'NONE', #4218, #3322, #541, .T. ) ;
#5313 = ORIENTED_EDGE ( 'NONE', *, *, #2700, .F. ) ;
#5314 = DIRECTION ( 'NONE',  ( -1.000000000000000000, -0.0000000000000000000, -0.0000000000000000000 ) ) ;
#5315 = CARTESIAN_POINT ( 'NONE',  ( -2.263500000000000956, 1.806891044354268949, 0.1939065328297426283 ) ) ;
#5316 = AXIS2_PLACEMENT_3D ( 'NONE', #4675, #104, #1667 ) ;
#5317 = ORIENTED_EDGE ( 'NONE', *, *, #5129, .T. ) ;
#5318 = VERTEX_POINT ( 'NONE', #3656 ) ;
#5319 = CARTESIAN_POINT ( 'NONE',  ( 2.245982507821995267, 1.783982507821988195, 0.1499999999999990785 ) ) ;
#5320 = CARTESIAN_POINT ( 'NONE',  ( 0.8400000000000001910, 2.131749810527688638, 0.2997177738830843485 ) ) ;
#5321 = DIRECTION ( 'NONE',  ( -1.000000000000000000, -0.0000000000000000000, -0.0000000000000000000 ) ) ;
#5322 = ORIENTED_EDGE ( 'NONE', *, *, #6189, .F. ) ;
#5323 = VERTEX_POINT ( 'NONE', #2141 ) ;
#5324 = PRESENTATION_STYLE_ASSIGNMENT (( #707 ) ) ;
#5325 = CARTESIAN_POINT ( 'NONE',  ( -2.241764626010010364, -1.829391933592076080, 1.472838430280073441 ) ) ;
#5326 = FACE_OUTER_BOUND ( 'NONE', #5071, .T. ) ;
#5327 = DIRECTION ( 'NONE',  ( 0.0000000000000000000, -0.1364901473335454474, 0.9906414284093245648 ) ) ;
#5328 = DIRECTION ( 'NONE',  ( -0.1209742911513563973, -0.1209742911513547042, -0.9852565360152928386 ) ) ;
#5329 = FILL_AREA_STYLE ('',( #2821 ) ) ;
#5330 = ORIENTED_EDGE ( 'NONE', *, *, #5978, .T. ) ;
#5331 = LINE ( 'NONE', #4798, #39 ) ;
#5332 = CARTESIAN_POINT ( 'NONE',  ( -0.4300000000000000488, 2.408015296927252358, 0.04139560300519883745 ) ) ;
#5333 = DIRECTION ( 'NONE',  ( 0.0000000000000000000, -1.000000000000000000, 0.0000000000000000000 ) ) ;
#5334 = DIRECTION ( 'NONE',  ( -1.000000000000000000, -0.0000000000000000000, -0.0000000000000000000 ) ) ;
#5335 = EDGE_CURVE ( 'NONE', #1621, #3364, #4627, .T. ) ;
#5336 = EDGE_CURVE ( 'NONE', #4422, #5350, #6405, .T. ) ;
#5337 = EDGE_CURVE ( 'NONE', #3105, #2728, #5702, .T. ) ;
#5338 = LINE ( 'NONE', #2793, #2623 ) ;
#5339 = AXIS2_PLACEMENT_3D ( 'NONE', #3893, #3450, #5408 ) ;
#5340 = UNCERTAINTY_MEASURE_WITH_UNIT (LENGTH_MEASURE( 1.000000000000000082E-05 ), #1936, 'distance_accuracy_value', 'NONE');
#5341 = ORIENTED_EDGE ( 'NONE', *, *, #4398, .T. ) ;
#5342 =( NAMED_UNIT ( * ) SI_UNIT ( $, .STERADIAN. ) SOLID_ANGLE_UNIT ( ) );
#5343 = FACE_OUTER_BOUND ( 'NONE', #2660, .T. ) ;
#5344 = ORIENTED_EDGE ( 'NONE', *, *, #1929, .F. ) ;
#5345 = ORIENTED_EDGE ( 'NONE', *, *, #5302, .F. ) ;
#5346 = DIRECTION ( 'NONE',  ( 0.0000000000000000000, 0.0000000000000000000, 1.000000000000000000 ) ) ;
#5347 = CIRCLE ( 'NONE', #5016, 0.2999999999999998779 ) ;
#5348 = STYLED_ITEM ( 'NONE', ( #5944 ), #5843 ) ;
#5349 = SURFACE_SIDE_STYLE ('',( #1738 ) ) ;
#5350 = VERTEX_POINT ( 'NONE', #5608 ) ;
#5351 = PRESENTATION_LAYER_ASSIGNMENT (  '', '', ( #1430 ) ) ;
#5352 = VERTEX_POINT ( 'NONE', #1021 ) ;
#5353 = COLOUR_RGB ( '',0.8784313725490195957, 0.8784313725490195957, 0.8784313725490195957 ) ;
#5354 = CIRCLE ( 'NONE', #655, 0.1000000000000002554 ) ;
#5355 = LINE ( 'NONE', #4884, #2290 ) ;
#5356 =( NAMED_UNIT ( * ) SI_UNIT ( $, .STERADIAN. ) SOLID_ANGLE_UNIT ( ) );
#5357 = VECTOR ( 'NONE', #6369, 1000.000000000000000 ) ;
#5358 = CARTESIAN_POINT ( 'NONE',  ( -2.109999999999999876, 3.013951294748823617, 0.1995128100519649172 ) ) ;
#5359 = VERTEX_POINT ( 'NONE', #1744 ) ;
#5360 = EDGE_CURVE ( 'NONE', #4301, #2326, #2302, .T. ) ;
#5361 = VECTOR ( 'NONE', #5474, 1000.000000000000114 ) ;
#5362 = SURFACE_STYLE_USAGE ( .BOTH. , #1444 ) ;
#5363 = COLOUR_RGB ( '',0.8784313725490195957, 0.8784313725490195957, 0.8784313725490195957 ) ;
#5364 = CARTESIAN_POINT ( 'NONE',  ( 2.219263736772202567, 1.757263736772203044, 0.1499999999999999389 ) ) ;
#5365 = ORIENTED_EDGE ( 'NONE', *, *, #3787, .T. ) ;
#5366 = CARTESIAN_POINT ( 'NONE',  ( 0.8400000000000001910, -1.972211458395209061, 1.024988770922461434 ) ) ;
#5367 = SURFACE_STYLE_USAGE ( .BOTH. , #1342 ) ;
#5368 = CARTESIAN_POINT ( 'NONE',  ( 0.8400000000000001910, 2.329878096209553551, 0.3270158033497924110 ) ) ;
#5369 = DIRECTION ( 'NONE',  ( 0.0000000000000000000, 0.1218693434051477259, -0.9925461516413219831 ) ) ;
#5370 = PRODUCT_DEFINITION_FORMATION_WITH_SPECIFIED_SOURCE ( 'ANY', '', #1577, .NOT_KNOWN. ) ;
#5371 = AXIS2_PLACEMENT_3D ( 'NONE', #3525, #2629, #557 ) ;
#5372 = ORIENTED_EDGE ( 'NONE', *, *, #139, .T. ) ;
#5373 = EDGE_CURVE ( 'NONE', #3592, #4410, #709, .T. ) ;
#5374 = DIRECTION ( 'NONE',  ( 0.0000000000000000000, 0.1364901473335445314, 0.9906414284093246758 ) ) ;
#5375 = CARTESIAN_POINT ( 'NONE',  ( 1.437500000000000222, 0.0000000000000000000, 0.1499999999999999944 ) ) ;
#5376 = DIRECTION ( 'NONE',  ( 1.000000000000000000, -0.0000000000000000000, -0.0000000000000000000 ) ) ;
#5377 = DIRECTION ( 'NONE',  ( 0.0000000000000000000, 0.0000000000000000000, 1.000000000000000000 ) ) ;
#5378 = ORIENTED_EDGE ( 'NONE', *, *, #3940, .F. ) ;
#5379 = FILL_AREA_STYLE_COLOUR ( '', #3160 ) ;
#5380 = EDGE_LOOP ( 'NONE', ( #4592, #5636, #3433, #2514, #1508, #4277, #1906, #5313, #2597, #1516, #2816, #2320 ) ) ;
#5381 = CARTESIAN_POINT ( 'NONE',  ( 2.245982507821995711, 1.806942131948884978, 0.1943381052050159596 ) ) ;
#5382 = EDGE_CURVE ( 'NONE', #3692, #2043, #4360, .T. ) ;
#5383 = CARTESIAN_POINT ( 'NONE',  ( 0.4300000000000000488, 2.071275601236143071, 0.7386377856558155042 ) ) ;
#5384 = LINE ( 'NONE', #2453, #6200 ) ;
#5385 = ORIENTED_EDGE ( 'NONE', *, *, #3003, .T. ) ;
#5386 = ORIENTED_EDGE ( 'NONE', *, *, #1134, .F. ) ;
#5387 = EDGE_CURVE ( 'NONE', #3779, #5830, #1705, .T. ) ;
#5388 = LINE ( 'NONE', #2359, #3767 ) ;
#5389 = CARTESIAN_POINT ( 'NONE',  ( -2.219263736772203011, 1.783982507821995078, 0.1499999999999999944 ) ) ;
#5390 = DIRECTION ( 'NONE',  ( 0.1218693434051477259, 0.0000000000000000000, -0.9925461516413219831 ) ) ;
#5391 = CARTESIAN_POINT ( 'NONE',  ( -2.245982507821994822, -1.806942131948886754, 0.1943381052050295599 ) ) ;
#5392 = MECHANICAL_DESIGN_GEOMETRIC_PRESENTATION_REPRESENTATION (  '', ( #2926 ), #3459 ) ;
#5393 =( LENGTH_UNIT ( ) NAMED_UNIT ( * ) SI_UNIT ( .MILLI., .METRE. ) );
#5394 = SURFACE_STYLE_USAGE ( .BOTH. , #2911 ) ;
#5395 = VECTOR ( 'NONE', #848, 1000.000000000000000 ) ;
#5396 = SURFACE_SIDE_STYLE ('',( #6397 ) ) ;
#5397 = SURFACE_STYLE_USAGE ( .BOTH. , #355 ) ;
#5398 = ORIENTED_EDGE ( 'NONE', *, *, #1692, .F. ) ;
#5399 = DIRECTION ( 'NONE',  ( 0.0000000000000000000, 0.0000000000000000000, 1.000000000000000000 ) ) ;
#5400 = CARTESIAN_POINT ( 'NONE',  ( -2.263500000000000956, 1.884378878992036821, 0.8249943020733323529 ) ) ;
#5401 = CARTESIAN_POINT ( 'NONE',  ( -2.265916554534189054, -1.360699170876324970, 1.679617966623562442 ) ) ;
#5402 = STYLED_ITEM ( 'NONE', ( #3509 ), #3915 ) ;
#5403 = VECTOR ( 'NONE', #4391, 1000.000000000000000 ) ;
#5404 = DIRECTION ( 'NONE',  ( -1.000000000000000000, -0.0000000000000000000, -0.0000000000000000000 ) ) ;
#5405 = LINE ( 'NONE', #1983, #248 ) ;
#5406 = VECTOR ( 'NONE', #6127, 1000.000000000000000 ) ;
#5407 = VECTOR ( 'NONE', #2386, 1000.000000000000000 ) ;
#5408 = DIRECTION ( 'NONE',  ( 0.0000000000000000000, 1.000000000000000000, -1.234386826208250825E-15 ) ) ;
#5409 = UNCERTAINTY_MEASURE_WITH_UNIT (LENGTH_MEASURE( 1.000000000000000082E-05 ), #991, 'distance_accuracy_value', 'NONE');
#5410 = ORIENTED_EDGE ( 'NONE', *, *, #3106, .T. ) ;
#5411 =( NAMED_UNIT ( * ) SI_UNIT ( $, .STERADIAN. ) SOLID_ANGLE_UNIT ( ) );
#5412 = DIRECTION ( 'NONE',  ( 0.0000000000000000000, -1.234386826208250825E-15, -1.000000000000000000 ) ) ;
#5413 = ORIENTED_EDGE ( 'NONE', *, *, #3613, .F. ) ;
#5414 = ORIENTED_EDGE ( 'NONE', *, *, #1358, .F. ) ;
#5415 =( LENGTH_UNIT ( ) NAMED_UNIT ( * ) SI_UNIT ( .MILLI., .METRE. ) );
#5416 = CARTESIAN_POINT ( 'NONE',  ( 1.700000000000000178, 2.329878096209553551, 0.3270158033497921335 ) ) ;
#5417 = ORIENTED_EDGE ( 'NONE', *, *, #3661, .F. ) ;
#5418 = ORIENTED_EDGE ( 'NONE', *, *, #965, .F. ) ;
#5419 = COLOUR_RGB ( '',0.8784313725490195957, 0.8784313725490195957, 0.8784313725490195957 ) ;
#5420 = CARTESIAN_POINT ( 'NONE',  ( 2.291477832458802322, -1.779718146421566782, 1.472092387183852491 ) ) ;
#5421 =( NAMED_UNIT ( * ) SI_UNIT ( $, .STERADIAN. ) SOLID_ANGLE_UNIT ( ) );
#5422 = CARTESIAN_POINT ( 'NONE',  ( -1.699999999999999956, -2.428942239050485785, 0.3406648180831462480 ) ) ;
#5423 = SURFACE_STYLE_USAGE ( .BOTH. , #3370 ) ;
#5424 = CIRCLE ( 'NONE', #2344, 0.3000000000000001554 ) ;
#5425 = PLANE ( 'NONE',  #2684 ) ;
#5426 = ADVANCED_FACE ( 'NONE', ( #3979 ), #6031, .T. ) ;
#5427 = ORIENTED_EDGE ( 'NONE', *, *, #4781, .T. ) ;
#5428 = CARTESIAN_POINT ( 'NONE',  ( 2.109999999999999876, -1.884379578609461259, 0.3406648180831462480 ) ) ;
#5429 =( LENGTH_UNIT ( ) NAMED_UNIT ( * ) SI_UNIT ( .MILLI., .METRE. ) );
#5430 =( NAMED_UNIT ( * ) PLANE_ANGLE_UNIT ( ) SI_UNIT ( $, .RADIAN. ) );
#5431 = VERTEX_POINT ( 'NONE', #344 ) ;
#5432 = CARTESIAN_POINT ( 'NONE',  ( -2.296565235439750996, 1.884378889230783560, 0.8249943854612323824 ) ) ;
#5433 = DIRECTION ( 'NONE',  ( 0.0000000000000000000, 0.0000000000000000000, -1.000000000000000000 ) ) ;
#5434 = SURFACE_STYLE_USAGE ( .BOTH. , #300 ) ;
#5435 = VERTEX_POINT ( 'NONE', #2814 ) ;
#5436 = LINE ( 'NONE', #366, #1505 ) ;
#5437 = FILL_AREA_STYLE ('',( #6444 ) ) ;
#5438 = ORIENTED_EDGE ( 'NONE', *, *, #5707, .F. ) ;
#5439 = EDGE_LOOP ( 'NONE', ( #5385, #3384, #3649, #5457 ) ) ;
#5440 = DIRECTION ( 'NONE',  ( 0.0000000000000000000, -1.234386826208250825E-15, 1.000000000000000000 ) ) ;
#5441 = CARTESIAN_POINT ( 'NONE',  ( 2.109999999999999876, 1.884379578609461259, 1.025000000000000133 ) ) ;
#5442 = ADVANCED_FACE ( 'NONE', ( #4850 ), #5940, .F. ) ;
#5443 =( NAMED_UNIT ( * ) PLANE_ANGLE_UNIT ( ) SI_UNIT ( $, .RADIAN. ) );
#5444 = CARTESIAN_POINT ( 'NONE',  ( 2.219263736772203455, -1.757263736772203266, 0.1999999999999999833 ) ) ;
#5445 = EDGE_LOOP ( 'NONE', ( #5560, #2305, #1089, #6398 ) ) ;
#5446 = VECTOR ( 'NONE', #1161, 1000.000000000000000 ) ;
#5447 = SURFACE_SIDE_STYLE ('',( #4982 ) ) ;
#5448 =( NAMED_UNIT ( * ) PLANE_ANGLE_UNIT ( ) SI_UNIT ( $, .RADIAN. ) );
#5449 = ADVANCED_FACE ( 'NONE', ( #3368 ), #2002, .F. ) ;
#5450 = ADVANCED_FACE ( 'NONE', ( #2611 ), #3471, .T. ) ;
#5451 = CARTESIAN_POINT ( 'NONE',  ( 2.288605220630223869, -1.796736762241202934, 1.498946020101759480 ) ) ;
#5452 =( LENGTH_UNIT ( ) NAMED_UNIT ( * ) SI_UNIT ( .MILLI., .METRE. ) );
#5453 = CARTESIAN_POINT ( 'NONE',  ( -2.265916554534189498, 1.789265374743140624, 0.1963527423377150471 ) ) ;
#5454 = FACE_OUTER_BOUND ( 'NONE', #2648, .T. ) ;
#5455 = ADVANCED_FACE ( 'NONE', ( #4177 ), #5215, .F. ) ;
#5456 = SURFACE_STYLE_USAGE ( .BOTH. , #449 ) ;
#5457 = ORIENTED_EDGE ( 'NONE', *, *, #2298, .T. ) ;
#5458 = COLOUR_RGB ( '',0.8784313725490195957, 0.8784313725490195957, 0.8784313725490195957 ) ;
#5459 = FACE_OUTER_BOUND ( 'NONE', #2955, .T. ) ;
#5460 = VECTOR ( 'NONE', #2355, 1000.000000000000000 ) ;
#5461 = EDGE_CURVE ( 'NONE', #1082, #2557, #6180, .T. ) ;
#5462 =( LENGTH_UNIT ( ) NAMED_UNIT ( * ) SI_UNIT ( .MILLI., .METRE. ) );
#5463 = CYLINDRICAL_SURFACE ( 'NONE', #453, 0.05000000000000005135 ) ;
#5464 =( NAMED_UNIT ( * ) SI_UNIT ( $, .STERADIAN. ) SOLID_ANGLE_UNIT ( ) );
#5465 = SURFACE_STYLE_FILL_AREA ( #4896 ) ;
#5466 = COLOUR_RGB ( '',0.8784313725490195957, 0.8784313725490195957, 0.8784313725490195957 ) ;
#5467 = ORIENTED_EDGE ( 'NONE', *, *, #2991, .F. ) ;
#5468 = PRESENTATION_STYLE_ASSIGNMENT (( #357 ) ) ;
#5469 = DIRECTION ( 'NONE',  ( 0.0000000000000000000, -0.9975640502598247528, 0.06975647374411841906 ) ) ;
#5470 =( GEOMETRIC_REPRESENTATION_CONTEXT ( 3 ) GLOBAL_UNCERTAINTY_ASSIGNED_CONTEXT ( ( #4066 ) ) GLOBAL_UNIT_ASSIGNED_CONTEXT ( ( #3585, #2068, #1116 ) ) REPRESENTATION_CONTEXT ( 'NONE', 'WORKASPACE' ) );
#5471 = LINE ( 'NONE', #3415, #2930 ) ;
#5472 = VECTOR ( 'NONE', #2946, 1000.000000000000000 ) ;
#5473 = MECHANICAL_DESIGN_GEOMETRIC_PRESENTATION_REPRESENTATION (  '', ( #2385 ), #566 ) ;
#5474 = DIRECTION ( 'NONE',  ( 0.0000000000000000000, 0.9975640502598247528, 0.06975647374411841906 ) ) ;
#5475 =( LENGTH_UNIT ( ) NAMED_UNIT ( * ) SI_UNIT ( .MILLI., .METRE. ) );
#5476 = UNCERTAINTY_MEASURE_WITH_UNIT (LENGTH_MEASURE( 1.000000000000000082E-05 ), #2990, 'distance_accuracy_value', 'NONE');
#5477 = VERTEX_POINT ( 'NONE', #3118 ) ;
#5478 = CARTESIAN_POINT ( 'NONE',  ( -2.109999999999999876, 1.972211458395209505, 0.8249887709224612564 ) ) ;
#5479 = CARTESIAN_POINT ( 'NONE',  ( -2.263500000000000956, 1.884378199852105640, 0.8249887709224611454 ) ) ;
#5480 = AXIS2_PLACEMENT_3D ( 'NONE', #1465, #419, #1537 ) ;
#5481 =( NAMED_UNIT ( * ) PLANE_ANGLE_UNIT ( ) SI_UNIT ( $, .RADIAN. ) );
#5482 = ORIENTED_EDGE ( 'NONE', *, *, #6358, .F. ) ;
#5483 = CYLINDRICAL_SURFACE ( 'NONE', #1581, 0.04999999999999991257 ) ;
#5484 = FILL_AREA_STYLE_COLOUR ( '', #3784 ) ;
#5485 = VECTOR ( 'NONE', #1686, 1000.000000000000000 ) ;
#5486 = CARTESIAN_POINT ( 'NONE',  ( 2.109999999999999876, 2.428942239050485785, 0.3406648180831462480 ) ) ;
#5487 = CARTESIAN_POINT ( 'NONE',  ( -0.8400000000000001910, -2.428942239050485785, 1.024988770922461434 ) ) ;
#5488 = DIRECTION ( 'NONE',  ( -1.000000000000000000, -0.0000000000000000000, -0.0000000000000000000 ) ) ;
#5489 = FACE_OUTER_BOUND ( 'NONE', #205, .T. ) ;
#5490 = ORIENTED_EDGE ( 'NONE', *, *, #452, .F. ) ;
#5491 = ORIENTED_EDGE ( 'NONE', *, *, #1044, .F. ) ;
#5492 = FILL_AREA_STYLE ('',( #3435 ) ) ;
#5493 = CARTESIAN_POINT ( 'NONE',  ( 2.109999999999999876, -1.972211458395209949, 0.8249887709224613674 ) ) ;
#5494 = MECHANICAL_DESIGN_GEOMETRIC_PRESENTATION_REPRESENTATION (  '', ( #3564 ), #681 ) ;
#5495 = CARTESIAN_POINT ( 'NONE',  ( -2.291054715874310421, -1.805506555317191841, 1.475746627409227463 ) ) ;
#5496 = CARTESIAN_POINT ( 'NONE',  ( -1.699999999999999956, -2.428942239050485785, 0.3406648180831462480 ) ) ;
#5497 = DIRECTION ( 'NONE',  ( 0.0000000000000000000, 1.734723475976802677E-14, 1.000000000000000000 ) ) ;
#5498 =( LENGTH_UNIT ( ) NAMED_UNIT ( * ) SI_UNIT ( .MILLI., .METRE. ) );
#5499 = ORIENTED_EDGE ( 'NONE', *, *, #4756, .F. ) ;
#5500 = STYLED_ITEM ( 'NONE', ( #2488 ), #2029 ) ;
#5501 = CARTESIAN_POINT ( 'NONE',  ( 2.219263736772203455, -1.757263736772203044, 0.2000000000000002054 ) ) ;
#5502 = EDGE_CURVE ( 'NONE', #6006, #3834, #5178, .T. ) ;
#5503 = FILL_AREA_STYLE_COLOUR ( '', #2506 ) ;
#5504 = CARTESIAN_POINT ( 'NONE',  ( 2.109999999999999876, 2.269403886918007984, 0.7659358151225240663 ) ) ;
#5505 = DIRECTION ( 'NONE',  ( -0.9925461516413220942, 0.0000000000000000000, -0.1218693434051463520 ) ) ;
#5506 = CARTESIAN_POINT ( 'NONE',  ( 2.109999999999999876, -1.884379578609461259, 1.024988770922461212 ) ) ;
#5507 = ORIENTED_EDGE ( 'NONE', *, *, #4681, .T. ) ;
#5508 = PRODUCT_DEFINITION ( 'UNKNOWN', '', #5370, #3047 ) ;
#5509 = EDGE_CURVE ( 'NONE', #2446, #5435, #4117, .T. ) ;
#5510 = CARTESIAN_POINT ( 'NONE',  ( -1.699999999999999956, 1.972211458395209949, 0.7249887709224612786 ) ) ;
#5511 = PRESENTATION_LAYER_ASSIGNMENT (  '', '', ( #4856 ) ) ;
#5512 = DIRECTION ( 'NONE',  ( -1.000000000000000000, -0.0000000000000000000, -0.0000000000000000000 ) ) ;
#5513 = ORIENTED_EDGE ( 'NONE', *, *, #675, .T. ) ;
#5514 = SURFACE_SIDE_STYLE ('',( #3962 ) ) ;
#5515 = MECHANICAL_DESIGN_GEOMETRIC_PRESENTATION_REPRESENTATION (  '', ( #1693 ), #5190 ) ;
#5516 = LINE ( 'NONE', #4110, #650 ) ;
#5517 = VECTOR ( 'NONE', #3561, 1000.000000000000000 ) ;
#5518 = EDGE_CURVE ( 'NONE', #605, #304, #5653, .T. ) ;
#5519 = VERTEX_POINT ( 'NONE', #263 ) ;
#5520 =( NAMED_UNIT ( * ) SI_UNIT ( $, .STERADIAN. ) SOLID_ANGLE_UNIT ( ) );
#5521 = CARTESIAN_POINT ( 'NONE',  ( 2.109999999999999876, 2.421966591676075975, 0.2409084130571637061 ) ) ;
#5522 = VECTOR ( 'NONE', #1854, 1000.000000000000000 ) ;
#5523 = AXIS2_PLACEMENT_3D ( 'NONE', #2098, #4520, #4588 ) ;
#5524 =( LENGTH_UNIT ( ) NAMED_UNIT ( * ) SI_UNIT ( .MILLI., .METRE. ) );
#5525 = LINE ( 'NONE', #3057, #5527 ) ;
#5526 = LINE ( 'NONE', #3362, #6258 ) ;
#5527 = VECTOR ( 'NONE', #2932, 1000.000000000000000 ) ;
#5528 = VERTEX_POINT ( 'NONE', #1862 ) ;
#5529 = STYLED_ITEM ( 'NONE', ( #758 ), #3399 ) ;
#5530 = FILL_AREA_STYLE_COLOUR ( '', #3023 ) ;
#5531 = SURFACE_SIDE_STYLE ('',( #6455 ) ) ;
#5532 = PRESENTATION_LAYER_ASSIGNMENT (  '', '', ( #4571 ) ) ;
#5533 =( NAMED_UNIT ( * ) SI_UNIT ( $, .STERADIAN. ) SOLID_ANGLE_UNIT ( ) );
#5534 = FILL_AREA_STYLE_COLOUR ( '', #702 ) ;
#5535 = DIRECTION ( 'NONE',  ( 0.0000000000000000000, 0.0000000000000000000, 1.000000000000000000 ) ) ;
#5536 = DIRECTION ( 'NONE',  ( -1.000000000000000000, -0.0000000000000000000, -0.0000000000000000000 ) ) ;
#5537 = ORIENTED_EDGE ( 'NONE', *, *, #1044, .T. ) ;
#5538 = PRESENTATION_LAYER_ASSIGNMENT (  '', '', ( #4575 ) ) ;
#5539 = CYLINDRICAL_SURFACE ( 'NONE', #4651, 0.05000000000000005829 ) ;
#5540 = CARTESIAN_POINT ( 'NONE',  ( 0.8400000000000001910, -2.329878096209553551, 0.3270158033497923000 ) ) ;
#5541 =( GEOMETRIC_REPRESENTATION_CONTEXT ( 3 ) GLOBAL_UNCERTAINTY_ASSIGNED_CONTEXT ( ( #3599 ) ) GLOBAL_UNIT_ASSIGNED_CONTEXT ( ( #2414, #6502, #2985 ) ) REPRESENTATION_CONTEXT ( 'NONE', 'WORKASPACE' ) );
#5542 = CARTESIAN_POINT ( 'NONE',  ( -0.8400000000000001910, 2.421966591676075975, 0.2409084130571637061 ) ) ;
#5543 = EDGE_CURVE ( 'NONE', #2829, #64, #6376, .T. ) ;
#5544 = CARTESIAN_POINT ( 'NONE',  ( -0.4300000000000000488, -2.131749810527688638, 0.2997177738830844040 ) ) ;
#5545 = VERTEX_POINT ( 'NONE', #1825 ) ;
#5546 = CARTESIAN_POINT ( 'NONE',  ( 1.700000000000000178, -2.329878096209553551, 0.3270158033497923555 ) ) ;
#5547 = CARTESIAN_POINT ( 'NONE',  ( 2.109999999999999876, -3.013951294748823617, 0.1995128100519649172 ) ) ;
#5548 = FACE_OUTER_BOUND ( 'NONE', #6087, .T. ) ;
#5549 = EDGE_CURVE ( 'NONE', #6529, #1514, #3318, .T. ) ;
#5550 = EDGE_CURVE ( 'NONE', #5205, #1877, #2473, .T. ) ;
#5551 = VERTEX_POINT ( 'NONE', #5921 ) ;
#5552 = LINE ( 'NONE', #3452, #3381 ) ;
#5553 = SURFACE_SIDE_STYLE ('',( #899 ) ) ;
#5554 = CARTESIAN_POINT ( 'NONE',  ( 2.346378889230783304, -1.834565235439751030, 0.8249943854612263872 ) ) ;
#5555 = ADVANCED_FACE ( 'NONE', ( #1344 ), #2760, .T. ) ;
#5556 = ORIENTED_EDGE ( 'NONE', *, *, #6164, .F. ) ;
#5557 = PRESENTATION_STYLE_ASSIGNMENT (( #336 ) ) ;
#5558 = EDGE_CURVE ( 'NONE', #2775, #2558, #2251, .T. ) ;
#5559 = UNCERTAINTY_MEASURE_WITH_UNIT (LENGTH_MEASURE( 1.000000000000000082E-05 ), #877, 'distance_accuracy_value', 'NONE');
#5560 = ORIENTED_EDGE ( 'NONE', *, *, #4955, .T. ) ;
#5561 = DIRECTION ( 'NONE',  ( 0.0000000000000000000, 0.0000000000000000000, 1.000000000000000000 ) ) ;
#5562 = DIRECTION ( 'NONE',  ( 0.0000000000000000000, -0.0000000000000000000, 1.000000000000000000 ) ) ;
#5563 = ORIENTED_EDGE ( 'NONE', *, *, #2163, .F. ) ;
#5564 = ORIENTED_EDGE ( 'NONE', *, *, #4196, .F. ) ;
#5565 = PRESENTATION_STYLE_ASSIGNMENT (( #1012 ) ) ;
#5566 = SURFACE_STYLE_USAGE ( .BOTH. , #5531 ) ;
#5567 = EDGE_CURVE ( 'NONE', #6536, #2212, #226, .T. ) ;
#5568 = SURFACE_STYLE_FILL_AREA ( #1045 ) ;
#5569 = CARTESIAN_POINT ( 'NONE',  ( -2.109999999999999876, -2.408015296927251470, 0.04139560300519886521 ) ) ;
#5570 = CARTESIAN_POINT ( 'NONE',  ( -1.699999999999999956, -3.013951294748823617, 0.1995128100519649450 ) ) ;
#5571 = SURFACE_STYLE_USAGE ( .BOTH. , #5188 ) ;
#5572 = DIRECTION ( 'NONE',  ( -1.000000000000000000, -0.0000000000000000000, -0.0000000000000000000 ) ) ;
#5573 = SURFACE_STYLE_USAGE ( .BOTH. , #2072 ) ;
#5574 = FILL_AREA_STYLE ('',( #1510 ) ) ;
#5575 = PRESENTATION_LAYER_ASSIGNMENT (  '', '', ( #5348 ) ) ;
#5576 = DIRECTION ( 'NONE',  ( 0.0000000000000000000, -1.000000000000000000, -1.234386826208250825E-15 ) ) ;
#5577 = ORIENTED_EDGE ( 'NONE', *, *, #2729, .T. ) ;
#5578 = AXIS2_PLACEMENT_3D ( 'NONE', #6326, #6230, #3265 ) ;
#5579 = VERTEX_POINT ( 'NONE', #1236 ) ;
#5580 = VECTOR ( 'NONE', #2549, 1000.000000000000000 ) ;
#5581 = PRESENTATION_LAYER_ASSIGNMENT (  '', '', ( #2484 ) ) ;
#5582 = CARTESIAN_POINT ( 'NONE',  ( 1.700000000000000178, -1.972211458395209949, 0.8249887709224613674 ) ) ;
#5583 =( LENGTH_UNIT ( ) NAMED_UNIT ( * ) SI_UNIT ( .MILLI., .METRE. ) );
#5584 = AXIS2_PLACEMENT_3D ( 'NONE', #1542, #4591, #3552 ) ;
#5585 = ORIENTED_EDGE ( 'NONE', *, *, #3444, .F. ) ;
#5586 = FILL_AREA_STYLE_COLOUR ( '', #237 ) ;
#5587 = LINE ( 'NONE', #2574, #5295 ) ;
#5588 = CIRCLE ( 'NONE', #5797, 0.09999999999999988065 ) ;
#5589 = CARTESIAN_POINT ( 'NONE',  ( 2.268891044354268693, -1.348042813803152606, 1.656093467170257849 ) ) ;
#5590 = ADVANCED_FACE ( 'NONE', ( #3829 ), #1270, .F. ) ;
#5591 = EDGE_CURVE ( 'NONE', #3579, #3786, #1921, .T. ) ;
#5592 = PRESENTATION_LAYER_ASSIGNMENT (  '', '', ( #1878 ) ) ;
#5593 = VERTEX_POINT ( 'NONE', #397 ) ;
#5594 =( NAMED_UNIT ( * ) SI_UNIT ( $, .STERADIAN. ) SOLID_ANGLE_UNIT ( ) );
#5595 = ORIENTED_EDGE ( 'NONE', *, *, #6352, .F. ) ;
#5596 = ORIENTED_EDGE ( 'NONE', *, *, #5788, .T. ) ;
#5597 = PLANE ( 'NONE',  #152 ) ;
#5598 = EDGE_CURVE ( 'NONE', #4195, #5519, #4998, .T. ) ;
#5599 = CARTESIAN_POINT ( 'NONE',  ( -1.699999999999999956, -2.329878096209553551, 0.3270158033497920780 ) ) ;
#5600 =( NAMED_UNIT ( * ) SI_UNIT ( $, .STERADIAN. ) SOLID_ANGLE_UNIT ( ) );
#5601 = CIRCLE ( 'NONE', #363, 0.2000000000000003164 ) ;
#5602 = PRESENTATION_STYLE_ASSIGNMENT (( #448 ) ) ;
#5603 = LINE ( 'NONE', #575, #4404 ) ;
#5604 = DIRECTION ( 'NONE',  ( 0.0000000000000000000, -1.000000000000000000, 0.0000000000000000000 ) ) ;
#5605 = AXIS2_PLACEMENT_3D ( 'NONE', #5521, #6058, #4512 ) ;
#5606 = LINE ( 'NONE', #5059, #3429 ) ;
#5607 = DIRECTION ( 'NONE',  ( -1.000000000000000000, -0.0000000000000000000, -0.0000000000000000000 ) ) ;
#5608 = CARTESIAN_POINT ( 'NONE',  ( -1.606095522657784658, -0.9190406258255605643, 1.650000000000000133 ) ) ;
#5609 = ORIENTED_EDGE ( 'NONE', *, *, #751, .T. ) ;
#5610 =( NAMED_UNIT ( * ) PLANE_ANGLE_UNIT ( ) SI_UNIT ( $, .RADIAN. ) );
#5611 = PRESENTATION_LAYER_ASSIGNMENT (  '', '', ( #4542 ) ) ;
#5612 = ORIENTED_EDGE ( 'NONE', *, *, #3943, .T. ) ;
#5613 = VECTOR ( 'NONE', #762, 1000.000000000000227 ) ;
#5614 =( LENGTH_UNIT ( ) NAMED_UNIT ( * ) SI_UNIT ( .MILLI., .METRE. ) );
#5615 = CARTESIAN_POINT ( 'NONE',  ( -1.699999999999999956, -1.884378199852105862, 0.8249887709224611454 ) ) ;
#5616 = ORIENTED_EDGE ( 'NONE', *, *, #5064, .T. ) ;
#5617 = DIRECTION ( 'NONE',  ( 0.0000000000000000000, 0.0000000000000000000, 1.000000000000000000 ) ) ;
#5618 = DIRECTION ( 'NONE',  ( 0.0000000000000000000, -1.234386826208250825E-15, 1.000000000000000000 ) ) ;
#5619 = FACE_OUTER_BOUND ( 'NONE', #3816, .T. ) ;
#5620 = MECHANICAL_DESIGN_GEOMETRIC_PRESENTATION_REPRESENTATION (  '', ( #4125 ), #1131 ) ;
#5621 = DIRECTION ( 'NONE',  ( 0.0000000000000000000, 0.9975640502598247528, -0.06975647374411841906 ) ) ;
#5622 = CARTESIAN_POINT ( 'NONE',  ( -2.268942131948886054, 1.762546603693349478, 1.653647257662286041 ) ) ;
#5623 = VECTOR ( 'NONE', #947, 1000.000000000000114 ) ;
#5624 = UNCERTAINTY_MEASURE_WITH_UNIT (LENGTH_MEASURE( 1.000000000000000082E-05 ), #3550, 'distance_accuracy_value', 'NONE');
#5625 = EDGE_LOOP ( 'NONE', ( #4898, #425, #3256, #323 ) ) ;
#5626 = CARTESIAN_POINT ( 'NONE',  ( 0.8400000000000001910, 3.013951294748823617, 0.1995128100519649172 ) ) ;
#5627 = ORIENTED_EDGE ( 'NONE', *, *, #6305, .T. ) ;
#5628 = EDGE_LOOP ( 'NONE', ( #2417, #568, #6184, #3518 ) ) ;
#5629 = CIRCLE ( 'NONE', #925, 0.1000000000000002554 ) ;
#5630 =( GEOMETRIC_REPRESENTATION_CONTEXT ( 3 ) GLOBAL_UNCERTAINTY_ASSIGNED_CONTEXT ( ( #1822 ) ) GLOBAL_UNIT_ASSIGNED_CONTEXT ( ( #6152, #603, #6545 ) ) REPRESENTATION_CONTEXT ( 'NONE', 'WORKASPACE' ) );
#5631 = AXIS2_PLACEMENT_3D ( 'NONE', #374, #273, #2325 ) ;
#5632 = DIRECTION ( 'NONE',  ( 0.0000000000000000000, -0.06975647374411883539, 0.9975640502598246417 ) ) ;
#5633 = VECTOR ( 'NONE', #3972, 1000.000000000000000 ) ;
#5634 = CARTESIAN_POINT ( 'NONE',  ( 2.346379578609460559, -1.834379578609461214, 1.025000000000000133 ) ) ;
#5635 = PLANE ( 'NONE',  #1202 ) ;
#5636 = ORIENTED_EDGE ( 'NONE', *, *, #157, .F. ) ;
#5637 = AXIS2_PLACEMENT_3D ( 'NONE', #3386, #5376, #789 ) ;
#5638 = DIRECTION ( 'NONE',  ( 0.0000000000000000000, -0.0000000000000000000, -1.000000000000000000 ) ) ;
#5639 = CARTESIAN_POINT ( 'NONE',  ( 0.4300000000000000488, -2.071275601236143071, 0.7386377856558151711 ) ) ;
#5640 = CARTESIAN_POINT ( 'NONE',  ( 0.8400000000000001910, -2.428942239050485785, 0.3406648180831462480 ) ) ;
#5641 = ORIENTED_EDGE ( 'NONE', *, *, #3273, .F. ) ;
#5642 = LINE ( 'NONE', #1058, #698 ) ;
#5643 = ORIENTED_EDGE ( 'NONE', *, *, #1609, .F. ) ;
#5644 = STYLED_ITEM ( 'NONE', ( #2220 ), #4772 ) ;
#5645 =( NAMED_UNIT ( * ) PLANE_ANGLE_UNIT ( ) SI_UNIT ( $, .RADIAN. ) );
#5646 =( NAMED_UNIT ( * ) SI_UNIT ( $, .STERADIAN. ) SOLID_ANGLE_UNIT ( ) );
#5647 = DIRECTION ( 'NONE',  ( -1.000000000000000000, 0.0000000000000000000, 0.0000000000000000000 ) ) ;
#5648 = ORIENTED_EDGE ( 'NONE', *, *, #116, .T. ) ;
#5649 = DIRECTION ( 'NONE',  ( 3.212450881438532241E-16, 1.000000000000000000, 0.0000000000000000000 ) ) ;
#5650 = FILL_AREA_STYLE ('',( #1594 ) ) ;
#5651 = CARTESIAN_POINT ( 'NONE',  ( -2.346379578609460559, -1.884379578609461259, 1.024988770922461212 ) ) ;
#5652 = ORIENTED_EDGE ( 'NONE', *, *, #360, .T. ) ;
#5653 = LINE ( 'NONE', #1070, #1849 ) ;
#5654 = DIRECTION ( 'NONE',  ( 0.0000000000000000000, 0.1364901473335441706, 0.9906414284093247868 ) ) ;
#5655 = DIRECTION ( 'NONE',  ( -0.0000000000000000000, -1.000000000000000000, -0.0000000000000000000 ) ) ;
#5656 = ORIENTED_EDGE ( 'NONE', *, *, #2293, .F. ) ;
#5657 = ORIENTED_EDGE ( 'NONE', *, *, #4495, .F. ) ;
#5658 = EDGE_CURVE ( 'NONE', #4284, #1413, #2776, .T. ) ;
#5659 = ADVANCED_FACE ( 'NONE', ( #5872 ), #6390, .F. ) ;
#5660 = DIRECTION ( 'NONE',  ( 1.000000000000000000, 0.0000000000000000000, 0.0000000000000000000 ) ) ;
#5661 = FACE_OUTER_BOUND ( 'NONE', #6124, .T. ) ;
#5662 = FILL_AREA_STYLE_COLOUR ( '', #1695 ) ;
#5663 = VECTOR ( 'NONE', #5813, 1000.000000000000000 ) ;
#5664 = VERTEX_POINT ( 'NONE', #4821 ) ;
#5665 = DIRECTION ( 'NONE',  ( 1.000000000000000000, 0.0000000000000000000, 0.0000000000000000000 ) ) ;
#5666 = EDGE_CURVE ( 'NONE', #1952, #576, #3171, .T. ) ;
#5667 = ADVANCED_FACE ( 'NONE', ( #4918 ), #96, .T. ) ;
#5668 = ADVANCED_FACE ( 'NONE', ( #3948 ), #5425, .F. ) ;
#5669 = CARTESIAN_POINT ( 'NONE',  ( 2.219263736772203455, -1.783982507821995300, 0.1499999999999994116 ) ) ;
#5670 =( NAMED_UNIT ( * ) PLANE_ANGLE_UNIT ( ) SI_UNIT ( $, .RADIAN. ) );
#5671 = FILL_AREA_STYLE ('',( #4598 ) ) ;
#5672 = DIRECTION ( 'NONE',  ( 0.0000000000000000000, 0.9906414284093247868, -0.1364901473335445592 ) ) ;
#5673 = ORIENTED_EDGE ( 'NONE', *, *, #1224, .F. ) ;
#5674 =( GEOMETRIC_REPRESENTATION_CONTEXT ( 3 ) GLOBAL_UNCERTAINTY_ASSIGNED_CONTEXT ( ( #4143 ) ) GLOBAL_UNIT_ASSIGNED_CONTEXT ( ( #5583, #30, #2117 ) ) REPRESENTATION_CONTEXT ( 'NONE', 'WORKASPACE' ) );
#5675 = EDGE_CURVE ( 'NONE', #6342, #4195, #3199, .T. ) ;
#5676 = AXIS2_PLACEMENT_3D ( 'NONE', #2357, #4845, #4911 ) ;
#5677 = CARTESIAN_POINT ( 'NONE',  ( 2.241764626010010364, -1.829391933592075858, 1.472838430280073441 ) ) ;
#5678 = CLOSED_SHELL ( 'NONE', ( #4921, #4840, #1968, #3988, #4351, #2095, #1855, #4585, #6315, #3546, #3309, #6082, #2994, #1894, #3735, #6367, #5876, #623, #3892, #2244, #317, #6235, #5449, #1610, #5794, #1999, #6594, #2528, #6487, #3314, #2203, #3977, #43, #924, #3537, #2233, #2909, #6155, #4602, #4971, #4632, #4525, #2339, #5126, #3523, #5450, #2879, #3718, #1060, #2721, #3703, #4043, #2639, #5294, #753, #3534, #3785, #2753, #2401, #633, #4437, #1355, #5455, #1839, #1525, #1845, #1210, #2685, #5963, #2029, #2407, #3967, #6002, #4680, #1578, #1092, #5843, #5833, #2518, #4685, #555, #2954, #428, #3996, #6438, #1902, #5996, #408, #743, #479, #5739, #2246, #803, #4318, #3355, #1167, #2456, #3365, #2009, #6159, #5754, #4115, #6392, #5006, #6285, #2093, #5659, #6323, #2170, #5682, #5426, #5667, #723, #794, #231, #4882, #4065, #5951, #38, #4633, #6040, #599, #1263, #3441, #3503, #4565, #5164, #3915, #3187, #2683, #766, #1307, #3399, #2179, #4034, #4605, #6187, #1181, #1568, #2084, #3524, #5668, #5091, #1174, #1340, #1494, #837, #4529, #2047, #5442, #5590, #4772, #1485, #1601, #4804, #3140, #1143, #6542, #4802, #478, #5555 ) ) ;
#5679 = ORIENTED_EDGE ( 'NONE', *, *, #1700, .F. ) ;
#5680 = DIRECTION ( 'NONE',  ( 1.000000000000000000, 0.0000000000000000000, 0.0000000000000000000 ) ) ;
#5681 = PLANE ( 'NONE',  #5970 ) ;
#5682 = ADVANCED_FACE ( 'NONE', ( #3839, #5898 ), #3432, .F. ) ;
#5683 = CARTESIAN_POINT ( 'NONE',  ( -2.265916554534189054, 1.774475332177466003, 1.682208808131908429 ) ) ;
#5684 = ORIENTED_EDGE ( 'NONE', *, *, #6476, .F. ) ;
#5685 = DIRECTION ( 'NONE',  ( -0.0000000000000000000, 0.0000000000000000000, -1.000000000000000000 ) ) ;
#5686 = MECHANICAL_DESIGN_GEOMETRIC_PRESENTATION_REPRESENTATION (  '', ( #2279 ), #3655 ) ;
#5687 = CARTESIAN_POINT ( 'NONE',  ( -0.8400000000000001910, -2.329878096209553551, 0.3270158033497923555 ) ) ;
#5688 = SURFACE_STYLE_USAGE ( .BOTH. , #4553 ) ;
#5689 = ORIENTED_EDGE ( 'NONE', *, *, #2794, .T. ) ;
#5690 = AXIS2_PLACEMENT_3D ( 'NONE', #1445, #4498, #1977 ) ;
#5691 = ORIENTED_EDGE ( 'NONE', *, *, #5666, .T. ) ;
#5692 = CIRCLE ( 'NONE', #881, 0.04999999999999996808 ) ;
#5693 = VECTOR ( 'NONE', #3926, 1000.000000000000000 ) ;
#5694 =( GEOMETRIC_REPRESENTATION_CONTEXT ( 3 ) GLOBAL_UNCERTAINTY_ASSIGNED_CONTEXT ( ( #3239 ) ) GLOBAL_UNIT_ASSIGNED_CONTEXT ( ( #280, #1539, #3062 ) ) REPRESENTATION_CONTEXT ( 'NONE', 'WORKASPACE' ) );
#5695 = FACE_OUTER_BOUND ( 'NONE', #5625, .T. ) ;
#5696 = DIRECTION ( 'NONE',  ( 0.0000000000000000000, 0.0000000000000000000, -1.000000000000000000 ) ) ;
#5697 = DIRECTION ( 'NONE',  ( 0.0000000000000000000, 0.9975640502598247528, -0.06975647374411841906 ) ) ;
#5698 = ORIENTED_EDGE ( 'NONE', *, *, #4760, .F. ) ;
#5699 = VECTOR ( 'NONE', #5130, 1000.000000000000114 ) ;
#5700 = CARTESIAN_POINT ( 'NONE',  ( 2.245982507821992602, -1.783982507821995300, 0.1499999999999994116 ) ) ;
#5701 = LINE ( 'NONE', #4596, #1192 ) ;
#5702 = LINE ( 'NONE', #2499, #4280 ) ;
#5703 =( LENGTH_UNIT ( ) NAMED_UNIT ( * ) SI_UNIT ( .MILLI., .METRE. ) );
#5704 = FACE_OUTER_BOUND ( 'NONE', #2749, .T. ) ;
#5705 = EDGE_CURVE ( 'NONE', #1588, #5249, #871, .T. ) ;
#5706 = ORIENTED_EDGE ( 'NONE', *, *, #228, .T. ) ;
#5707 = EDGE_CURVE ( 'NONE', #5710, #4181, #310, .T. ) ;
#5708 = VECTOR ( 'NONE', #5122, 1000.000000000000227 ) ;
#5709 = CARTESIAN_POINT ( 'NONE',  ( -2.109999999999999876, 2.131749810527688638, 0.2997177738830844596 ) ) ;
#5710 = VERTEX_POINT ( 'NONE', #1904 ) ;
#5711 = DIRECTION ( 'NONE',  ( 1.000000000000000000, 0.0000000000000000000, 0.0000000000000000000 ) ) ;
#5712 = DIRECTION ( 'NONE',  ( 0.0000000000000000000, 0.9975640502598247528, 0.06975647374411841906 ) ) ;
#5713 = SURFACE_SIDE_STYLE ('',( #3669 ) ) ;
#5714 = LINE ( 'NONE', #5589, #796 ) ;
#5715 = VECTOR ( 'NONE', #2057, 1000.000000000000000 ) ;
#5716 = CARTESIAN_POINT ( 'NONE',  ( -2.268942131948886054, 1.760289314186900045, 1.655661894794970834 ) ) ;
#5717 = ORIENTED_EDGE ( 'NONE', *, *, #5883, .F. ) ;
#5718 =( NAMED_UNIT ( * ) SI_UNIT ( $, .STERADIAN. ) SOLID_ANGLE_UNIT ( ) );
#5719 = EDGE_CURVE ( 'NONE', #1852, #1742, #5384, .T. ) ;
#5720 = DIRECTION ( 'NONE',  ( -1.000000000000000000, -0.0000000000000000000, -0.0000000000000000000 ) ) ;
#5721 = CARTESIAN_POINT ( 'NONE',  ( -2.346378199852106050, 1.834750892270039069, 0.8249887709224564825 ) ) ;
#5722 = ORIENTED_EDGE ( 'NONE', *, *, #1856, .F. ) ;
#5723 = EDGE_LOOP ( 'NONE', ( #6024, #864, #769, #4021 ) ) ;
#5724 = FACE_OUTER_BOUND ( 'NONE', #97, .T. ) ;
#5725 = VECTOR ( 'NONE', #6478, 1000.000000000000000 ) ;
#5726 = COLOUR_RGB ( '',0.8784313725490195957, 0.8784313725490195957, 0.8784313725490195957 ) ;
#5727 = SURFACE_STYLE_USAGE ( .BOTH. , #3683 ) ;
#5728 = CARTESIAN_POINT ( 'NONE',  ( -1.699999999999999956, -2.329878096209553551, 0.3270158033497923555 ) ) ;
#5729 = FILL_AREA_STYLE ('',( #5222 ) ) ;
#5730 = PRESENTATION_LAYER_ASSIGNMENT (  '', '', ( #5087 ) ) ;
#5731 = ORIENTED_EDGE ( 'NONE', *, *, #1930, .F. ) ;
#5732 = CARTESIAN_POINT ( 'NONE',  ( 0.8400000000000001910, -3.013951294748823617, 0.1995128100519649450 ) ) ;
#5733 = VECTOR ( 'NONE', #6466, 1000.000000000000114 ) ;
#5734 = COLOUR_RGB ( '',0.1725490196078431349, 0.1725490196078431349, 0.1725490196078431349 ) ;
#5735 = DIRECTION ( 'NONE',  ( -1.000000000000000000, 0.0000000000000000000, 0.0000000000000000000 ) ) ;
#5736 = LINE ( 'NONE', #6291, #3850 ) ;
#5737 = ORIENTED_EDGE ( 'NONE', *, *, #4869, .T. ) ;
#5738 =( NAMED_UNIT ( * ) SI_UNIT ( $, .STERADIAN. ) SOLID_ANGLE_UNIT ( ) );
#5739 = ADVANCED_FACE ( 'NONE', ( #5489 ), #2933, .T. ) ;
#5740 = LINE ( 'NONE', #5773, #4317 ) ;
#5741 =( GEOMETRIC_REPRESENTATION_CONTEXT ( 3 ) GLOBAL_UNCERTAINTY_ASSIGNED_CONTEXT ( ( #2283 ) ) GLOBAL_UNIT_ASSIGNED_CONTEXT ( ( #3283, #2958, #1493 ) ) REPRESENTATION_CONTEXT ( 'NONE', 'WORKASPACE' ) );
#5742 = LINE ( 'NONE', #3175, #3657 ) ;
#5743 = CARTESIAN_POINT ( 'NONE',  ( 0.8400000000000001910, -2.071275601236143071, 0.7386377856558151711 ) ) ;
#5744 = ORIENTED_EDGE ( 'NONE', *, *, #3032, .T. ) ;
#5745 = PRESENTATION_STYLE_ASSIGNMENT (( #1563 ) ) ;
#5746 = FILL_AREA_STYLE_COLOUR ( '', #2322 ) ;
#5747 = SURFACE_SIDE_STYLE ('',( #5277 ) ) ;
#5748 =( GEOMETRIC_REPRESENTATION_CONTEXT ( 3 ) GLOBAL_UNCERTAINTY_ASSIGNED_CONTEXT ( ( #4796 ) ) GLOBAL_UNIT_ASSIGNED_CONTEXT ( ( #2316, #1824, #5342 ) ) REPRESENTATION_CONTEXT ( 'NONE', 'WORKASPACE' ) );
#5749 = CARTESIAN_POINT ( 'NONE',  ( -2.265916554534189498, 1.789265374743141512, 1.653647257662285375 ) ) ;
#5750 = EDGE_CURVE ( 'NONE', #3105, #5318, #2754, .T. ) ;
#5751 = EDGE_CURVE ( 'NONE', #4925, #5936, #3724, .T. ) ;
#5752 = UNCERTAINTY_MEASURE_WITH_UNIT (LENGTH_MEASURE( 1.000000000000000082E-05 ), #3584, 'distance_accuracy_value', 'NONE');
#5753 = VERTEX_POINT ( 'NONE', #2304 ) ;
#5754 = ADVANCED_FACE ( 'NONE', ( #4328 ), #6329, .F. ) ;
#5755 = MECHANICAL_DESIGN_GEOMETRIC_PRESENTATION_REPRESENTATION (  '', ( #306 ), #5541 ) ;
#5756 = DIRECTION ( 'NONE',  ( 0.0000000000000000000, 0.1364901473335441706, 0.9906414284093247868 ) ) ;
#5757 = FACE_OUTER_BOUND ( 'NONE', #1040, .T. ) ;
#5758 = CARTESIAN_POINT ( 'NONE',  ( -2.219263736772203011, 1.806891044354268949, 0.1939065328297426560 ) ) ;
#5759 = ORIENTED_EDGE ( 'NONE', *, *, #5127, .F. ) ;
#5760 = ORIENTED_EDGE ( 'NONE', *, *, #238, .F. ) ;
#5761 = SURFACE_SIDE_STYLE ('',( #1075 ) ) ;
#5762 = SURFACE_STYLE_USAGE ( .BOTH. , #3197 ) ;
#5763 = EDGE_LOOP ( 'NONE', ( #376, #341, #5344 ) ) ;
#5764 = ORIENTED_EDGE ( 'NONE', *, *, #884, .T. ) ;
#5765 = DIRECTION ( 'NONE',  ( 0.0000000000000000000, 0.0000000000000000000, 1.000000000000000000 ) ) ;
#5766 = CARTESIAN_POINT ( 'NONE',  ( -2.109999999999999876, 2.071275601236143071, 0.7386377856558155042 ) ) ;
#5767 = CARTESIAN_POINT ( 'NONE',  ( -2.268891044354268693, 0.0000000000000000000, 1.656093467170257849 ) ) ;
#5768 = DIRECTION ( 'NONE',  ( 0.0000000000000000000, 1.734723475976802677E-14, 1.000000000000000000 ) ) ;
#5769 = PRESENTATION_STYLE_ASSIGNMENT (( #1331 ) ) ;
#5770 = SURFACE_STYLE_FILL_AREA ( #1332 ) ;
#5771 = ORIENTED_EDGE ( 'NONE', *, *, #4154, .F. ) ;
#5772 = SURFACE_SIDE_STYLE ('',( #4690 ) ) ;
#5773 = CARTESIAN_POINT ( 'NONE',  ( 0.8400000000000001910, -2.269403886918007540, 0.7659358151225239553 ) ) ;
#5774 = CARTESIAN_POINT ( 'NONE',  ( -0.4300000000000000488, 2.131749810527688638, 0.2997177738830844596 ) ) ;
#5775 = LINE ( 'NONE', #1231, #3636 ) ;
#5776 = ORIENTED_EDGE ( 'NONE', *, *, #1177, .T. ) ;
#5777 = CARTESIAN_POINT ( 'NONE',  ( -2.109999999999999876, -1.884379578609461259, 1.024988770922461434 ) ) ;
#5778 = CARTESIAN_POINT ( 'NONE',  ( -2.268942131948885610, -1.348810194632011683, 1.655661894794971278 ) ) ;
#5779 = DIRECTION ( 'NONE',  ( 0.0000000000000000000, 0.0000000000000000000, 1.000000000000000000 ) ) ;
#5780 = DIRECTION ( 'NONE',  ( -0.1209742911513548291, -0.1209742911513548291, -0.9852565360152931717 ) ) ;
#5781 = AXIS2_PLACEMENT_3D ( 'NONE', #6384, #2866, #907 ) ;
#5782 = EDGE_LOOP ( 'NONE', ( #2748, #3288, #2016, #4544 ) ) ;
#5783 = PRESENTATION_STYLE_ASSIGNMENT (( #3184 ) ) ;
#5784 = CARTESIAN_POINT ( 'NONE',  ( 2.219263736772202567, 1.757263736772203044, 0.2000000000000001499 ) ) ;
#5785 = CARTESIAN_POINT ( 'NONE',  ( 0.8400000000000001910, 2.428942239050485785, 0.3406648180831462480 ) ) ;
#5786 = ORIENTED_EDGE ( 'NONE', *, *, #5883, .T. ) ;
#5787 =( GEOMETRIC_REPRESENTATION_CONTEXT ( 3 ) GLOBAL_UNCERTAINTY_ASSIGNED_CONTEXT ( ( #5070 ) ) GLOBAL_UNIT_ASSIGNED_CONTEXT ( ( #2751, #3299, #284 ) ) REPRESENTATION_CONTEXT ( 'NONE', 'WORKASPACE' ) );
#5788 = EDGE_CURVE ( 'NONE', #5102, #243, #6105, .T. ) ;
#5789 = STYLED_ITEM ( 'NONE', ( #3161 ), #766 ) ;
#5790 = CARTESIAN_POINT ( 'NONE',  ( 2.109999999999999876, -3.000000000000000000, 0.0000000000000000000 ) ) ;
#5791 = VECTOR ( 'NONE', #3209, 1000.000000000000000 ) ;
#5792 = PRESENTATION_LAYER_ASSIGNMENT (  '', '', ( #3426 ) ) ;
#5793 = ORIENTED_EDGE ( 'NONE', *, *, #885, .T. ) ;
#5794 = ADVANCED_FACE ( 'NONE', ( #3822 ), #1785, .F. ) ;
#5795 = ORIENTED_EDGE ( 'NONE', *, *, #531, .F. ) ;
#5796 = COLOUR_RGB ( '',0.8784313725490195957, 0.8784313725490195957, 0.8784313725490195957 ) ;
#5797 = AXIS2_PLACEMENT_3D ( 'NONE', #3799, #1265, #292 ) ;
#5798 = CARTESIAN_POINT ( 'NONE',  ( -0.4300000000000000488, 2.428942239050485785, 0.3406648180831462480 ) ) ;
#5799 = FILL_AREA_STYLE_COLOUR ( '', #6007 ) ;
#5800 = COLOUR_RGB ( '',0.8784313725490195957, 0.8784313725490195957, 0.8784313725490195957 ) ;
#5801 = AXIS2_PLACEMENT_3D ( 'NONE', #4387, #2395, #1394 ) ;
#5802 = DIRECTION ( 'NONE',  ( 0.0000000000000000000, 0.0000000000000000000, 1.000000000000000000 ) ) ;
#5803 = CARTESIAN_POINT ( 'NONE',  ( -0.4300000000000000488, -2.071275601236143071, 0.7386377856558151711 ) ) ;
#5804 = EDGE_CURVE ( 'NONE', #6586, #516, #6261, .T. ) ;
#5805 = SURFACE_SIDE_STYLE ('',( #3337 ) ) ;
#5806 = CARTESIAN_POINT ( 'NONE',  ( 2.219263736772202567, -1.348042813803152828, 1.650000000000000355 ) ) ;
#5807 =( GEOMETRIC_REPRESENTATION_CONTEXT ( 3 ) GLOBAL_UNCERTAINTY_ASSIGNED_CONTEXT ( ( #3250 ) ) GLOBAL_UNIT_ASSIGNED_CONTEXT ( ( #2271, #3798, #5303 ) ) REPRESENTATION_CONTEXT ( 'NONE', 'WORKASPACE' ) );
#5808 = SURFACE_SIDE_STYLE ('',( #3765 ) ) ;
#5809 =( NAMED_UNIT ( * ) SI_UNIT ( $, .STERADIAN. ) SOLID_ANGLE_UNIT ( ) );
#5810 = UNCERTAINTY_MEASURE_WITH_UNIT (LENGTH_MEASURE( 1.000000000000000082E-05 ), #4192, 'distance_accuracy_value', 'NONE');
#5811 = EDGE_LOOP ( 'NONE', ( #2363, #5744, #4433, #3393 ) ) ;
#5812 = FILL_AREA_STYLE_COLOUR ( '', #4715 ) ;
#5813 = DIRECTION ( 'NONE',  ( 1.000000000000000000, 4.718795906488491143E-17, -5.793952833686142439E-18 ) ) ;
#5814 = CARTESIAN_POINT ( 'NONE',  ( -2.219263736772203011, -1.757263736772203044, 0.1499999999999999112 ) ) ;
#5815 = DIRECTION ( 'NONE',  ( -1.000000000000000000, -0.0000000000000000000, -0.0000000000000000000 ) ) ;
#5816 = VECTOR ( 'NONE', #2696, 1000.000000000000000 ) ;
#5817 =( NAMED_UNIT ( * ) PLANE_ANGLE_UNIT ( ) SI_UNIT ( $, .RADIAN. ) );
#5818 =( NAMED_UNIT ( * ) PLANE_ANGLE_UNIT ( ) SI_UNIT ( $, .RADIAN. ) );
#5819 = CIRCLE ( 'NONE', #3123, 0.09999999999999988065 ) ;
#5820 = UNCERTAINTY_MEASURE_WITH_UNIT (LENGTH_MEASURE( 1.000000000000000082E-05 ), #5048, 'distance_accuracy_value', 'NONE');
#5821 = VERTEX_POINT ( 'NONE', #778 ) ;
#5822 = FACE_OUTER_BOUND ( 'NONE', #3379, .T. ) ;
#5823 = CARTESIAN_POINT ( 'NONE',  ( 2.219263736772202567, -1.348042813803152162, 1.700000000000000400 ) ) ;
#5824 = ORIENTED_EDGE ( 'NONE', *, *, #5336, .F. ) ;
#5825 = ORIENTED_EDGE ( 'NONE', *, *, #5172, .F. ) ;
#5826 = CARTESIAN_POINT ( 'NONE',  ( 2.265916554534189498, 1.787316369894371926, 0.1792518535744334895 ) ) ;
#5827 = VECTOR ( 'NONE', #530, 1000.000000000000000 ) ;
#5828 = SURFACE_SIDE_STYLE ('',( #2530 ) ) ;
#5829 = LINE ( 'NONE', #5728, #3148 ) ;
#5830 = VERTEX_POINT ( 'NONE', #2334 ) ;
#5831 = VERTEX_POINT ( 'NONE', #1717 ) ;
#5832 = VECTOR ( 'NONE', #1943, 1000.000000000000000 ) ;
#5833 = ADVANCED_FACE ( 'NONE', ( #3404 ), #1941, .F. ) ;
#5834 = EDGE_CURVE ( 'NONE', #4422, #5291, #4989, .T. ) ;
#5835 = CARTESIAN_POINT ( 'NONE',  ( 1.700000000000000178, -2.428942239050485785, 0.3406648180831462480 ) ) ;
#5836 = DIRECTION ( 'NONE',  ( -1.000000000000000000, -0.0000000000000000000, -0.0000000000000000000 ) ) ;
#5837 = MECHANICAL_DESIGN_GEOMETRIC_PRESENTATION_REPRESENTATION (  '', ( #1589 ), #4557 ) ;
#5838 = EDGE_CURVE ( 'NONE', #5925, #2558, #5135, .T. ) ;
#5839 =( LENGTH_UNIT ( ) NAMED_UNIT ( * ) SI_UNIT ( .MILLI., .METRE. ) );
#5840 = AXIS2_PLACEMENT_3D ( 'NONE', #2406, #3380, #892 ) ;
#5841 = CARTESIAN_POINT ( 'NONE',  ( -2.268623383440116381, -1.779330044498151464, 1.516743074463241969 ) ) ;
#5842 = MECHANICAL_DESIGN_GEOMETRIC_PRESENTATION_REPRESENTATION (  '', ( #4975 ), #2637 ) ;
#5843 = ADVANCED_FACE ( 'NONE', ( #318 ), #949, .T. ) ;
#5844 = DIRECTION ( 'NONE',  ( 0.0000000000000000000, 0.0000000000000000000, 1.000000000000000000 ) ) ;
#5845 = ORIENTED_EDGE ( 'NONE', *, *, #1443, .T. ) ;
#5846 = DIRECTION ( 'NONE',  ( -0.9925461516413237595, -1.084202172485505065E-13, 0.1218693434051335428 ) ) ;
#5847 = CARTESIAN_POINT ( 'NONE',  ( -0.8400000000000000799, 1.884378544541444489, 0.8249915781918462088 ) ) ;
#5848 = LINE ( 'NONE', #1269, #3038 ) ;
#5849 = PRESENTATION_LAYER_ASSIGNMENT (  '', '', ( #6263 ) ) ;
#5850 = STYLED_ITEM ( 'NONE', ( #5107 ), #3441 ) ;
#5851 = VECTOR ( 'NONE', #5314, 1000.000000000000000 ) ;
#5852 = SURFACE_STYLE_FILL_AREA ( #1796 ) ;
#5853 = ORIENTED_EDGE ( 'NONE', *, *, #2486, .F. ) ;
#5854 = DIRECTION ( 'NONE',  ( 0.0000000000000000000, 0.9925461516413219831, 0.1218693434051479618 ) ) ;
#5855 = SURFACE_STYLE_USAGE ( .BOTH. , #4905 ) ;
#5856 = LINE ( 'NONE', #4211, #706 ) ;
#5857 =( GEOMETRIC_REPRESENTATION_CONTEXT ( 3 ) GLOBAL_UNCERTAINTY_ASSIGNED_CONTEXT ( ( #6341 ) ) GLOBAL_UNIT_ASSIGNED_CONTEXT ( ( #3570, #4447, #1418 ) ) REPRESENTATION_CONTEXT ( 'NONE', 'WORKASPACE' ) );
#5858 = ORIENTED_EDGE ( 'NONE', *, *, #1177, .F. ) ;
#5859 = ORIENTED_EDGE ( 'NONE', *, *, #4415, .T. ) ;
#5860 = DIRECTION ( 'NONE',  ( -1.000000000000000000, 0.0000000000000000000, 0.0000000000000000000 ) ) ;
#5861 = COLOUR_RGB ( '',0.8784313725490195957, 0.8784313725490195957, 0.8784313725490195957 ) ;
#5862 = SURFACE_STYLE_USAGE ( .BOTH. , #3009 ) ;
#5863 = DIRECTION ( 'NONE',  ( 1.000000000000000000, 0.0000000000000000000, 0.0000000000000000000 ) ) ;
#5864 = DIRECTION ( 'NONE',  ( 0.0000000000000000000, -0.9975640502598247528, -0.06975647374411884927 ) ) ;
#5865 = CARTESIAN_POINT ( 'NONE',  ( -2.241764626010011696, -1.799301182434473567, 1.512770205782438149 ) ) ;
#5866 = ORIENTED_EDGE ( 'NONE', *, *, #3328, .F. ) ;
#5867 = ORIENTED_EDGE ( 'NONE', *, *, #4394, .F. ) ;
#5868 = EDGE_CURVE ( 'NONE', #4212, #6183, #4251, .T. ) ;
#5869 =( NAMED_UNIT ( * ) PLANE_ANGLE_UNIT ( ) SI_UNIT ( $, .RADIAN. ) );
#5870 = DIRECTION ( 'NONE',  ( 0.0000000000000000000, 0.1364901473335441706, -0.9906414284093247868 ) ) ;
#5871 = CARTESIAN_POINT ( 'NONE',  ( -2.219263736772203011, 1.757263736772203044, 0.1499999999999999112 ) ) ;
#5872 = FACE_OUTER_BOUND ( 'NONE', #4167, .T. ) ;
#5873 = CARTESIAN_POINT ( 'NONE',  ( -2.346379578609460559, 1.884379578609461259, 1.025000000000000133 ) ) ;
#5874 = ORIENTED_EDGE ( 'NONE', *, *, #1608, .F. ) ;
#5875 = EDGE_CURVE ( 'NONE', #5084, #6212, #3259, .T. ) ;
#5876 = ADVANCED_FACE ( 'NONE', ( #3814 ), #4841, .T. ) ;
#5877 = CARTESIAN_POINT ( 'NONE',  ( -0.4300000000000000488, 1.972211458395209505, 0.8249887709224612564 ) ) ;
#5878 = CARTESIAN_POINT ( 'NONE',  ( 2.109999999999999876, 1.972211458395209505, 0.8249887709224612564 ) ) ;
#5879 = EDGE_LOOP ( 'NONE', ( #2921, #5982, #5242, #3629 ) ) ;
#5880 = CARTESIAN_POINT ( 'NONE',  ( -2.109999999999999876, 2.329878096209553551, 0.3270158033497921335 ) ) ;
#5881 = LINE ( 'NONE', #4335, #2466 ) ;
#5882 = CARTESIAN_POINT ( 'NONE',  ( -2.219263736772202567, -1.367690167752636299, 1.695978054360572029 ) ) ;
#5883 = EDGE_CURVE ( 'NONE', #4212, #6523, #3871, .T. ) ;
#5884 = AXIS2_PLACEMENT_3D ( 'NONE', #5486, #4045, #2931 ) ;
#5885 = FILL_AREA_STYLE ('',( #4865 ) ) ;
#5886 = FILL_AREA_STYLE ('',( #5110 ) ) ;
#5887 = AXIS2_PLACEMENT_3D ( 'NONE', #4660, #5197, #1648 ) ;
#5888 = UNCERTAINTY_MEASURE_WITH_UNIT (LENGTH_MEASURE( 1.000000000000000082E-05 ), #2003, 'distance_accuracy_value', 'NONE');
#5889 = EDGE_LOOP ( 'NONE', ( #3352, #3013, #2984, #409 ) ) ;
#5890 = LINE ( 'NONE', #4378, #5851 ) ;
#5891 = ORIENTED_EDGE ( 'NONE', *, *, #4362, .F. ) ;
#5892 = EDGE_CURVE ( 'NONE', #255, #49, #2770, .T. ) ;
#5893 = CARTESIAN_POINT ( 'NONE',  ( 2.265916554534189942, 1.789265374743140180, 0.1963527423377059433 ) ) ;
#5894 = VECTOR ( 'NONE', #3392, 1000.000000000000114 ) ;
#5895 =( LENGTH_UNIT ( ) NAMED_UNIT ( * ) SI_UNIT ( .MILLI., .METRE. ) );
#5896 = DIRECTION ( 'NONE',  ( 0.0000000000000000000, -0.9975640502598247528, 0.06975647374411884927 ) ) ;
#5897 = DIRECTION ( 'NONE',  ( 0.0000000000000000000, 0.0000000000000000000, 1.000000000000000000 ) ) ;
#5898 = FACE_OUTER_BOUND ( 'NONE', #1573, .T. ) ;
#5899 =( BOUNDED_SURFACE ( )  B_SPLINE_SURFACE ( 3, 3, ( 
 ( #5120, #2589, #2621, #4624 ),
 ( #2653, #5189, #4562, #2069 ),
 ( #56, #1080, #4129, #6163 ),
 ( #4091, #3617, #3511, #4655 ) ),
 .UNSPECIFIED., .F., .F., .F. ) 
 B_SPLINE_SURFACE_WITH_KNOTS ( ( 4, 4 ),
 ( 4, 4 ),
 ( 0.0000000000000000000, 1.000000000000000000 ),
 ( 0.0000000000000000000, 1.000000000000000000 ),
 .UNSPECIFIED. ) 
 GEOMETRIC_REPRESENTATION_ITEM ( )  RATIONAL_B_SPLINE_SURFACE ( (
 ( 1.000000000000000000, 0.8307126645170462842, 0.8307126645170462842, 1.000000000000000000),
 ( 0.8307126645170785917, 0.6900835309890375191, 0.6900835309890375191, 0.8307126645170785917),
 ( 0.8307126645170785917, 0.6900835309890375191, 0.6900835309890375191, 0.8307126645170785917),
 ( 1.000000000000000000, 0.8307126645170462842, 0.8307126645170462842, 1.000000000000000000) ) ) 
 REPRESENTATION_ITEM ( '' )  SURFACE ( )  );
#5900 = ORIENTED_EDGE ( 'NONE', *, *, #4795, .F. ) ;
#5901 = COLOUR_RGB ( '',0.8784313725490195957, 0.8784313725490195957, 0.8784313725490195957 ) ;
#5902 = PRESENTATION_LAYER_ASSIGNMENT (  '', '', ( #5029 ) ) ;
#5903 = CARTESIAN_POINT ( 'NONE',  ( 2.268623383440116381, -1.829443021186692775, 1.472406857904786426 ) ) ;
#5904 = DIRECTION ( 'NONE',  ( 1.000000000000000000, -0.0000000000000000000, -0.0000000000000000000 ) ) ;
#5905 = CARTESIAN_POINT ( 'NONE',  ( -0.8400000000000001910, 3.013951294748823617, 0.1995128100519649172 ) ) ;
#5906 = VECTOR ( 'NONE', #6335, 1000.000000000000114 ) ;
#5907 = CARTESIAN_POINT ( 'NONE',  ( -0.4300000000000000488, 2.428942239050485785, 0.3406648180831462480 ) ) ;
#5908 = EDGE_LOOP ( 'NONE', ( #5596, #3752, #2381, #4907 ) ) ;
#5909 =( GEOMETRIC_REPRESENTATION_CONTEXT ( 3 ) GLOBAL_UNCERTAINTY_ASSIGNED_CONTEXT ( ( #5810 ) ) GLOBAL_UNIT_ASSIGNED_CONTEXT ( ( #4192, #5869, #2658 ) ) REPRESENTATION_CONTEXT ( 'NONE', 'WORKASPACE' ) );
#5910 = DIRECTION ( 'NONE',  ( 0.0000000000000000000, 0.0000000000000000000, 1.000000000000000000 ) ) ;
#5911 = PRESENTATION_LAYER_ASSIGNMENT (  '', '', ( #1872 ) ) ;
#5912 = LINE ( 'NONE', #5542, #768 ) ;
#5913 = EDGE_CURVE ( 'NONE', #4181, #3780, #3783, .T. ) ;
#5914 = CARTESIAN_POINT ( 'NONE',  ( -0.4300000000000000488, 2.131749810527688638, 0.2997177738830843485 ) ) ;
#5915 = FACE_OUTER_BOUND ( 'NONE', #635, .T. ) ;
#5916 = EDGE_CURVE ( 'NONE', #1666, #6006, #1308, .T. ) ;
#5917 = ORIENTED_EDGE ( 'NONE', *, *, #5892, .F. ) ;
#5918 = CARTESIAN_POINT ( 'NONE',  ( 1.700000000000000178, -1.972211458395209949, 0.7249887709224612786 ) ) ;
#5919 = FILL_AREA_STYLE ('',( #2342 ) ) ;
#5920 = CARTESIAN_POINT ( 'NONE',  ( 0.8400000000000001910, 2.269403886918007984, 0.7659358151225240663 ) ) ;
#5921 = CARTESIAN_POINT ( 'NONE',  ( -1.699999999999999956, 2.408015296927251470, 0.04139560300519887909 ) ) ;
#5922 = FACE_OUTER_BOUND ( 'NONE', #5997, .T. ) ;
#5923 =( NAMED_UNIT ( * ) PLANE_ANGLE_UNIT ( ) SI_UNIT ( $, .RADIAN. ) );
#5924 = EDGE_CURVE ( 'NONE', #90, #2034, #2026, .T. ) ;
#5925 = VERTEX_POINT ( 'NONE', #1455 ) ;
#5926 = DIRECTION ( 'NONE',  ( -1.000000000000000000, 0.0000000000000000000, 0.0000000000000000000 ) ) ;
#5927 = LINE ( 'NONE', #1351, #4140 ) ;
#5928 = SURFACE_STYLE_USAGE ( .BOTH. , #4906 ) ;
#5929 = ORIENTED_EDGE ( 'NONE', *, *, #3940, .T. ) ;
#5930 = ORIENTED_EDGE ( 'NONE', *, *, #1692, .T. ) ;
#5931 = DIRECTION ( 'NONE',  ( 1.000000000000000000, 0.0000000000000000000, -0.0000000000000000000 ) ) ;
#5932 = EDGE_CURVE ( 'NONE', #443, #2852, #5516, .T. ) ;
#5933 = VECTOR ( 'NONE', #1067, 1000.000000000000000 ) ;
#5934 = PRESENTATION_STYLE_ASSIGNMENT (( #3873 ) ) ;
#5935 = ORIENTED_EDGE ( 'NONE', *, *, #3270, .T. ) ;
#5936 = VERTEX_POINT ( 'NONE', #6090 ) ;
#5937 = VECTOR ( 'NONE', #943, 1000.000000000000000 ) ;
#5938 = CARTESIAN_POINT ( 'NONE',  ( -2.263500000000000512, -1.757263736772203044, 0.1999999999999999833 ) ) ;
#5939 = CARTESIAN_POINT ( 'NONE',  ( -0.8400000000000001910, 1.884378199852105862, 0.8249887709224611454 ) ) ;
#5940 = PLANE ( 'NONE',  #2881 ) ;
#5941 = CARTESIAN_POINT ( 'NONE',  ( 0.8400000000000001910, -2.131749810527688638, 0.2997177738830844040 ) ) ;
#5942 = FILL_AREA_STYLE ('',( #1882 ) ) ;
#5943 = CIRCLE ( 'NONE', #6454, 0.2999999999999998779 ) ;
#5944 = PRESENTATION_STYLE_ASSIGNMENT (( #3882 ) ) ;
#5945 = ORIENTED_EDGE ( 'NONE', *, *, #713, .T. ) ;
#5946 = CARTESIAN_POINT ( 'NONE',  ( -2.288605220630223869, -1.809657278107467793, 1.487514913283779050 ) ) ;
#5947 = PRESENTATION_LAYER_ASSIGNMENT (  '', '', ( #4656 ) ) ;
#5948 = DIRECTION ( 'NONE',  ( 0.0000000000000000000, 0.0000000000000000000, 1.000000000000000000 ) ) ;
#5949 = AXIS2_PLACEMENT_3D ( 'NONE', #1649, #5672, #551 ) ;
#5950 = CARTESIAN_POINT ( 'NONE',  ( -2.219263736772202567, 1.757263736772203044, 1.650000000000000133 ) ) ;
#5951 = ADVANCED_FACE ( 'NONE', ( #1565 ), #2957, .F. ) ;
#5952 = VECTOR ( 'NONE', #1282, 1000.000000000000114 ) ;
#5953 = CARTESIAN_POINT ( 'NONE',  ( 0.8400000000000001910, 3.000000000000000000, 0.0000000000000000000 ) ) ;
#5954 = VERTEX_POINT ( 'NONE', #4476 ) ;
#5955 = DIRECTION ( 'NONE',  ( -0.1209742911513548153, -0.1209742911513548291, 0.9852565360152931717 ) ) ;
#5956 = LINE ( 'NONE', #3777, #1813 ) ;
#5957 = ORIENTED_EDGE ( 'NONE', *, *, #313, .T. ) ;
#5958 = ORIENTED_EDGE ( 'NONE', *, *, #5558, .T. ) ;
#5959 = VECTOR ( 'NONE', #2193, 1000.000000000000000 ) ;
#5960 = CARTESIAN_POINT ( 'NONE',  ( 2.109999999999999876, 3.013951294748823617, 0.1995128100519649172 ) ) ;
#5961 = EDGE_CURVE ( 'NONE', #1989, #6342, #432, .T. ) ;
#5962 =( NAMED_UNIT ( * ) PLANE_ANGLE_UNIT ( ) SI_UNIT ( $, .RADIAN. ) );
#5963 = ADVANCED_FACE ( 'NONE', ( #3532 ), #4070, .F. ) ;
#5964 = STYLED_ITEM ( 'NONE', ( #5783 ), #4602 ) ;
#5965 = CARTESIAN_POINT ( 'NONE',  ( 1.700000000000000178, 3.000000000000000000, 0.0000000000000000000 ) ) ;
#5966 = ORIENTED_EDGE ( 'NONE', *, *, #2762, .T. ) ;
#5967 = ORIENTED_EDGE ( 'NONE', *, *, #4362, .T. ) ;
#5968 = FACE_OUTER_BOUND ( 'NONE', #3026, .T. ) ;
#5969 = EDGE_CURVE ( 'NONE', #3000, #972, #4039, .T. ) ;
#5970 = AXIS2_PLACEMENT_3D ( 'NONE', #2184, #3667, #5712 ) ;
#5971 = PRESENTATION_STYLE_ASSIGNMENT (( #5566 ) ) ;
#5972 = CARTESIAN_POINT ( 'NONE',  ( 2.241764626010010364, -1.779330044498151686, 1.516743074463242191 ) ) ;
#5973 = FILL_AREA_STYLE_COLOUR ( '', #4939 ) ;
#5974 = SURFACE_STYLE_FILL_AREA ( #2331 ) ;
#5975 =( NAMED_UNIT ( * ) SI_UNIT ( $, .STERADIAN. ) SOLID_ANGLE_UNIT ( ) );
#5976 =( NAMED_UNIT ( * ) PLANE_ANGLE_UNIT ( ) SI_UNIT ( $, .RADIAN. ) );
#5977 = CARTESIAN_POINT ( 'NONE',  ( -2.265916554534189054, -1.787316369894377255, 0.1792518535744382080 ) ) ;
#5978 = EDGE_CURVE ( 'NONE', #3641, #3000, #2993, .T. ) ;
#5979 = DIRECTION ( 'NONE',  ( 0.1209742911513548430, -0.1209742911513548291, -0.9852565360152931717 ) ) ;
#5980 = CARTESIAN_POINT ( 'NONE',  ( -0.4300000000000000488, 1.972211458395209505, 1.024988770922461212 ) ) ;
#5981 = FACE_OUTER_BOUND ( 'NONE', #792, .T. ) ;
#5982 = ORIENTED_EDGE ( 'NONE', *, *, #4156, .T. ) ;
#5983 = CARTESIAN_POINT ( 'NONE',  ( -0.4300000000000000488, 2.421966591676075087, 0.2409084130571637894 ) ) ;
#5984 = DIRECTION ( 'NONE',  ( -1.000000000000000000, -0.0000000000000000000, -0.0000000000000000000 ) ) ;
#5985 = FILL_AREA_STYLE ('',( #327 ) ) ;
#5986 = ORIENTED_EDGE ( 'NONE', *, *, #1645, .T. ) ;
#5987 =( GEOMETRIC_REPRESENTATION_CONTEXT ( 3 ) GLOBAL_UNCERTAINTY_ASSIGNED_CONTEXT ( ( #6086 ) ) GLOBAL_UNIT_ASSIGNED_CONTEXT ( ( #6336, #188, #1793 ) ) REPRESENTATION_CONTEXT ( 'NONE', 'WORKASPACE' ) );
#5988 =( LENGTH_UNIT ( ) NAMED_UNIT ( * ) SI_UNIT ( .MILLI., .METRE. ) );
#5989 = ORIENTED_EDGE ( 'NONE', *, *, #4764, .F. ) ;
#5990 = CARTESIAN_POINT ( 'NONE',  ( -2.219263736772202567, 1.803916554534189309, 1.682208808131908206 ) ) ;
#5991 =( GEOMETRIC_REPRESENTATION_CONTEXT ( 3 ) GLOBAL_UNCERTAINTY_ASSIGNED_CONTEXT ( ( #2603 ) ) GLOBAL_UNIT_ASSIGNED_CONTEXT ( ( #2421, #967, #1460 ) ) REPRESENTATION_CONTEXT ( 'NONE', 'WORKASPACE' ) );
#5992 = FILL_AREA_STYLE_COLOUR ( '', #6508 ) ;
#5993 = EDGE_CURVE ( 'NONE', #1255, #2113, #3419, .T. ) ;
#5994 = EDGE_CURVE ( 'NONE', #572, #816, #3643, .T. ) ;
#5995 = VERTEX_POINT ( 'NONE', #4223 ) ;
#5996 = ADVANCED_FACE ( 'NONE', ( #5326 ), #3756, .T. ) ;
#5997 = EDGE_LOOP ( 'NONE', ( #4732, #5691, #1208, #6242 ) ) ;
#5998 = FILL_AREA_STYLE ('',( #2967 ) ) ;
#5999 = STYLED_ITEM ( 'NONE', ( #1629 ), #5455 ) ;
#6000 = DIRECTION ( 'NONE',  ( 0.0000000000000000000, 0.06975647374411841906, -0.9975640502598247528 ) ) ;
#6001 = DIRECTION ( 'NONE',  ( 1.000000000000000000, -0.0000000000000000000, 0.0000000000000000000 ) ) ;
#6002 = ADVANCED_FACE ( 'NONE', ( #4789 ), #1225, .F. ) ;
#6003 = SURFACE_STYLE_FILL_AREA ( #6521 ) ;
#6004 = CARTESIAN_POINT ( 'NONE',  ( -2.265916554534189054, -1.757263736772203044, 0.1677911918680913272 ) ) ;
#6005 = SURFACE_STYLE_FILL_AREA ( #2399 ) ;
#6006 = VERTEX_POINT ( 'NONE', #3919 ) ;
#6007 = COLOUR_RGB ( '',0.8784313725490195957, 0.8784313725490195957, 0.8784313725490195957 ) ;
#6008 = CARTESIAN_POINT ( 'NONE',  ( 1.700000000000000178, 2.071275601236143071, 0.7386377856558155042 ) ) ;
#6009 = VECTOR ( 'NONE', #3495, 1000.000000000000000 ) ;
#6010 = CARTESIAN_POINT ( 'NONE',  ( 2.109999999999999876, -2.071275601236143071, 0.7386377856558151711 ) ) ;
#6011 = CARTESIAN_POINT ( 'NONE',  ( -2.219263736772203011, 1.806891044354269171, 0.1939065328297426560 ) ) ;
#6012 = DIRECTION ( 'NONE',  ( 0.0000000000000000000, -1.234386826208250825E-15, 1.000000000000000000 ) ) ;
#6013 = STYLED_ITEM ( 'NONE', ( #2681 ), #743 ) ;
#6014 = EDGE_CURVE ( 'NONE', #4521, #5528, #875, .T. ) ;
#6015 = ORIENTED_EDGE ( 'NONE', *, *, #5719, .T. ) ;
#6016 = DIRECTION ( 'NONE',  ( -0.1209742911513548014, -0.1209742911513548291, -0.9852565360152931717 ) ) ;
#6017 = AXIS2_PLACEMENT_3D ( 'NONE', #5918, #748, #3802 ) ;
#6018 = VECTOR ( 'NONE', #2116, 1000.000000000000000 ) ;
#6019 = ORIENTED_EDGE ( 'NONE', *, *, #3396, .F. ) ;
#6020 = SURFACE_STYLE_USAGE ( .BOTH. , #3961 ) ;
#6021 = PRESENTATION_LAYER_ASSIGNMENT (  '', '', ( #4411 ) ) ;
#6022 = DIRECTION ( 'NONE',  ( 0.0000000000000000000, 0.1364901473335445314, 0.9906414284093246758 ) ) ;
#6023 = CARTESIAN_POINT ( 'NONE',  ( -0.4300000000000000488, -1.884378199852105640, 1.024988770922461212 ) ) ;
#6024 = ORIENTED_EDGE ( 'NONE', *, *, #3328, .T. ) ;
#6025 = DIRECTION ( 'NONE',  ( -1.000000000000000000, 0.0000000000000000000, 0.0000000000000000000 ) ) ;
#6026 = FILL_AREA_STYLE ('',( #5484 ) ) ;
#6027 = SURFACE_SIDE_STYLE ('',( #1963 ) ) ;
#6028 = ORIENTED_EDGE ( 'NONE', *, *, #2887, .T. ) ;
#6029 = VERTEX_POINT ( 'NONE', #6036 ) ;
#6030 = VECTOR ( 'NONE', #1526, 1000.000000000000000 ) ;
#6031 =( BOUNDED_SURFACE ( )  B_SPLINE_SURFACE ( 3, 3, ( 
 ( #3334, #5389, #2872, #6034 ),
 ( #4916, #6518, #808, #1467 ),
 ( #3918, #283, #1939, #5453 ),
 ( #2429, #912, #776, #4489 ) ),
 .UNSPECIFIED., .F., .F., .F. ) 
 B_SPLINE_SURFACE_WITH_KNOTS ( ( 4, 4 ),
 ( 4, 4 ),
 ( 0.0000000000000000000, 1.000000000000000000 ),
 ( 0.0000000000000000000, 1.000000000000000000 ),
 .UNSPECIFIED. ) 
 GEOMETRIC_REPRESENTATION_ITEM ( )  RATIONAL_B_SPLINE_SURFACE ( (
 ( 1.000000000000000000, 0.8307126645170453960, 0.8307126645170453960, 1.000000000000000000),
 ( 0.8307126645170451740, 0.6900835309890089864, 0.6900835309890089864, 0.8307126645170451740),
 ( 0.8307126645170451740, 0.6900835309890089864, 0.6900835309890089864, 0.8307126645170451740),
 ( 1.000000000000000000, 0.8307126645170453960, 0.8307126645170453960, 1.000000000000000000) ) ) 
 REPRESENTATION_ITEM ( '' )  SURFACE ( )  );
#6032 = CARTESIAN_POINT ( 'NONE',  ( -2.219263736772202567, -1.348042813803152162, 1.650000000000000133 ) ) ;
#6033 = CARTESIAN_POINT ( 'NONE',  ( -1.699999999999999956, 2.071275601236143071, 0.7386377856558151711 ) ) ;
#6034 = CARTESIAN_POINT ( 'NONE',  ( -2.219263736772203011, 1.806942131948886088, 0.1943381052050296431 ) ) ;
#6035 = SURFACE_STYLE_USAGE ( .BOTH. , #6553 ) ;
#6036 = CARTESIAN_POINT ( 'NONE',  ( -2.268891044354268693, -1.757263736772204599, 0.1939065328297424617 ) ) ;
#6037 = ORIENTED_EDGE ( 'NONE', *, *, #1743, .T. ) ;
#6038 = AXIS2_PLACEMENT_3D ( 'NONE', #158, #5780, #2224 ) ;
#6039 = CARTESIAN_POINT ( 'NONE',  ( 2.346270918623760249, -1.863682208799348317, 0.8232323393603983019 ) ) ;
#6040 = ADVANCED_FACE ( 'NONE', ( #5454 ), #4429, .F. ) ;
#6041 = PRESENTATION_STYLE_ASSIGNMENT (( #5020 ) ) ;
#6042 = EDGE_CURVE ( 'NONE', #5141, #5045, #383, .T. ) ;
#6043 =( NAMED_UNIT ( * ) PLANE_ANGLE_UNIT ( ) SI_UNIT ( $, .RADIAN. ) );
#6044 = VECTOR ( 'NONE', #299, 1000.000000000000000 ) ;
#6045 = EDGE_LOOP ( 'NONE', ( #4674, #365, #1712, #4835 ) ) ;
#6046 = CARTESIAN_POINT ( 'NONE',  ( 0.4300000000000000488, -2.131749810527688638, 0.2997177738830835714 ) ) ;
#6047 = CIRCLE ( 'NONE', #3891, 0.04999999999999989175 ) ;
#6048 = CARTESIAN_POINT ( 'NONE',  ( 2.109999999999999876, 1.972211458395209949, 0.7249887709224612786 ) ) ;
#6049 = FACE_OUTER_BOUND ( 'NONE', #996, .T. ) ;
#6050 = ORIENTED_EDGE ( 'NONE', *, *, #6274, .F. ) ;
#6051 = DIRECTION ( 'NONE',  ( -1.000000000000000000, -0.0000000000000000000, -0.0000000000000000000 ) ) ;
#6052 = DIRECTION ( 'NONE',  ( -1.000000000000000000, -0.0000000000000000000, -0.0000000000000000000 ) ) ;
#6053 = AXIS2_PLACEMENT_3D ( 'NONE', #4047, #6094, #1100 ) ;
#6054 = AXIS2_PLACEMENT_3D ( 'NONE', #4570, #3101, #5159 ) ;
#6055 = DIRECTION ( 'NONE',  ( 0.0000000000000000000, 0.06975647374411883539, -0.9975640502598246417 ) ) ;
#6056 = ORIENTED_EDGE ( 'NONE', *, *, #3578, .T. ) ;
#6057 =( LENGTH_UNIT ( ) NAMED_UNIT ( * ) SI_UNIT ( .MILLI., .METRE. ) );
#6058 = DIRECTION ( 'NONE',  ( -0.0000000000000000000, 0.06975647374411841906, 0.9975640502598247528 ) ) ;
#6059 = AXIS2_PLACEMENT_3D ( 'NONE', #6371, #5333, #4800 ) ;
#6060 = ORIENTED_EDGE ( 'NONE', *, *, #3449, .F. ) ;
#6061 = SURFACE_STYLE_FILL_AREA ( #4695 ) ;
#6062 = LINE ( 'NONE', #1502, #2122 ) ;
#6063 = LINE ( 'NONE', #508, #3249 ) ;
#6064 = CIRCLE ( 'NONE', #4456, 0.09999999999999988065 ) ;
#6065 = ORIENTED_EDGE ( 'NONE', *, *, #4022, .T. ) ;
#6066 = AXIS2_PLACEMENT_3D ( 'NONE', #628, #5285, #3742 ) ;
#6067 = CARTESIAN_POINT ( 'NONE',  ( -2.219263736772202567, 1.757263736772203044, 1.700000000000000178 ) ) ;
#6068 = AXIS2_PLACEMENT_3D ( 'NONE', #3227, #5284, #694 ) ;
#6069 = CARTESIAN_POINT ( 'NONE',  ( -1.699999999999999956, -2.421966591676075975, 0.2409084130571637061 ) ) ;
#6070 = DIRECTION ( 'NONE',  ( 0.0000000000000000000, 1.000000000000000000, -1.234386826208250825E-15 ) ) ;
#6071 =( NAMED_UNIT ( * ) SI_UNIT ( $, .STERADIAN. ) SOLID_ANGLE_UNIT ( ) );
#6072 = DIRECTION ( 'NONE',  ( -0.0000000000000000000, 0.06975647374411841906, 0.9975640502598247528 ) ) ;
#6073 = EDGE_CURVE ( 'NONE', #2070, #3579, #2938, .T. ) ;
#6074 = ORIENTED_EDGE ( 'NONE', *, *, #4833, .F. ) ;
#6075 = DIRECTION ( 'NONE',  ( 1.000000000000000000, 0.0000000000000000000, 0.0000000000000000000 ) ) ;
#6076 = CYLINDRICAL_SURFACE ( 'NONE', #2716, 0.09999999999999988065 ) ;
#6077 = VECTOR ( 'NONE', #70, 1000.000000000000114 ) ;
#6078 = CARTESIAN_POINT ( 'NONE',  ( 2.219263736772203455, -1.757263736772203044, 0.1499999999999995226 ) ) ;
#6079 = ORIENTED_EDGE ( 'NONE', *, *, #3195, .T. ) ;
#6080 = EDGE_CURVE ( 'NONE', #2604, #2247, #5354, .T. ) ;
#6081 = ORIENTED_EDGE ( 'NONE', *, *, #1217, .T. ) ;
#6082 = ADVANCED_FACE ( 'NONE', ( #913 ), #1330, .T. ) ;
#6083 = PRESENTATION_STYLE_ASSIGNMENT (( #4035 ) ) ;
#6084 = SURFACE_STYLE_FILL_AREA ( #4036 ) ;
#6085 = CARTESIAN_POINT ( 'NONE',  ( -0.8400000000000001910, 3.000000000000000444, 4.495527008246129049E-18 ) ) ;
#6086 = UNCERTAINTY_MEASURE_WITH_UNIT (LENGTH_MEASURE( 1.000000000000000082E-05 ), #6336, 'distance_accuracy_value', 'NONE');
#6087 = EDGE_LOOP ( 'NONE', ( #598, #1022, #4787, #2582 ) ) ;
#6088 = FILL_AREA_STYLE ('',( #5031 ) ) ;
#6089 = SURFACE_STYLE_USAGE ( .BOTH. , #5514 ) ;
#6090 = CARTESIAN_POINT ( 'NONE',  ( -2.346378889230783749, -1.834565235439750364, 1.025005614538770704 ) ) ;
#6091 = EDGE_CURVE ( 'NONE', #1413, #1730, #809, .T. ) ;
#6092 = SURFACE_STYLE_USAGE ( .BOTH. , #1566 ) ;
#6093 =( NAMED_UNIT ( * ) SI_UNIT ( $, .STERADIAN. ) SOLID_ANGLE_UNIT ( ) );
#6094 = DIRECTION ( 'NONE',  ( -1.000000000000000000, 0.0000000000000000000, 0.0000000000000000000 ) ) ;
#6095 = DIRECTION ( 'NONE',  ( -1.000000000000000000, -0.0000000000000000000, -0.0000000000000000000 ) ) ;
#6096 = ORIENTED_EDGE ( 'NONE', *, *, #6469, .T. ) ;
#6097 = ORIENTED_EDGE ( 'NONE', *, *, #2008, .F. ) ;
#6098 = FILL_AREA_STYLE ('',( #5530 ) ) ;
#6099 = MECHANICAL_DESIGN_GEOMETRIC_PRESENTATION_REPRESENTATION (  '', ( #5231 ), #5674 ) ;
#6100 = PLANE ( 'NONE',  #1213 ) ;
#6101 = SURFACE_SIDE_STYLE ('',( #83 ) ) ;
#6102 = VECTOR ( 'NONE', #382, 1000.000000000000000 ) ;
#6103 = DIRECTION ( 'NONE',  ( 1.000000000000000000, -0.0000000000000000000, 0.0000000000000000000 ) ) ;
#6104 = AXIS2_PLACEMENT_3D ( 'NONE', #3243, #5334, #893 ) ;
#6105 = CIRCLE ( 'NONE', #4817, 0.04999999999999991257 ) ;
#6106 = SURFACE_STYLE_FILL_AREA ( #4057 ) ;
#6107 = FILL_AREA_STYLE ('',( #986 ) ) ;
#6108 = EDGE_LOOP ( 'NONE', ( #1110, #5698, #1905, #1431 ) ) ;
#6109 = LINE ( 'NONE', #5198, #3466 ) ;
#6110 = ORIENTED_EDGE ( 'NONE', *, *, #2537, .F. ) ;
#6111 = PRESENTATION_LAYER_ASSIGNMENT (  '', '', ( #4287 ) ) ;
#6112 = CARTESIAN_POINT ( 'NONE',  ( 2.241764626010010364, -1.779764626010009732, 1.466744963109816169 ) ) ;
#6113 = STYLED_ITEM ( 'NONE', ( #3885 ), #6285 ) ;
#6114 = ORIENTED_EDGE ( 'NONE', *, *, #3943, .F. ) ;
#6115 = CARTESIAN_POINT ( 'NONE',  ( 2.346270918876514955, 1.863682140854989955, 0.8232323434852855115 ) ) ;
#6116 = CARTESIAN_POINT ( 'NONE',  ( -2.109999999999999876, 2.269403886918007984, 0.7659358151225240663 ) ) ;
#6117 = CYLINDRICAL_SURFACE ( 'NONE', #389, 0.2999999999999998779 ) ;
#6118 = DIRECTION ( 'NONE',  ( -1.000000000000000000, 0.0000000000000000000, 0.0000000000000000000 ) ) ;
#6119 = VECTOR ( 'NONE', #1680, 1000.000000000000000 ) ;
#6120 = LINE ( 'NONE', #1694, #4215 ) ;
#6121 = EDGE_CURVE ( 'NONE', #3808, #6149, #6424, .T. ) ;
#6122 = DIRECTION ( 'NONE',  ( 0.1209742911513550234, -0.1209742911513546904, 0.9852565360152930607 ) ) ;
#6123 = PLANE ( 'NONE',  #176 ) ;
#6124 = EDGE_LOOP ( 'NONE', ( #1997, #2182, #2767, #1899 ) ) ;
#6125 = ORIENTED_EDGE ( 'NONE', *, *, #6352, .T. ) ;
#6126 = AXIS2_PLACEMENT_3D ( 'NONE', #1477, #6252, #3481 ) ;
#6127 = DIRECTION ( 'NONE',  ( 0.0000000000000000000, 0.0000000000000000000, -1.000000000000000000 ) ) ;
#6128 = PLANE ( 'NONE',  #2177 ) ;
#6129 = CARTESIAN_POINT ( 'NONE',  ( -2.109999999999999876, 2.269403886918007984, 0.7659358151225242883 ) ) ;
#6130 = ORIENTED_EDGE ( 'NONE', *, *, #2256, .T. ) ;
#6131 =( NAMED_UNIT ( * ) PLANE_ANGLE_UNIT ( ) SI_UNIT ( $, .RADIAN. ) );
#6132 =( GEOMETRIC_REPRESENTATION_CONTEXT ( 3 ) GLOBAL_UNCERTAINTY_ASSIGNED_CONTEXT ( ( #2227 ) ) GLOBAL_UNIT_ASSIGNED_CONTEXT ( ( #3574, #2608, #75 ) ) REPRESENTATION_CONTEXT ( 'NONE', 'WORKASPACE' ) );
#6133 = PLANE ( 'NONE',  #350 ) ;
#6134 = PLANE ( 'NONE',  #2391 ) ;
#6135 = ORIENTED_EDGE ( 'NONE', *, *, #3689, .F. ) ;
#6136 = DIRECTION ( 'NONE',  ( -0.9925461516413219831, 0.0000000000000000000, 0.1218693434051474067 ) ) ;
#6137 = ORIENTED_EDGE ( 'NONE', *, *, #3580, .F. ) ;
#6138 =( GEOMETRIC_REPRESENTATION_CONTEXT ( 3 ) GLOBAL_UNCERTAINTY_ASSIGNED_CONTEXT ( ( #1203 ) ) GLOBAL_UNIT_ASSIGNED_CONTEXT ( ( #6057, #2448, #5520 ) ) REPRESENTATION_CONTEXT ( 'NONE', 'WORKASPACE' ) );
#6139 = SURFACE_STYLE_FILL_AREA ( #4103 ) ;
#6140 = DIRECTION ( 'NONE',  ( 0.9925461516413219831, 2.389388162978957979E-16, -0.1218693434051477259 ) ) ;
#6141 = ORIENTED_EDGE ( 'NONE', *, *, #4516, .F. ) ;
#6142 = DIRECTION ( 'NONE',  ( 1.000000000000000000, 0.0000000000000000000, 0.0000000000000000000 ) ) ;
#6143 = LINE ( 'NONE', #1658, #3056 ) ;
#6144 = EDGE_CURVE ( 'NONE', #3779, #3251, #5603, .T. ) ;
#6145 = CIRCLE ( 'NONE', #3238, 0.09999999999999988065 ) ;
#6146 = PRESENTATION_STYLE_ASSIGNMENT (( #3080 ) ) ;
#6147 = DIRECTION ( 'NONE',  ( 0.0000000000000000000, 0.0000000000000000000, -1.000000000000000000 ) ) ;
#6148 = MECHANICAL_DESIGN_GEOMETRIC_PRESENTATION_REPRESENTATION (  '', ( #3039 ), #2323 ) ;
#6149 = VERTEX_POINT ( 'NONE', #16 ) ;
#6150 = SURFACE_STYLE_FILL_AREA ( #1699 ) ;
#6151 = CARTESIAN_POINT ( 'NONE',  ( 0.8400000000000001910, 3.000000000000000000, 0.0000000000000000000 ) ) ;
#6152 =( LENGTH_UNIT ( ) NAMED_UNIT ( * ) SI_UNIT ( .MILLI., .METRE. ) );
#6153 = EDGE_CURVE ( 'NONE', #3058, #2348, #3128, .T. ) ;
#6154 = VERTEX_POINT ( 'NONE', #5150 ) ;
#6155 = ADVANCED_FACE ( 'NONE', ( #5053 ), #6128, .F. ) ;
#6156 = ORIENTED_EDGE ( 'NONE', *, *, #1220, .T. ) ;
#6157 = AXIS2_PLACEMENT_3D ( 'NONE', #3218, #3312, #3770 ) ;
#6158 = MECHANICAL_DESIGN_GEOMETRIC_PRESENTATION_REPRESENTATION (  '', ( #398 ), #1484 ) ;
#6159 = ADVANCED_FACE ( 'NONE', ( #4053 ), #5635, .T. ) ;
#6160 =( GEOMETRIC_REPRESENTATION_CONTEXT ( 3 ) GLOBAL_UNCERTAINTY_ASSIGNED_CONTEXT ( ( #3182 ) ) GLOBAL_UNIT_ASSIGNED_CONTEXT ( ( #338, #4945, #3939 ) ) REPRESENTATION_CONTEXT ( 'NONE', 'WORKASPACE' ) );
#6161 = DIRECTION ( 'NONE',  ( -1.000000000000000000, -0.0000000000000000000, -0.0000000000000000000 ) ) ;
#6162 = PRESENTATION_STYLE_ASSIGNMENT (( #5571 ) ) ;
#6163 = CARTESIAN_POINT ( 'NONE',  ( 2.245982507821992158, 1.757263736772203266, 1.700000000000000622 ) ) ;
#6164 = EDGE_CURVE ( 'NONE', #2789, #5579, #4128, .T. ) ;
#6165 = ORIENTED_EDGE ( 'NONE', *, *, #4495, .T. ) ;
#6166 = STYLED_ITEM ( 'NONE', ( #729 ), #4437 ) ;
#6167 = CARTESIAN_POINT ( 'NONE',  ( -1.806095522657784835, -0.9190406258255605643, 1.700000000000000178 ) ) ;
#6168 = CARTESIAN_POINT ( 'NONE',  ( 2.265916554534186389, -1.774475332177467335, 0.1677911918680879688 ) ) ;
#6169 = SURFACE_SIDE_STYLE ('',( #4099 ) ) ;
#6170 = LINE ( 'NONE', #3658, #5517 ) ;
#6171 = AXIS2_PLACEMENT_3D ( 'NONE', #4743, #6179, #5111 ) ;
#6172 = EDGE_LOOP ( 'NONE', ( #6461, #5771, #5858, #1562 ) ) ;
#6173 = VECTOR ( 'NONE', #3113, 1000.000000000000000 ) ;
#6174 = PLANE ( 'NONE',  #4943 ) ;
#6175 = DIRECTION ( 'NONE',  ( 0.0000000000000000000, -0.1364901473335454474, 0.9906414284093245648 ) ) ;
#6176 = ORIENTED_EDGE ( 'NONE', *, *, #2135, .T. ) ;
#6177 = CARTESIAN_POINT ( 'NONE',  ( -2.245982507821993934, 1.806942131948885866, 1.655661894794970834 ) ) ;
#6178 = EDGE_LOOP ( 'NONE', ( #2413, #5577, #1232, #6125 ) ) ;
#6179 = DIRECTION ( 'NONE',  ( 0.0000000000000000000, 0.0000000000000000000, 1.000000000000000000 ) ) ;
#6180 = LINE ( 'NONE', #4209, #332 ) ;
#6181 = DIRECTION ( 'NONE',  ( 1.000000000000000000, 0.0000000000000000000, 0.0000000000000000000 ) ) ;
#6182 = LINE ( 'NONE', #5082, #5301 ) ;
#6183 = VERTEX_POINT ( 'NONE', #1079 ) ;
#6184 = ORIENTED_EDGE ( 'NONE', *, *, #3150, .F. ) ;
#6185 = SURFACE_STYLE_FILL_AREA ( #3060 ) ;
#6186 = EDGE_CURVE ( 'NONE', #779, #1221, #6210, .T. ) ;
#6187 = ADVANCED_FACE ( 'NONE', ( #515 ), #3684, .F. ) ;
#6188 = DIRECTION ( 'NONE',  ( 0.0000000000000000000, 0.1364901473335441706, 0.9906414284093247868 ) ) ;
#6189 = EDGE_CURVE ( 'NONE', #4180, #2297, #1944, .T. ) ;
#6190 = LINE ( 'NONE', #1049, #1708 ) ;
#6191 = AXIS2_PLACEMENT_3D ( 'NONE', #6400, #296, #2276 ) ;
#6192 = ORIENTED_EDGE ( 'NONE', *, *, #2869, .T. ) ;
#6193 = VECTOR ( 'NONE', #1410, 1000.000000000000000 ) ;
#6194 = DIRECTION ( 'NONE',  ( 0.0000000000000000000, 0.0000000000000000000, 1.000000000000000000 ) ) ;
#6195 = DIRECTION ( 'NONE',  ( 0.0000000000000000000, -0.9975640502598247528, 0.06975647374411884927 ) ) ;
#6196 = COLOUR_RGB ( '',0.8784313725490195957, 0.8784313725490195957, 0.8784313725490195957 ) ;
#6197 = SURFACE_SIDE_STYLE ('',( #4687 ) ) ;
#6198 = EDGE_LOOP ( 'NONE', ( #3083, #2032, #4614, #747 ) ) ;
#6199 = PLANE ( 'NONE',  #1473 ) ;
#6200 = VECTOR ( 'NONE', #3912, 1000.000000000000227 ) ;
#6201 = CARTESIAN_POINT ( 'NONE',  ( -0.4300000000000000488, 2.428942239050485785, 0.3406648180831462480 ) ) ;
#6202 = CARTESIAN_POINT ( 'NONE',  ( 2.219263736772203899, 1.806891044354267395, 0.1939065328297286672 ) ) ;
#6203 = UNCERTAINTY_MEASURE_WITH_UNIT (LENGTH_MEASURE( 1.000000000000000082E-05 ), #1164, 'distance_accuracy_value', 'NONE');
#6204 = ORIENTED_EDGE ( 'NONE', *, *, #4191, .T. ) ;
#6205 = DIRECTION ( 'NONE',  ( -1.000000000000000000, 0.0000000000000000000, -0.0000000000000000000 ) ) ;
#6206 = VECTOR ( 'NONE', #3361, 1000.000000000000000 ) ;
#6207 = CYLINDRICAL_SURFACE ( 'NONE', #917, 0.09999999999999988065 ) ;
#6208 = CARTESIAN_POINT ( 'NONE',  ( -2.109999999999999876, 2.421966591676075975, 0.2409084130571637061 ) ) ;
#6209 = CARTESIAN_POINT ( 'NONE',  ( -0.4300000000000000488, 2.269403886918007984, 0.7659358151225240663 ) ) ;
#6210 = CIRCLE ( 'NONE', #5584, 0.09999999999999988065 ) ;
#6211 = UNCERTAINTY_MEASURE_WITH_UNIT (LENGTH_MEASURE( 1.000000000000000082E-05 ), #2252, 'distance_accuracy_value', 'NONE');
#6212 = VERTEX_POINT ( 'NONE', #4400 ) ;
#6213 = SURFACE_STYLE_FILL_AREA ( #4703 ) ;
#6214 = VECTOR ( 'NONE', #1818, 1000.000000000000000 ) ;
#6215 = CARTESIAN_POINT ( 'NONE',  ( 2.296379578609461625, -1.884379578609461259, 1.025000000000000133 ) ) ;
#6216 = LINE ( 'NONE', #5721, #3706 ) ;
#6217 = ORIENTED_EDGE ( 'NONE', *, *, #1346, .F. ) ;
#6218 = AXIS2_PLACEMENT_3D ( 'NONE', #5938, #2394, #1910 ) ;
#6219 = ORIENTED_EDGE ( 'NONE', *, *, #5750, .T. ) ;
#6220 = AXIS2_PLACEMENT_3D ( 'NONE', #6048, #4967, #1347 ) ;
#6221 = PRESENTATION_LAYER_ASSIGNMENT (  '', '', ( #2495 ) ) ;
#6222 = CYLINDRICAL_SURFACE ( 'NONE', #6126, 0.3000000000000001554 ) ;
#6223 = FILL_AREA_STYLE ('',( #110 ) ) ;
#6224 =( NAMED_UNIT ( * ) SI_UNIT ( $, .STERADIAN. ) SOLID_ANGLE_UNIT ( ) );
#6225 = SURFACE_SIDE_STYLE ('',( #3163 ) ) ;
#6226 = CARTESIAN_POINT ( 'NONE',  ( -1.699999999999999956, 2.428942239050485785, 0.3406648180831462480 ) ) ;
#6227 = PRESENTATION_LAYER_ASSIGNMENT (  '', '', ( #3331 ) ) ;
#6228 = ORIENTED_EDGE ( 'NONE', *, *, #5157, .T. ) ;
#6229 = MECHANICAL_DESIGN_GEOMETRIC_PRESENTATION_REPRESENTATION (  '', ( #2189 ), #4527 ) ;
#6230 = DIRECTION ( 'NONE',  ( -0.0000000000000000000, -1.000000000000000000, -0.0000000000000000000 ) ) ;
#6231 = SURFACE_STYLE_FILL_AREA ( #4194 ) ;
#6232 = ORIENTED_EDGE ( 'NONE', *, *, #3115, .F. ) ;
#6233 = EDGE_CURVE ( 'NONE', #5821, #443, #3340, .T. ) ;
#6234 = COLOUR_RGB ( '',0.8784313725490195957, 0.8784313725490195957, 0.8784313725490195957 ) ;
#6235 = ADVANCED_FACE ( 'NONE', ( #3482 ), #5463, .T. ) ;
#6236 = AXIS2_PLACEMENT_3D ( 'NONE', #6381, #1182, #795 ) ;
#6237 = CARTESIAN_POINT ( 'NONE',  ( -2.346379578609460559, -1.884379578609461259, 1.024988770922461212 ) ) ;
#6238 = VERTEX_POINT ( 'NONE', #6011 ) ;
#6239 = LINE ( 'NONE', #5236, #2035 ) ;
#6240 = EDGE_CURVE ( 'NONE', #5995, #1611, #4994, .T. ) ;
#6241 = DIRECTION ( 'NONE',  ( -1.000000000000000000, 0.0000000000000000000, -0.0000000000000000000 ) ) ;
#6242 = ORIENTED_EDGE ( 'NONE', *, *, #5913, .T. ) ;
#6243 = SURFACE_SIDE_STYLE ('',( #2191 ) ) ;
#6244 = AXIS2_PLACEMENT_3D ( 'NONE', #2292, #4249, #1830 ) ;
#6245 = LINE ( 'NONE', #4777, #934 ) ;
#6246 = DIRECTION ( 'NONE',  ( -1.203666025518184160E-16, 1.000000000000000000, 0.0000000000000000000 ) ) ;
#6247 = ORIENTED_EDGE ( 'NONE', *, *, #1272, .T. ) ;
#6248 = EDGE_CURVE ( 'NONE', #1852, #4195, #2882, .T. ) ;
#6249 = ORIENTED_EDGE ( 'NONE', *, *, #6595, .T. ) ;
#6250 =( GEOMETRIC_REPRESENTATION_CONTEXT ( 3 ) GLOBAL_UNCERTAINTY_ASSIGNED_CONTEXT ( ( #2920 ) ) GLOBAL_UNIT_ASSIGNED_CONTEXT ( ( #651, #4305, #6339 ) ) REPRESENTATION_CONTEXT ( 'NONE', 'WORKASPACE' ) );
#6251 = AXIS2_PLACEMENT_3D ( 'NONE', #1974, #1442, #3851 ) ;
#6252 = DIRECTION ( 'NONE',  ( -1.000000000000000000, -0.0000000000000000000, -0.0000000000000000000 ) ) ;
#6253 =( GEOMETRIC_REPRESENTATION_CONTEXT ( 3 ) GLOBAL_UNCERTAINTY_ASSIGNED_CONTEXT ( ( #5752 ) ) GLOBAL_UNIT_ASSIGNED_CONTEXT ( ( #3584, #3006, #2588 ) ) REPRESENTATION_CONTEXT ( 'NONE', 'WORKASPACE' ) );
#6254 = ORIENTED_EDGE ( 'NONE', *, *, #3287, .T. ) ;
#6255 = AXIS2_PLACEMENT_3D ( 'NONE', #1470, #3402, #4888 ) ;
#6256 = VERTEX_POINT ( 'NONE', #5980 ) ;
#6257 = FILL_AREA_STYLE_COLOUR ( '', #1345 ) ;
#6258 = VECTOR ( 'NONE', #4910, 1000.000000000000000 ) ;
#6259 = CYLINDRICAL_SURFACE ( 'NONE', #1873, 0.09999999999999988065 ) ;
#6260 = SURFACE_STYLE_USAGE ( .BOTH. , #613 ) ;
#6261 = LINE ( 'NONE', #5358, #6515 ) ;
#6262 = ORIENTED_EDGE ( 'NONE', *, *, #4398, .F. ) ;
#6263 = STYLED_ITEM ( 'NONE', ( #6415 ), #4065 ) ;
#6264 = LINE ( 'NONE', #5877, #3774 ) ;
#6265 =( GEOMETRIC_REPRESENTATION_CONTEXT ( 3 ) GLOBAL_UNCERTAINTY_ASSIGNED_CONTEXT ( ( #4409 ) ) GLOBAL_UNIT_ASSIGNED_CONTEXT ( ( #4000, #960, #2987 ) ) REPRESENTATION_CONTEXT ( 'NONE', 'WORKASPACE' ) );
#6266 = LINE ( 'NONE', #5774, #3548 ) ;
#6267 = CARTESIAN_POINT ( 'NONE',  ( 0.0000000000000000000, 1.806891044354269171, 1.656093467170257849 ) ) ;
#6268 = EDGE_CURVE ( 'NONE', #3164, #3440, #321, .T. ) ;
#6269 = ORIENTED_EDGE ( 'NONE', *, *, #452, .T. ) ;
#6270 = LINE ( 'NONE', #256, #660 ) ;
#6271 =( NAMED_UNIT ( * ) SI_UNIT ( $, .STERADIAN. ) SOLID_ANGLE_UNIT ( ) );
#6272 = CARTESIAN_POINT ( 'NONE',  ( -1.699999999999999956, -1.972211458395208616, 1.024988770922461212 ) ) ;
#6273 = DIRECTION ( 'NONE',  ( 1.000000000000000000, 0.0000000000000000000, 0.0000000000000000000 ) ) ;
#6274 = EDGE_CURVE ( 'NONE', #1324, #5141, #5912, .T. ) ;
#6275 = CARTESIAN_POINT ( 'NONE',  ( 0.8400000000000001910, -2.428942239050485785, 0.3406648180831462480 ) ) ;
#6276 = EDGE_CURVE ( 'NONE', #5318, #2371, #2944, .T. ) ;
#6277 = SURFACE_SIDE_STYLE ('',( #4775 ) ) ;
#6278 = UNCERTAINTY_MEASURE_WITH_UNIT (LENGTH_MEASURE( 1.000000000000000082E-05 ), #869, 'distance_accuracy_value', 'NONE');
#6279 = ORIENTED_EDGE ( 'NONE', *, *, #675, .F. ) ;
#6280 = CARTESIAN_POINT ( 'NONE',  ( 0.4300000000000000488, -2.269403886918007540, 0.7659358151225242883 ) ) ;
#6281 = CYLINDRICAL_SURFACE ( 'NONE', #3374, 0.04999999999999991257 ) ;
#6282 = DIRECTION ( 'NONE',  ( 1.000000000000000000, 0.0000000000000000000, 0.0000000000000000000 ) ) ;
#6283 = VERTEX_POINT ( 'NONE', #950 ) ;
#6284 = ORIENTED_EDGE ( 'NONE', *, *, #4394, .T. ) ;
#6285 = ADVANCED_FACE ( 'NONE', ( #6433 ), #2338, .F. ) ;
#6286 = FILL_AREA_STYLE ('',( #4252 ) ) ;
#6287 = DIRECTION ( 'NONE',  ( 1.000000000000000000, 0.0000000000000000000, 0.0000000000000000000 ) ) ;
#6288 = ORIENTED_EDGE ( 'NONE', *, *, #1848, .T. ) ;
#6289 = ORIENTED_EDGE ( 'NONE', *, *, #2865, .T. ) ;
#6290 = LINE ( 'NONE', #739, #3549 ) ;
#6291 = CARTESIAN_POINT ( 'NONE',  ( 0.0000000000000000000, 1.757263736772203044, 0.1499999999999999944 ) ) ;
#6292 = CARTESIAN_POINT ( 'NONE',  ( -0.4300000000000000488, -2.408015296927252358, 0.04139560300519878888 ) ) ;
#6293 = DIRECTION ( 'NONE',  ( -1.000000000000000000, -0.0000000000000000000, -0.0000000000000000000 ) ) ;
#6294 = DIRECTION ( 'NONE',  ( 1.000000000000000000, 0.0000000000000000000, 0.0000000000000000000 ) ) ;
#6295 = MECHANICAL_DESIGN_GEOMETRIC_PRESENTATION_REPRESENTATION (  '', ( #3631 ), #854 ) ;
#6296 = FILL_AREA_STYLE_COLOUR ( '', #3870 ) ;
#6297 = DIRECTION ( 'NONE',  ( 0.0000000000000000000, 0.0000000000000000000, 1.000000000000000000 ) ) ;
#6298 = ORIENTED_EDGE ( 'NONE', *, *, #4955, .F. ) ;
#6299 = LINE ( 'NONE', #6399, #2695 ) ;
#6300 = LINE ( 'NONE', #1819, #3350 ) ;
#6301 = STYLED_ITEM ( 'NONE', ( #5022 ), #5294 ) ;
#6302 = VECTOR ( 'NONE', #2740, 1000.000000000000000 ) ;
#6303 = CARTESIAN_POINT ( 'NONE',  ( -1.699999999999999956, 2.408015296927252358, 0.04139560300519883745 ) ) ;
#6304 = EDGE_CURVE ( 'NONE', #1621, #4554, #5096, .T. ) ;
#6305 = EDGE_CURVE ( 'NONE', #5092, #3808, #4096, .T. ) ;
#6306 = PRESENTATION_LAYER_ASSIGNMENT (  '', '', ( #337 ) ) ;
#6307 = EDGE_LOOP ( 'NONE', ( #5859, #791, #4881, #1844 ) ) ;
#6308 = FACE_OUTER_BOUND ( 'NONE', #6495, .T. ) ;
#6309 = CARTESIAN_POINT ( 'NONE',  ( 2.219263736772202567, -1.348042813803152162, 1.650000000000000133 ) ) ;
#6310 =( NAMED_UNIT ( * ) PLANE_ANGLE_UNIT ( ) SI_UNIT ( $, .RADIAN. ) );
#6311 = DIRECTION ( 'NONE',  ( 0.0000000000000000000, 0.0000000000000000000, 1.000000000000000000 ) ) ;
#6312 = ORIENTED_EDGE ( 'NONE', *, *, #2945, .F. ) ;
#6313 = ORIENTED_EDGE ( 'NONE', *, *, #6470, .T. ) ;
#6314 = CARTESIAN_POINT ( 'NONE',  ( -0.8400000000000001910, -1.972211458395209505, 1.024988770922461434 ) ) ;
#6315 = ADVANCED_FACE ( 'NONE', ( #546 ), #6133, .T. ) ;
#6316 = EDGE_CURVE ( 'NONE', #3464, #1245, #1054, .T. ) ;
#6317 = MECHANICAL_DESIGN_GEOMETRIC_PRESENTATION_REPRESENTATION (  '', ( #1544 ), #5028 ) ;
#6318 = FILL_AREA_STYLE_COLOUR ( '', #3753 ) ;
#6319 =( NAMED_UNIT ( * ) SI_UNIT ( $, .STERADIAN. ) SOLID_ANGLE_UNIT ( ) );
#6320 = CYLINDRICAL_SURFACE ( 'NONE', #2941, 0.2999999999999998779 ) ;
#6321 = ORIENTED_EDGE ( 'NONE', *, *, #4814, .T. ) ;
#6322 = VECTOR ( 'NONE', #2149, 1000.000000000000000 ) ;
#6323 = ADVANCED_FACE ( 'NONE', ( #2110 ), #767, .T. ) ;
#6324 = VECTOR ( 'NONE', #4923, 1000.000000000000000 ) ;
#6325 = AXIS2_PLACEMENT_3D ( 'NONE', #876, #806, #2330 ) ;
#6326 = CARTESIAN_POINT ( 'NONE',  ( -2.219263736772202567, 1.757263736772203044, 1.650000000000000133 ) ) ;
#6327 = STYLED_ITEM ( 'NONE', ( #5971 ), #1181 ) ;
#6328 = DIRECTION ( 'NONE',  ( 0.1209730565804932739, 0.1210573863125707500, 0.9852464812425070217 ) ) ;
#6329 = PLANE ( 'NONE',  #2780 ) ;
#6330 = CARTESIAN_POINT ( 'NONE',  ( -1.699999999999999734, 1.884378714326427451, 0.8249915364978968046 ) ) ;
#6331 = CARTESIAN_POINT ( 'NONE',  ( -2.241764626010009920, -1.806240296903990350, 1.516976977261936588 ) ) ;
#6332 = CARTESIAN_POINT ( 'NONE',  ( -1.699999999999999956, 2.408015296927252358, 0.04139560300519878888 ) ) ;
#6333 = LINE ( 'NONE', #5878, #662 ) ;
#6334 = ORIENTED_EDGE ( 'NONE', *, *, #5993, .F. ) ;
#6335 = DIRECTION ( 'NONE',  ( 0.0000000000000000000, -0.9975640502598247528, -0.06975647374411841906 ) ) ;
#6336 =( LENGTH_UNIT ( ) NAMED_UNIT ( * ) SI_UNIT ( .MILLI., .METRE. ) );
#6337 = CARTESIAN_POINT ( 'NONE',  ( -2.268942131948885610, -1.349561985275091969, 1.655507998188514129 ) ) ;
#6338 = PRESENTATION_LAYER_ASSIGNMENT (  '', '', ( #3875 ) ) ;
#6339 =( NAMED_UNIT ( * ) SI_UNIT ( $, .STERADIAN. ) SOLID_ANGLE_UNIT ( ) );
#6340 = PLANE ( 'NONE',  #5339 ) ;
#6341 = UNCERTAINTY_MEASURE_WITH_UNIT (LENGTH_MEASURE( 1.000000000000000082E-05 ), #3570, 'distance_accuracy_value', 'NONE');
#6342 = VERTEX_POINT ( 'NONE', #1086 ) ;
#6343 = SURFACE_SIDE_STYLE ('',( #196 ) ) ;
#6344 = SURFACE_STYLE_USAGE ( .BOTH. , #3833 ) ;
#6345 = LINE ( 'NONE', #5758, #1130 ) ;
#6346 = ORIENTED_EDGE ( 'NONE', *, *, #3489, .F. ) ;
#6347 = COLOUR_RGB ( '',0.8784313725490195957, 0.8784313725490195957, 0.8784313725490195957 ) ;
#6348 = ORIENTED_EDGE ( 'NONE', *, *, #1512, .T. ) ;
#6349 = CARTESIAN_POINT ( 'NONE',  ( 0.8400000000000001910, -2.269403886918007984, 0.7659358151225240663 ) ) ;
#6350 =( GEOMETRIC_REPRESENTATION_CONTEXT ( 3 ) GLOBAL_UNCERTAINTY_ASSIGNED_CONTEXT ( ( #5281 ) ) GLOBAL_UNIT_ASSIGNED_CONTEXT ( ( #652, #5818, #2827 ) ) REPRESENTATION_CONTEXT ( 'NONE', 'WORKASPACE' ) );
#6351 = FILL_AREA_STYLE_COLOUR ( '', #2998 ) ;
#6352 = EDGE_CURVE ( 'NONE', #3000, #1354, #5606, .T. ) ;
#6353 = ORIENTED_EDGE ( 'NONE', *, *, #6121, .T. ) ;
#6354 = MECHANICAL_DESIGN_GEOMETRIC_PRESENTATION_REPRESENTATION (  '', ( #3898 ), #1364 ) ;
#6355 =( NAMED_UNIT ( * ) SI_UNIT ( $, .STERADIAN. ) SOLID_ANGLE_UNIT ( ) );
#6356 = SURFACE_STYLE_USAGE ( .BOTH. , #4325 ) ;
#6357 = PRESENTATION_LAYER_ASSIGNMENT (  '', '', ( #3039 ) ) ;
#6358 = EDGE_CURVE ( 'NONE', #3665, #2070, #3098, .T. ) ;
#6359 = DIRECTION ( 'NONE',  ( 1.000000000000000000, 0.0000000000000000000, 0.0000000000000000000 ) ) ;
#6360 = DIRECTION ( 'NONE',  ( 0.0000000000000000000, -0.1364901473335454474, -0.9906414284093245648 ) ) ;
#6361 = ORIENTED_EDGE ( 'NONE', *, *, #439, .T. ) ;
#6362 = AXIS2_PLACEMENT_3D ( 'NONE', #2435, #6016, #3519 ) ;
#6363 = DIRECTION ( 'NONE',  ( 0.0000000000000000000, 0.0000000000000000000, 1.000000000000000000 ) ) ;
#6364 = PLANE ( 'NONE',  #2903 ) ;
#6365 = DIRECTION ( 'NONE',  ( -1.000000000000000000, -0.0000000000000000000, -0.0000000000000000000 ) ) ;
#6366 = LINE ( 'NONE', #6237, #1078 ) ;
#6367 = ADVANCED_FACE ( 'NONE', ( #3516 ), #3134, .T. ) ;
#6368 = ORIENTED_EDGE ( 'NONE', *, *, #2163, .T. ) ;
#6369 = DIRECTION ( 'NONE',  ( 1.000000000000000000, -0.0000000000000000000, 0.0000000000000000000 ) ) ;
#6370 = FACE_OUTER_BOUND ( 'NONE', #142, .T. ) ;
#6371 = CARTESIAN_POINT ( 'NONE',  ( 2.219263736772202567, 1.757263736772203044, 1.650000000000000133 ) ) ;
#6372 = MECHANICAL_DESIGN_GEOMETRIC_PRESENTATION_REPRESENTATION (  '', ( #3911 ), #6160 ) ;
#6373 = VECTOR ( 'NONE', #4152, 1000.000000000000000 ) ;
#6374 = ORIENTED_EDGE ( 'NONE', *, *, #1292, .T. ) ;
#6375 = FILL_AREA_STYLE_COLOUR ( '', #714 ) ;
#6376 = LINE ( 'NONE', #826, #1076 ) ;
#6377 = CARTESIAN_POINT ( 'NONE',  ( 0.8400000000000001910, 2.428942239050485785, 1.024988770922461212 ) ) ;
#6378 =( NAMED_UNIT ( * ) SI_UNIT ( $, .STERADIAN. ) SOLID_ANGLE_UNIT ( ) );
#6379 = ORIENTED_EDGE ( 'NONE', *, *, #704, .F. ) ;
#6380 = SURFACE_SIDE_STYLE ('',( #4875 ) ) ;
#6381 = CARTESIAN_POINT ( 'NONE',  ( -2.219263736772203011, 1.757263736772203044, 0.1999999999999999833 ) ) ;
#6382 = DIRECTION ( 'NONE',  ( 0.0000000000000000000, 0.0000000000000000000, 1.000000000000000000 ) ) ;
#6383 = CARTESIAN_POINT ( 'NONE',  ( -1.699999999999999956, -3.000000000000000000, 0.0000000000000000000 ) ) ;
#6384 = CARTESIAN_POINT ( 'NONE',  ( 0.0000000000000000000, 0.0000000000000000000, 0.1499999999999999944 ) ) ;
#6385 = VERTEX_POINT ( 'NONE', #2139 ) ;
#6386 = ORIENTED_EDGE ( 'NONE', *, *, #5220, .T. ) ;
#6387 = EDGE_CURVE ( 'NONE', #5323, #5830, #1019, .T. ) ;
#6388 =( NAMED_UNIT ( * ) PLANE_ANGLE_UNIT ( ) SI_UNIT ( $, .RADIAN. ) );
#6389 = LINE ( 'NONE', #2266, #5191 ) ;
#6390 = PLANE ( 'NONE',  #4063 ) ;
#6391 = ORIENTED_EDGE ( 'NONE', *, *, #76, .T. ) ;
#6392 = ADVANCED_FACE ( 'NONE', ( #455 ), #2014, .T. ) ;
#6393 = SURFACE_STYLE_FILL_AREA ( #4367 ) ;
#6394 = EDGE_CURVE ( 'NONE', #2348, #5435, #2206, .T. ) ;
#6395 = PRESENTATION_STYLE_ASSIGNMENT (( #1916 ) ) ;
#6396 = VECTOR ( 'NONE', #3803, 1000.000000000000000 ) ;
#6397 = SURFACE_STYLE_FILL_AREA ( #3852 ) ;
#6398 = ORIENTED_EDGE ( 'NONE', *, *, #6316, .T. ) ;
#6399 = CARTESIAN_POINT ( 'NONE',  ( -1.699999999999999956, 2.071275601236143071, 0.7386377856558151711 ) ) ;
#6400 = CARTESIAN_POINT ( 'NONE',  ( -2.297478555712157089, -1.835478555712157789, 1.012991418751703732 ) ) ;
#6401 = CARTESIAN_POINT ( 'NONE',  ( -1.699999999999999956, 3.013951294748823617, 0.1995128100519649450 ) ) ;
#6402 = CARTESIAN_POINT ( 'NONE',  ( -2.296565235439750108, -1.884378889230783560, 1.025005614538769594 ) ) ;
#6403 = EDGE_CURVE ( 'NONE', #3, #4816, #177, .T. ) ;
#6404 =( LENGTH_UNIT ( ) NAMED_UNIT ( * ) SI_UNIT ( .MILLI., .METRE. ) );
#6405 = CIRCLE ( 'NONE', #637, 0.2000000000000003164 ) ;
#6406 = UNCERTAINTY_MEASURE_WITH_UNIT (LENGTH_MEASURE( 1.000000000000000082E-05 ), #3448, 'distance_accuracy_value', 'NONE');
#6407 = ORIENTED_EDGE ( 'NONE', *, *, #1582, .T. ) ;
#6408 = CARTESIAN_POINT ( 'NONE',  ( -2.219263736772203011, -1.757263736772203044, 0.1999999999999999833 ) ) ;
#6409 = ORIENTED_EDGE ( 'NONE', *, *, #1224, .T. ) ;
#6410 = ORIENTED_EDGE ( 'NONE', *, *, #190, .F. ) ;
#6411 = CARTESIAN_POINT ( 'NONE',  ( 1.700000000000000178, 1.972211458395209061, 1.024988770922461434 ) ) ;
#6412 = DIRECTION ( 'NONE',  ( -1.000000000000000000, -0.0000000000000000000, -0.0000000000000000000 ) ) ;
#6413 = SURFACE_STYLE_USAGE ( .BOTH. , #5349 ) ;
#6414 =( GEOMETRIC_REPRESENTATION_CONTEXT ( 3 ) GLOBAL_UNCERTAINTY_ASSIGNED_CONTEXT ( ( #2031 ) ) GLOBAL_UNIT_ASSIGNED_CONTEXT ( ( #3591, #1548, #2566 ) ) REPRESENTATION_CONTEXT ( 'NONE', 'WORKASPACE' ) );
#6415 = PRESENTATION_STYLE_ASSIGNMENT (( #4383 ) ) ;
#6416 = CARTESIAN_POINT ( 'NONE',  ( -0.4300000000000000488, 3.000000000000000000, 0.0000000000000000000 ) ) ;
#6417 = SURFACE_STYLE_FILL_AREA ( #2838 ) ;
#6418 = ORIENTED_EDGE ( 'NONE', *, *, #2450, .F. ) ;
#6419 =( GEOMETRIC_REPRESENTATION_CONTEXT ( 3 ) GLOBAL_UNCERTAINTY_ASSIGNED_CONTEXT ( ( #2996 ) ) GLOBAL_UNIT_ASSIGNED_CONTEXT ( ( #5452, #2428, #842 ) ) REPRESENTATION_CONTEXT ( 'NONE', 'WORKASPACE' ) );
#6420 = VECTOR ( 'NONE', #423, 1000.000000000000000 ) ;
#6421 = CARTESIAN_POINT ( 'NONE',  ( -2.267531725758090921, -1.829022005086248015, 1.475851256185120697 ) ) ;
#6422 = PLANE ( 'NONE',  #451 ) ;
#6423 = DIRECTION ( 'NONE',  ( 0.0000000000000000000, 0.9906414284093247868, -0.1364901473335445592 ) ) ;
#6424 = LINE ( 'NONE', #5941, #763 ) ;
#6425 = DIRECTION ( 'NONE',  ( 0.0000000000000000000, -0.9975640502598247528, 0.06975647374411841906 ) ) ;
#6426 = DIRECTION ( 'NONE',  ( -1.000000000000000000, -0.0000000000000000000, -0.0000000000000000000 ) ) ;
#6427 =( GEOMETRIC_REPRESENTATION_CONTEXT ( 3 ) GLOBAL_UNCERTAINTY_ASSIGNED_CONTEXT ( ( #4008 ) ) GLOBAL_UNIT_ASSIGNED_CONTEXT ( ( #4858, #4263, #5809 ) ) REPRESENTATION_CONTEXT ( 'NONE', 'WORKASPACE' ) );
#6428 = SURFACE_STYLE_FILL_AREA ( #4392 ) ;
#6429 = ORIENTED_EDGE ( 'NONE', *, *, #51, .F. ) ;
#6430 = STYLED_ITEM ( 'NONE', ( #4126 ), #4699 ) ;
#6431 = CARTESIAN_POINT ( 'NONE',  ( 2.346270918623760693, -1.863682208799348095, 1.026767660639605229 ) ) ;
#6432 = CIRCLE ( 'NONE', #1858, 0.04999999999999991257 ) ;
#6433 = FACE_OUTER_BOUND ( 'NONE', #4107, .T. ) ;
#6434 = DIRECTION ( 'NONE',  ( -0.9925461516413220942, 4.336808689942013003E-15, -0.1218693434051463520 ) ) ;
#6435 = ORIENTED_EDGE ( 'NONE', *, *, #6144, .F. ) ;
#6436 = DIRECTION ( 'NONE',  ( 0.0000000000000000000, -0.1364901473335445314, 0.9906414284093246758 ) ) ;
#6437 = FILL_AREA_STYLE ('',( #5534 ) ) ;
#6438 = ADVANCED_FACE ( 'NONE', ( #4718 ), #6259, .F. ) ;
#6439 = CARTESIAN_POINT ( 'NONE',  ( 1.700000000000000178, -2.071275601236143071, 0.7386377856558155042 ) ) ;
#6440 =( NAMED_UNIT ( * ) SI_UNIT ( $, .STERADIAN. ) SOLID_ANGLE_UNIT ( ) );
#6441 = VECTOR ( 'NONE', #1976, 1000.000000000000114 ) ;
#6442 = ORIENTED_EDGE ( 'NONE', *, *, #3394, .F. ) ;
#6443 = SURFACE_SIDE_STYLE ('',( #4344 ) ) ;
#6444 = FILL_AREA_STYLE_COLOUR ( '', #3156 ) ;
#6445 = DIRECTION ( 'NONE',  ( -1.000000000000000000, 0.0000000000000000000, 0.0000000000000000000 ) ) ;
#6446 = VERTEX_POINT ( 'NONE', #2750 ) ;
#6447 = ORIENTED_EDGE ( 'NONE', *, *, #5543, .T. ) ;
#6448 = VECTOR ( 'NONE', #4876, 1000.000000000000114 ) ;
#6449 = CARTESIAN_POINT ( 'NONE',  ( 0.4299999999999998268, 1.884378541981758026, 0.8249915364978968046 ) ) ;
#6450 = SURFACE_STYLE_FILL_AREA ( #5079 ) ;
#6451 = AXIS2_PLACEMENT_3D ( 'NONE', #4612, #6147, #1598 ) ;
#6452 = ORIENTED_EDGE ( 'NONE', *, *, #2013, .T. ) ;
#6453 = ORIENTED_EDGE ( 'NONE', *, *, #594, .T. ) ;
#6454 = AXIS2_PLACEMENT_3D ( 'NONE', #2576, #41, #2091 ) ;
#6455 = SURFACE_STYLE_FILL_AREA ( #2036 ) ;
#6456 = CARTESIAN_POINT ( 'NONE',  ( 0.8400000000000001910, 2.071275601236143071, 0.7386377856558155042 ) ) ;
#6457 = SURFACE_STYLE_FILL_AREA ( #4984 ) ;
#6458 = SURFACE_SIDE_STYLE ('',( #5974 ) ) ;
#6459 = AXIS2_PLACEMENT_3D ( 'NONE', #956, #5404, #2856 ) ;
#6460 =( LENGTH_UNIT ( ) NAMED_UNIT ( * ) SI_UNIT ( .MILLI., .METRE. ) );
#6461 = ORIENTED_EDGE ( 'NONE', *, *, #5312, .T. ) ;
#6462 = CARTESIAN_POINT ( 'NONE',  ( -2.288605220630223869, -1.779486039051728419, 1.498796077530702542 ) ) ;
#6463 = CARTESIAN_POINT ( 'NONE',  ( 0.8400000000000001910, 2.408015296927252358, 0.04139560300519883745 ) ) ;
#6464 = FACE_OUTER_BOUND ( 'NONE', #6514, .T. ) ;
#6465 = ORIENTED_EDGE ( 'NONE', *, *, #2324, .T. ) ;
#6466 = DIRECTION ( 'NONE',  ( 0.0000000000000000000, -0.9975640502598247528, 0.06975647374411841906 ) ) ;
#6467 = COLOUR_RGB ( '',0.8784313725490195957, 0.8784313725490195957, 0.8784313725490195957 ) ;
#6468 = LINE ( 'NONE', #4901, #2006 ) ;
#6469 = EDGE_CURVE ( 'NONE', #2159, #6529, #1183, .T. ) ;
#6470 = EDGE_CURVE ( 'NONE', #5009, #759, #6290, .T. ) ;
#6471 = CARTESIAN_POINT ( 'NONE',  ( -0.4300000000000000488, -3.000000000000000000, 0.0000000000000000000 ) ) ;
#6472 = AXIS2_PLACEMENT_3D ( 'NONE', #6544, #534, #4048 ) ;
#6473 = MECHANICAL_DESIGN_GEOMETRIC_PRESENTATION_REPRESENTATION (  '', ( #5529 ), #5311 ) ;
#6474 = UNCERTAINTY_MEASURE_WITH_UNIT (LENGTH_MEASURE( 1.000000000000000082E-05 ), #4075, 'distance_accuracy_value', 'NONE');
#6475 = ORIENTED_EDGE ( 'NONE', *, *, #4191, .F. ) ;
#6476 = EDGE_CURVE ( 'NONE', #5288, #1413, #2300, .T. ) ;
#6477 = PLANE ( 'NONE',  #92 ) ;
#6478 = DIRECTION ( 'NONE',  ( -1.000000000000000000, 0.0000000000000000000, 0.0000000000000000000 ) ) ;
#6479 = ORIENTED_EDGE ( 'NONE', *, *, #2293, .T. ) ;
#6480 = VECTOR ( 'NONE', #5143, 1000.000000000000114 ) ;
#6481 = EDGE_CURVE ( 'NONE', #561, #4925, #5262, .T. ) ;
#6482 = CARTESIAN_POINT ( 'NONE',  ( 1.700000000000000178, -2.428942239050485341, 0.8249887709224618115 ) ) ;
#6483 =( GEOMETRIC_REPRESENTATION_CONTEXT ( 3 ) GLOBAL_UNCERTAINTY_ASSIGNED_CONTEXT ( ( #2147 ) ) GLOBAL_UNIT_ASSIGNED_CONTEXT ( ( #626, #4149, #3639 ) ) REPRESENTATION_CONTEXT ( 'NONE', 'WORKASPACE' ) );
#6484 = VERTEX_POINT ( 'NONE', #4488 ) ;
#6485 = CARTESIAN_POINT ( 'NONE',  ( -0.8400000000000001910, -3.013951294748823617, 0.1995128100519648617 ) ) ;
#6486 = VECTOR ( 'NONE', #6205, 1000.000000000000000 ) ;
#6487 = ADVANCED_FACE ( 'NONE', ( #3844 ), #2818, .T. ) ;
#6488 = DIRECTION ( 'NONE',  ( -0.0000000000000000000, -1.000000000000000000, 1.234386826208250825E-15 ) ) ;
#6489 = CARTESIAN_POINT ( 'NONE',  ( -0.4300000000000000488, -1.972211458395209949, 0.8249887709224614785 ) ) ;
#6490 = SURFACE_SIDE_STYLE ('',( #6005 ) ) ;
#6491 = ORIENTED_EDGE ( 'NONE', *, *, #74, .T. ) ;
#6492 = CARTESIAN_POINT ( 'NONE',  ( 2.296565235439751440, -1.884378889230784004, 0.8249943854612306060 ) ) ;
#6493 =( NAMED_UNIT ( * ) SI_UNIT ( $, .STERADIAN. ) SOLID_ANGLE_UNIT ( ) );
#6494 = CARTESIAN_POINT ( 'NONE',  ( 2.109999999999999876, -1.972211458395209949, 0.8249887709224614785 ) ) ;
#6495 = EDGE_LOOP ( 'NONE', ( #5056, #4701, #481, #1179, #4537, #1107, #26, #5717, #3028, #3725, #510, #1453 ) ) ;
#6496 = PRESENTATION_STYLE_ASSIGNMENT (( #1448 ) ) ;
#6497 = SURFACE_STYLE_FILL_AREA ( #1483 ) ;
#6498 = CYLINDRICAL_SURFACE ( 'NONE', #3035, 0.1000000000000002554 ) ;
#6499 = LINE ( 'NONE', #957, #465 ) ;
#6500 = VERTEX_POINT ( 'NONE', #1327 ) ;
#6501 = FACE_OUTER_BOUND ( 'NONE', #6571, .T. ) ;
#6502 =( NAMED_UNIT ( * ) PLANE_ANGLE_UNIT ( ) SI_UNIT ( $, .RADIAN. ) );
#6503 = SURFACE_SIDE_STYLE ('',( #36 ) ) ;
#6504 = AXIS2_PLACEMENT_3D ( 'NONE', #4268, #4861, #1755 ) ;
#6505 = EDGE_LOOP ( 'NONE', ( #4207, #1386, #6346, #3954 ) ) ;
#6506 = CARTESIAN_POINT ( 'NONE',  ( 2.219263736772202567, 1.806942131948884755, 0.1943381052050159874 ) ) ;
#6507 = DIRECTION ( 'NONE',  ( 0.0000000000000000000, 0.0000000000000000000, 1.000000000000000000 ) ) ;
#6508 = COLOUR_RGB ( '',1.000000000000000000, 1.000000000000000000, 1.000000000000000000 ) ;
#6509 = VECTOR ( 'NONE', #2978, 1000.000000000000227 ) ;
#6510 = CARTESIAN_POINT ( 'NONE',  ( 0.8400000000000001910, 2.269403886918007984, 0.7659358151225240663 ) ) ;
#6511 = LINE ( 'NONE', #1361, #5407 ) ;
#6512 = ORIENTED_EDGE ( 'NONE', *, *, #5549, .T. ) ;
#6513 = EDGE_CURVE ( 'NONE', #3692, #3592, #137, .T. ) ;
#6514 = EDGE_LOOP ( 'NONE', ( #3868, #2081, #5845, #3029 ) ) ;
#6515 = VECTOR ( 'NONE', #286, 1000.000000000000227 ) ;
#6516 = FACE_OUTER_BOUND ( 'NONE', #418, .T. ) ;
#6517 = DIRECTION ( 'NONE',  ( -1.000000000000000000, -0.0000000000000000000, -0.0000000000000000000 ) ) ;
#6518 = CARTESIAN_POINT ( 'NONE',  ( -2.245982507821995267, 1.783982507821995078, 0.1499999999999999944 ) ) ;
#6519 = VECTOR ( 'NONE', #249, 1000.000000000000227 ) ;
#6520 = DIRECTION ( 'NONE',  ( 1.000000000000000000, 0.0000000000000000000, 0.0000000000000000000 ) ) ;
#6521 = FILL_AREA_STYLE ('',( #421 ) ) ;
#6522 = CARTESIAN_POINT ( 'NONE',  ( 0.8400000000000001910, 1.884378199852105862, 0.8249887709224611454 ) ) ;
#6523 = VERTEX_POINT ( 'NONE', #6456 ) ;
#6524 =( GEOMETRIC_REPRESENTATION_CONTEXT ( 3 ) GLOBAL_UNCERTAINTY_ASSIGNED_CONTEXT ( ( #1570 ) ) GLOBAL_UNIT_ASSIGNED_CONTEXT ( ( #638, #4719, #2207 ) ) REPRESENTATION_CONTEXT ( 'NONE', 'WORKASPACE' ) );
#6525 = CARTESIAN_POINT ( 'NONE',  ( -2.268623383440116381, -1.826395645717828975, 1.499145030950395752 ) ) ;
#6526 =( BOUNDED_CURVE ( )  B_SPLINE_CURVE ( 3, ( #649, #6115, #1098, #4578 ),
 .UNSPECIFIED., .F., .T. ) 
 B_SPLINE_CURVE_WITH_KNOTS ( ( 4, 4 ),
 ( 5.501507132124494603, 7.064860546621317461 ),
 .UNSPECIFIED. ) 
 CURVE ( )  GEOMETRIC_REPRESENTATION_ITEM ( )  RATIONAL_B_SPLINE_CURVE ( ( 1.000000000000000000, 0.8064888970352059872, 0.8064888970352059872, 1.000000000000000000 ) ) 
 REPRESENTATION_ITEM ( '' )  );
#6527 = LINE ( 'NONE', #1945, #2801 ) ;
#6528 = AXIS2_PLACEMENT_3D ( 'NONE', #6069, #1046, #3508 ) ;
#6529 = VERTEX_POINT ( 'NONE', #3333 ) ;
#6530 = CARTESIAN_POINT ( 'NONE',  ( -1.699999999999999956, 1.972211458395209949, 0.7249887709224612786 ) ) ;
#6531 = CYLINDRICAL_SURFACE ( 'NONE', #6459, 0.2999999999999998779 ) ;
#6532 = AXIS2_PLACEMENT_3D ( 'NONE', #3049, #5103, #527 ) ;
#6533 = AXIS2_PLACEMENT_3D ( 'NONE', #5615, #4606, #4104 ) ;
#6534 = STYLED_ITEM ( 'NONE', ( #5324 ), #6438 ) ;
#6535 = CARTESIAN_POINT ( 'NONE',  ( 1.700000000000000178, -2.408015296927252358, 0.04139560300519878888 ) ) ;
#6536 = VERTEX_POINT ( 'NONE', #1970 ) ;
#6537 =( NAMED_UNIT ( * ) PLANE_ANGLE_UNIT ( ) SI_UNIT ( $, .RADIAN. ) );
#6538 = FILL_AREA_STYLE ('',( #2510 ) ) ;
#6539 = AXIS2_PLACEMENT_3D ( 'NONE', #1859, #5512, #4472 ) ;
#6540 = DIRECTION ( 'NONE',  ( 0.0000000000000000000, -0.06975647374411883539, -0.9975640502598246417 ) ) ;
#6541 =( NAMED_UNIT ( * ) PLANE_ANGLE_UNIT ( ) SI_UNIT ( $, .RADIAN. ) );
#6542 = ADVANCED_FACE ( 'NONE', ( #3397 ), #4915, .T. ) ;
#6543 = SURFACE_STYLE_FILL_AREA ( #622 ) ;
#6544 = CARTESIAN_POINT ( 'NONE',  ( 0.8400000000000001910, -2.428942239050485785, 0.3406648180831462480 ) ) ;
#6545 =( NAMED_UNIT ( * ) SI_UNIT ( $, .STERADIAN. ) SOLID_ANGLE_UNIT ( ) );
#6546 = EDGE_LOOP ( 'NONE', ( #737, #5684, #1684, #5563 ) ) ;
#6547 = EDGE_LOOP ( 'NONE', ( #1934, #195, #4131, #2033 ) ) ;
#6548 =( NAMED_UNIT ( * ) SI_UNIT ( $, .STERADIAN. ) SOLID_ANGLE_UNIT ( ) );
#6549 =( NAMED_UNIT ( * ) SI_UNIT ( $, .STERADIAN. ) SOLID_ANGLE_UNIT ( ) );
#6550 = AXIS2_PLACEMENT_3D ( 'NONE', #4077, #3671, #5210 ) ;
#6551 = EDGE_CURVE ( 'NONE', #4587, #2212, #2936, .T. ) ;
#6552 = DIRECTION ( 'NONE',  ( 0.0000000000000000000, -0.06975647374411883539, -0.9975640502598246417 ) ) ;
#6553 = SURFACE_SIDE_STYLE ('',( #2067 ) ) ;
#6554 = EDGE_CURVE ( 'NONE', #731, #1011, #5388, .T. ) ;
#6555 = ORIENTED_EDGE ( 'NONE', *, *, #3081, .T. ) ;
#6556 = CYLINDRICAL_SURFACE ( 'NONE', #4540, 0.05000000000000005135 ) ;
#6557 = EDGE_CURVE ( 'NONE', #4248, #5352, #3214, .T. ) ;
#6558 = CARTESIAN_POINT ( 'NONE',  ( 0.4300000000000000488, 2.329878096209553551, 0.3270158033497921335 ) ) ;
#6559 = CARTESIAN_POINT ( 'NONE',  ( 2.219263736772203455, -1.803916554534190198, 0.1677911918680916048 ) ) ;
#6560 =( LENGTH_UNIT ( ) NAMED_UNIT ( * ) SI_UNIT ( .MILLI., .METRE. ) );
#6561 = AXIS2_PLACEMENT_3D ( 'NONE', #5209, #1625, #3634 ) ;
#6562 = ORIENTED_EDGE ( 'NONE', *, *, #1683, .T. ) ;
#6563 = PLANE ( 'NONE',  #5038 ) ;
#6564 = PRESENTATION_STYLE_ASSIGNMENT (( #2977 ) ) ;
#6565 = VERTEX_POINT ( 'NONE', #4952 ) ;
#6566 = VECTOR ( 'NONE', #1864, 1000.000000000000000 ) ;
#6567 = VECTOR ( 'NONE', #3890, 1000.000000000000000 ) ;
#6568 = EDGE_CURVE ( 'NONE', #3600, #6586, #420, .T. ) ;
#6569 = LINE ( 'NONE', #1558, #5699 ) ;
#6570 = PRESENTATION_STYLE_ASSIGNMENT (( #2982 ) ) ;
#6571 = EDGE_LOOP ( 'NONE', ( #1828, #4759, #4219, #3310 ) ) ;
#6572 =( NAMED_UNIT ( * ) SI_UNIT ( $, .STERADIAN. ) SOLID_ANGLE_UNIT ( ) );
#6573 = DIRECTION ( 'NONE',  ( 0.0000000000000000000, -0.1364901473335445314, 0.9906414284093246758 ) ) ;
#6574 = DIRECTION ( 'NONE',  ( -1.000000000000000000, -0.0000000000000000000, -0.0000000000000000000 ) ) ;
#6575 = CARTESIAN_POINT ( 'NONE',  ( 0.8400000000000001910, 1.884378199852105640, 1.024988770922461212 ) ) ;
#6576 = CARTESIAN_POINT ( 'NONE',  ( -1.437499999999999778, 1.012499999999999956, 0.1399999999999999856 ) ) ;
#6577 = ORIENTED_EDGE ( 'NONE', *, *, #5509, .T. ) ;
#6578 = SURFACE_STYLE_USAGE ( .BOTH. , #3903 ) ;
#6579 = VECTOR ( 'NONE', #4089, 1000.000000000000000 ) ;
#6580 = VECTOR ( 'NONE', #3129, 1000.000000000000000 ) ;
#6581 = ORIENTED_EDGE ( 'NONE', *, *, #751, .F. ) ;
#6582 = DIRECTION ( 'NONE',  ( 0.0000000000000000000, 0.9906414284093247868, -0.1364901473335445592 ) ) ;
#6583 = AXIS2_PLACEMENT_3D ( 'NONE', #140, #2134, #6287 ) ;
#6584 = ORIENTED_EDGE ( 'NONE', *, *, #245, .T. ) ;
#6585 = CIRCLE ( 'NONE', #820, 0.1000000000000002554 ) ;
#6586 = VERTEX_POINT ( 'NONE', #1937 ) ;
#6587 = CARTESIAN_POINT ( 'NONE',  ( 2.109999999999999876, -2.408015296927252358, 0.04139560300519878888 ) ) ;
#6588 = VECTOR ( 'NONE', #602, 1000.000000000000000 ) ;
#6589 = FILL_AREA_STYLE_COLOUR ( '', #4190 ) ;
#6590 = CARTESIAN_POINT ( 'NONE',  ( -0.4300000000000000488, 2.421966591676075975, 0.2409084130571637061 ) ) ;
#6591 = DIRECTION ( 'NONE',  ( -1.000000000000000000, 0.0000000000000000000, 0.0000000000000000000 ) ) ;
#6592 = ORIENTED_EDGE ( 'NONE', *, *, #5461, .T. ) ;
#6593 = STYLED_ITEM ( 'NONE', ( #1204 ), #4585 ) ;
#6594 = ADVANCED_FACE ( 'NONE', ( #3945 ), #1435, .F. ) ;
#6595 = EDGE_CURVE ( 'NONE', #2789, #5664, #5355, .T. ) ;
#6596 = CARTESIAN_POINT ( 'NONE',  ( -2.241764626010010364, -1.799301182434473567, 1.512770205782438149 ) ) ;
#6597 = VECTOR ( 'NONE', #2923, 1000.000000000000000 ) ;
#6598 = DIRECTION ( 'NONE',  ( 0.0000000000000000000, -0.0000000000000000000, 1.000000000000000000 ) ) ;
#6599 = ORIENTED_EDGE ( 'NONE', *, *, #4074, .T. ) ;
#6600 = CARTESIAN_POINT ( 'NONE',  ( -2.296565235439750552, 1.884378889230783782, 1.025005614538768484 ) ) ;
#6601 = ORIENTED_EDGE ( 'NONE', *, *, #4156, .F. ) ;
ENDSEC;
END-ISO-10303-21;
